solid 
 facet normal -1.000000e+00  0.000000e+00  0.000000e+00
   outer loop
     vertex  0.000000e+00  6.080000e+01  6.000000e+00
     vertex  0.000000e+00  6.500000e+01  6.000000e+00
     vertex  0.000000e+00  6.500000e+01  0.000000e+00
   endloop
 endfacet
 facet normal -1.000000e+00  0.000000e+00  0.000000e+00
   outer loop
     vertex  0.000000e+00  5.880000e+01  6.000000e+00
     vertex  0.000000e+00  6.080000e+01  6.000000e+00
     vertex  0.000000e+00  6.500000e+01  0.000000e+00
   endloop
 endfacet
 facet normal -1.000000e+00  0.000000e+00  0.000000e+00
   outer loop
     vertex  0.000000e+00  5.460000e+01  6.000000e+00
     vertex  0.000000e+00  5.880000e+01  6.000000e+00
     vertex  0.000000e+00  6.500000e+01  0.000000e+00
   endloop
 endfacet
 facet normal -1.000000e+00  0.000000e+00  0.000000e+00
   outer loop
     vertex  0.000000e+00  5.260000e+01  6.000000e+00
     vertex  0.000000e+00  5.460000e+01  6.000000e+00
     vertex  0.000000e+00  6.500000e+01  0.000000e+00
   endloop
 endfacet
 facet normal -1.000000e+00  0.000000e+00  0.000000e+00
   outer loop
     vertex  0.000000e+00  4.840000e+01  6.000000e+00
     vertex  0.000000e+00  5.260000e+01  6.000000e+00
     vertex  0.000000e+00  6.500000e+01  0.000000e+00
   endloop
 endfacet
 facet normal -1.000000e+00  0.000000e+00  0.000000e+00
   outer loop
     vertex  0.000000e+00  4.640000e+01  6.000000e+00
     vertex  0.000000e+00  4.840000e+01  6.000000e+00
     vertex  0.000000e+00  6.500000e+01  0.000000e+00
   endloop
 endfacet
 facet normal -1.000000e+00  0.000000e+00  0.000000e+00
   outer loop
     vertex  0.000000e+00  4.220000e+01  6.000000e+00
     vertex  0.000000e+00  4.640000e+01  6.000000e+00
     vertex  0.000000e+00  6.500000e+01  0.000000e+00
   endloop
 endfacet
 facet normal -1.000000e+00  0.000000e+00  0.000000e+00
   outer loop
     vertex  0.000000e+00  0.000000e+00  0.000000e+00
     vertex  0.000000e+00  2.160000e+01  6.000000e+00
     vertex  0.000000e+00  2.360000e+01  6.000000e+00
   endloop
 endfacet
 facet normal -1.000000e+00  0.000000e+00  0.000000e+00
   outer loop
     vertex  0.000000e+00  0.000000e+00  0.000000e+00
     vertex  0.000000e+00  1.740000e+01  6.000000e+00
     vertex  0.000000e+00  2.160000e+01  6.000000e+00
   endloop
 endfacet
 facet normal -1.000000e+00  0.000000e+00  0.000000e+00
   outer loop
     vertex  0.000000e+00  0.000000e+00  0.000000e+00
     vertex  0.000000e+00  1.540000e+01  6.000000e+00
     vertex  0.000000e+00  1.740000e+01  6.000000e+00
   endloop
 endfacet
 facet normal -1.000000e+00  0.000000e+00  0.000000e+00
   outer loop
     vertex  0.000000e+00  0.000000e+00  0.000000e+00
     vertex  0.000000e+00  1.120000e+01  6.000000e+00
     vertex  0.000000e+00  1.540000e+01  6.000000e+00
   endloop
 endfacet
 facet normal -1.000000e+00  0.000000e+00  0.000000e+00
   outer loop
     vertex  0.000000e+00  0.000000e+00  0.000000e+00
     vertex  0.000000e+00  9.200000e+00  6.000000e+00
     vertex  0.000000e+00  1.120000e+01  6.000000e+00
   endloop
 endfacet
 facet normal -1.000000e+00  0.000000e+00 -0.000000e+00
   outer loop
     vertex  0.000000e+00  5.000000e+00  6.000000e+00
     vertex  0.000000e+00  9.200000e+00  6.000000e+00
     vertex  0.000000e+00  0.000000e+00  0.000000e+00
   endloop
 endfacet
 facet normal -1.000000e+00  0.000000e+00 -0.000000e+00
   outer loop
     vertex  0.000000e+00  3.000000e+00  6.000000e+00
     vertex  0.000000e+00  5.000000e+00  6.000000e+00
     vertex  0.000000e+00  0.000000e+00  0.000000e+00
   endloop
 endfacet
 facet normal -1.000000e+00  0.000000e+00  0.000000e+00
   outer loop
     vertex  0.000000e+00  0.000000e+00  6.000000e+00
     vertex  0.000000e+00  3.000000e+00  6.000000e+00
     vertex  0.000000e+00  0.000000e+00  0.000000e+00
   endloop
 endfacet
 facet normal -1.000000e+00  0.000000e+00  0.000000e+00
   outer loop
     vertex  0.000000e+00  0.000000e+00  0.000000e+00
     vertex  0.000000e+00  4.220000e+01  6.000000e+00
     vertex  0.000000e+00  6.500000e+01  0.000000e+00
   endloop
 endfacet
 facet normal -1.000000e+00  0.000000e+00  0.000000e+00
   outer loop
     vertex  0.000000e+00  0.000000e+00  0.000000e+00
     vertex  0.000000e+00  4.020000e+01  6.000000e+00
     vertex  0.000000e+00  4.220000e+01  6.000000e+00
   endloop
 endfacet
 facet normal -1.000000e+00  0.000000e+00  0.000000e+00
   outer loop
     vertex  0.000000e+00  0.000000e+00  0.000000e+00
     vertex  0.000000e+00  3.600000e+01  6.000000e+00
     vertex  0.000000e+00  4.020000e+01  6.000000e+00
   endloop
 endfacet
 facet normal -1.000000e+00  0.000000e+00  0.000000e+00
   outer loop
     vertex  0.000000e+00  0.000000e+00  0.000000e+00
     vertex  0.000000e+00  3.400000e+01  6.000000e+00
     vertex  0.000000e+00  3.600000e+01  6.000000e+00
   endloop
 endfacet
 facet normal -1.000000e+00  0.000000e+00  0.000000e+00
   outer loop
     vertex  0.000000e+00  0.000000e+00  0.000000e+00
     vertex  0.000000e+00  2.980000e+01  6.000000e+00
     vertex  0.000000e+00  3.400000e+01  6.000000e+00
   endloop
 endfacet
 facet normal -1.000000e+00  0.000000e+00  0.000000e+00
   outer loop
     vertex  0.000000e+00  0.000000e+00  0.000000e+00
     vertex  0.000000e+00  2.780000e+01  6.000000e+00
     vertex  0.000000e+00  2.980000e+01  6.000000e+00
   endloop
 endfacet
 facet normal -1.000000e+00  0.000000e+00  0.000000e+00
   outer loop
     vertex  0.000000e+00  0.000000e+00  0.000000e+00
     vertex  0.000000e+00  2.360000e+01  6.000000e+00
     vertex  0.000000e+00  2.780000e+01  6.000000e+00
   endloop
 endfacet
 facet normal  0.000000e+00 -1.000000e+00 -0.000000e+00
   outer loop
     vertex  6.500000e+01  0.000000e+00  6.000000e+00
     vertex  0.000000e+00  0.000000e+00  0.000000e+00
     vertex  6.500000e+01  0.000000e+00  0.000000e+00
   endloop
 endfacet
 facet normal -0.000000e+00 -1.000000e+00  0.000000e+00
   outer loop
     vertex  6.500000e+01  0.000000e+00  6.000000e+00
     vertex  0.000000e+00  0.000000e+00  6.000000e+00
     vertex  0.000000e+00  0.000000e+00  0.000000e+00
   endloop
 endfacet
 facet normal  0.000000e+00  0.000000e+00  1.000000e+00
   outer loop
     vertex  6.500000e+01  3.000000e+00  6.000000e+00
     vertex  0.000000e+00  3.000000e+00  6.000000e+00
     vertex  0.000000e+00  0.000000e+00  6.000000e+00
   endloop
 endfacet
 facet normal  0.000000e+00  0.000000e+00  1.000000e+00
   outer loop
     vertex  6.500000e+01  3.000000e+00  6.000000e+00
     vertex  0.000000e+00  0.000000e+00  6.000000e+00
     vertex  6.500000e+01  0.000000e+00  6.000000e+00
   endloop
 endfacet
 facet normal -1.000000e+00  0.000000e+00  0.000000e+00
   outer loop
     vertex  0.000000e+00  3.000000e+00  3.400000e+01
     vertex  0.000000e+00  5.000000e+00  6.000000e+00
     vertex  0.000000e+00  3.000000e+00  6.000000e+00
   endloop
 endfacet
 facet normal -1.000000e+00  0.000000e+00  0.000000e+00
   outer loop
     vertex  0.000000e+00  3.000000e+00  3.400000e+01
     vertex  0.000000e+00  5.000000e+00  3.400000e+01
     vertex  0.000000e+00  5.000000e+00  6.000000e+00
   endloop
 endfacet
 facet normal  0.000000e+00  0.000000e+00  1.000000e+00
   outer loop
     vertex  4.013771e+00  5.054011e+00  6.000000e+00
     vertex  0.000000e+00  5.000000e+00  6.000000e+00
     vertex  4.040408e+00  5.000000e+00  6.000000e+00
   endloop
 endfacet
 facet normal  0.000000e+00  0.000000e+00  1.000000e+00
   outer loop
     vertex  3.988622e+00  5.108731e+00  6.000000e+00
     vertex  0.000000e+00  5.000000e+00  6.000000e+00
     vertex  4.013771e+00  5.054011e+00  6.000000e+00
   endloop
 endfacet
 facet normal  0.000000e+00  0.000000e+00  1.000000e+00
   outer loop
     vertex  3.964981e+00  5.164119e+00  6.000000e+00
     vertex  0.000000e+00  5.000000e+00  6.000000e+00
     vertex  3.988622e+00  5.108731e+00  6.000000e+00
   endloop
 endfacet
 facet normal  0.000000e+00  0.000000e+00  1.000000e+00
   outer loop
     vertex  3.942864e+00  5.220133e+00  6.000000e+00
     vertex  0.000000e+00  5.000000e+00  6.000000e+00
     vertex  3.964981e+00  5.164119e+00  6.000000e+00
   endloop
 endfacet
 facet normal  0.000000e+00  0.000000e+00  1.000000e+00
   outer loop
     vertex  3.922289e+00  5.276732e+00  6.000000e+00
     vertex  0.000000e+00  5.000000e+00  6.000000e+00
     vertex  3.942864e+00  5.220133e+00  6.000000e+00
   endloop
 endfacet
 facet normal  0.000000e+00  0.000000e+00  1.000000e+00
   outer loop
     vertex  3.903271e+00  5.333872e+00  6.000000e+00
     vertex  0.000000e+00  5.000000e+00  6.000000e+00
     vertex  3.922289e+00  5.276732e+00  6.000000e+00
   endloop
 endfacet
 facet normal  0.000000e+00  0.000000e+00  1.000000e+00
   outer loop
     vertex  3.885824e+00  5.391512e+00  6.000000e+00
     vertex  0.000000e+00  5.000000e+00  6.000000e+00
     vertex  3.903271e+00  5.333872e+00  6.000000e+00
   endloop
 endfacet
 facet normal  0.000000e+00  0.000000e+00  1.000000e+00
   outer loop
     vertex  3.869961e+00  5.449607e+00  6.000000e+00
     vertex  0.000000e+00  5.000000e+00  6.000000e+00
     vertex  3.885824e+00  5.391512e+00  6.000000e+00
   endloop
 endfacet
 facet normal  0.000000e+00  0.000000e+00  1.000000e+00
   outer loop
     vertex  3.855694e+00  5.508115e+00  6.000000e+00
     vertex  0.000000e+00  5.000000e+00  6.000000e+00
     vertex  3.869961e+00  5.449607e+00  6.000000e+00
   endloop
 endfacet
 facet normal  0.000000e+00  0.000000e+00  1.000000e+00
   outer loop
     vertex  3.843034e+00  5.566992e+00  6.000000e+00
     vertex  0.000000e+00  5.000000e+00  6.000000e+00
     vertex  3.855694e+00  5.508115e+00  6.000000e+00
   endloop
 endfacet
 facet normal  0.000000e+00  0.000000e+00  1.000000e+00
   outer loop
     vertex  3.831990e+00  5.626193e+00  6.000000e+00
     vertex  0.000000e+00  5.000000e+00  6.000000e+00
     vertex  3.843034e+00  5.566992e+00  6.000000e+00
   endloop
 endfacet
 facet normal  0.000000e+00  0.000000e+00  1.000000e+00
   outer loop
     vertex  3.822570e+00  5.685674e+00  6.000000e+00
     vertex  0.000000e+00  5.000000e+00  6.000000e+00
     vertex  3.831990e+00  5.626193e+00  6.000000e+00
   endloop
 endfacet
 facet normal  0.000000e+00  0.000000e+00  1.000000e+00
   outer loop
     vertex  3.814783e+00  5.745391e+00  6.000000e+00
     vertex  0.000000e+00  5.000000e+00  6.000000e+00
     vertex  3.822570e+00  5.685674e+00  6.000000e+00
   endloop
 endfacet
 facet normal  0.000000e+00  0.000000e+00  1.000000e+00
   outer loop
     vertex  3.808633e+00  5.805298e+00  6.000000e+00
     vertex  0.000000e+00  5.000000e+00  6.000000e+00
     vertex  3.814783e+00  5.745391e+00  6.000000e+00
   endloop
 endfacet
 facet normal  0.000000e+00  0.000000e+00  1.000000e+00
   outer loop
     vertex  3.804124e+00  5.865352e+00  6.000000e+00
     vertex  0.000000e+00  5.000000e+00  6.000000e+00
     vertex  3.808633e+00  5.805298e+00  6.000000e+00
   endloop
 endfacet
 facet normal  0.000000e+00  0.000000e+00  1.000000e+00
   outer loop
     vertex  3.801262e+00  5.925506e+00  6.000000e+00
     vertex  0.000000e+00  5.000000e+00  6.000000e+00
     vertex  3.804124e+00  5.865352e+00  6.000000e+00
   endloop
 endfacet
 facet normal  0.000000e+00  0.000000e+00  1.000000e+00
   outer loop
     vertex  3.800046e+00  5.985716e+00  6.000000e+00
     vertex  0.000000e+00  5.000000e+00  6.000000e+00
     vertex  3.801262e+00  5.925506e+00  6.000000e+00
   endloop
 endfacet
 facet normal  0.000000e+00  0.000000e+00  1.000000e+00
   outer loop
     vertex  3.800480e+00  6.045937e+00  6.000000e+00
     vertex  0.000000e+00  5.000000e+00  6.000000e+00
     vertex  3.800046e+00  5.985716e+00  6.000000e+00
   endloop
 endfacet
 facet normal  0.000000e+00  0.000000e+00  1.000000e+00
   outer loop
     vertex  3.802561e+00  6.106123e+00  6.000000e+00
     vertex  0.000000e+00  5.000000e+00  6.000000e+00
     vertex  3.800480e+00  6.045937e+00  6.000000e+00
   endloop
 endfacet
 facet normal  0.000000e+00  0.000000e+00  1.000000e+00
   outer loop
     vertex  3.806289e+00  6.166230e+00  6.000000e+00
     vertex  0.000000e+00  5.000000e+00  6.000000e+00
     vertex  3.802561e+00  6.106123e+00  6.000000e+00
   endloop
 endfacet
 facet normal  0.000000e+00  0.000000e+00  1.000000e+00
   outer loop
     vertex  3.811661e+00  6.226213e+00  6.000000e+00
     vertex  0.000000e+00  5.000000e+00  6.000000e+00
     vertex  3.806289e+00  6.166230e+00  6.000000e+00
   endloop
 endfacet
 facet normal  0.000000e+00  0.000000e+00  1.000000e+00
   outer loop
     vertex  3.818673e+00  6.286025e+00  6.000000e+00
     vertex  0.000000e+00  5.000000e+00  6.000000e+00
     vertex  3.811661e+00  6.226213e+00  6.000000e+00
   endloop
 endfacet
 facet normal  0.000000e+00  0.000000e+00  1.000000e+00
   outer loop
     vertex  3.827319e+00  6.345624e+00  6.000000e+00
     vertex  0.000000e+00  5.000000e+00  6.000000e+00
     vertex  3.818673e+00  6.286025e+00  6.000000e+00
   endloop
 endfacet
 facet normal  0.000000e+00  0.000000e+00  1.000000e+00
   outer loop
     vertex  3.837593e+00  6.404963e+00  6.000000e+00
     vertex  0.000000e+00  5.000000e+00  6.000000e+00
     vertex  3.827319e+00  6.345624e+00  6.000000e+00
   endloop
 endfacet
 facet normal  0.000000e+00  0.000000e+00  1.000000e+00
   outer loop
     vertex  3.849487e+00  6.463999e+00  6.000000e+00
     vertex  0.000000e+00  5.000000e+00  6.000000e+00
     vertex  3.837593e+00  6.404963e+00  6.000000e+00
   endloop
 endfacet
 facet normal  0.000000e+00  0.000000e+00  1.000000e+00
   outer loop
     vertex  3.862993e+00  6.522688e+00  6.000000e+00
     vertex  0.000000e+00  9.200000e+00  6.000000e+00
     vertex  0.000000e+00  5.000000e+00  6.000000e+00
   endloop
 endfacet
 facet normal  0.000000e+00  0.000000e+00  1.000000e+00
   outer loop
     vertex  3.862993e+00  6.522688e+00  6.000000e+00
     vertex  0.000000e+00  5.000000e+00  6.000000e+00
     vertex  3.849487e+00  6.463999e+00  6.000000e+00
   endloop
 endfacet
 facet normal  0.000000e+00  0.000000e+00  1.000000e+00
   outer loop
     vertex  3.878101e+00  6.580984e+00  6.000000e+00
     vertex  0.000000e+00  9.200000e+00  6.000000e+00
     vertex  3.862993e+00  6.522688e+00  6.000000e+00
   endloop
 endfacet
 facet normal  0.000000e+00  0.000000e+00  1.000000e+00
   outer loop
     vertex  3.894798e+00  6.638846e+00  6.000000e+00
     vertex  0.000000e+00  9.200000e+00  6.000000e+00
     vertex  3.878101e+00  6.580984e+00  6.000000e+00
   endloop
 endfacet
 facet normal  0.000000e+00  0.000000e+00  1.000000e+00
   outer loop
     vertex  3.913073e+00  6.696228e+00  6.000000e+00
     vertex  0.000000e+00  9.200000e+00  6.000000e+00
     vertex  3.894798e+00  6.638846e+00  6.000000e+00
   endloop
 endfacet
 facet normal  0.000000e+00  0.000000e+00  1.000000e+00
   outer loop
     vertex  3.932911e+00  6.753089e+00  6.000000e+00
     vertex  0.000000e+00  9.200000e+00  6.000000e+00
     vertex  3.913073e+00  6.696228e+00  6.000000e+00
   endloop
 endfacet
 facet normal  0.000000e+00  0.000000e+00  1.000000e+00
   outer loop
     vertex  3.954299e+00  6.809386e+00  6.000000e+00
     vertex  0.000000e+00  9.200000e+00  6.000000e+00
     vertex  3.932911e+00  6.753089e+00  6.000000e+00
   endloop
 endfacet
 facet normal  0.000000e+00  0.000000e+00  1.000000e+00
   outer loop
     vertex  3.977219e+00  6.865076e+00  6.000000e+00
     vertex  0.000000e+00  9.200000e+00  6.000000e+00
     vertex  3.954299e+00  6.809386e+00  6.000000e+00
   endloop
 endfacet
 facet normal  0.000000e+00  0.000000e+00  1.000000e+00
   outer loop
     vertex  4.001655e+00  6.920118e+00  6.000000e+00
     vertex  0.000000e+00  9.200000e+00  6.000000e+00
     vertex  3.977219e+00  6.865076e+00  6.000000e+00
   endloop
 endfacet
 facet normal  0.000000e+00  0.000000e+00  1.000000e+00
   outer loop
     vertex  4.027588e+00  6.974470e+00  6.000000e+00
     vertex  0.000000e+00  9.200000e+00  6.000000e+00
     vertex  4.001655e+00  6.920118e+00  6.000000e+00
   endloop
 endfacet
 facet normal  0.000000e+00  0.000000e+00  1.000000e+00
   outer loop
     vertex  4.055000e+00  7.028093e+00  6.000000e+00
     vertex  0.000000e+00  9.200000e+00  6.000000e+00
     vertex  4.027588e+00  6.974470e+00  6.000000e+00
   endloop
 endfacet
 facet normal  0.000000e+00  0.000000e+00  1.000000e+00
   outer loop
     vertex  4.083869e+00  7.080944e+00  6.000000e+00
     vertex  0.000000e+00  9.200000e+00  6.000000e+00
     vertex  4.055000e+00  7.028093e+00  6.000000e+00
   endloop
 endfacet
 facet normal  0.000000e+00  0.000000e+00  1.000000e+00
   outer loop
     vertex  4.114173e+00  7.132986e+00  6.000000e+00
     vertex  0.000000e+00  9.200000e+00  6.000000e+00
     vertex  4.083869e+00  7.080944e+00  6.000000e+00
   endloop
 endfacet
 facet normal  0.000000e+00  0.000000e+00  1.000000e+00
   outer loop
     vertex  4.145891e+00  7.184179e+00  6.000000e+00
     vertex  0.000000e+00  9.200000e+00  6.000000e+00
     vertex  4.114173e+00  7.132986e+00  6.000000e+00
   endloop
 endfacet
 facet normal  0.000000e+00  0.000000e+00  1.000000e+00
   outer loop
     vertex  4.178998e+00  7.234485e+00  6.000000e+00
     vertex  0.000000e+00  9.200000e+00  6.000000e+00
     vertex  4.145891e+00  7.184179e+00  6.000000e+00
   endloop
 endfacet
 facet normal  0.000000e+00  0.000000e+00  1.000000e+00
   outer loop
     vertex  4.213470e+00  7.283865e+00  6.000000e+00
     vertex  0.000000e+00  9.200000e+00  6.000000e+00
     vertex  4.178998e+00  7.234485e+00  6.000000e+00
   endloop
 endfacet
 facet normal  0.000000e+00  0.000000e+00  1.000000e+00
   outer loop
     vertex  4.249280e+00  7.332284e+00  6.000000e+00
     vertex  0.000000e+00  9.200000e+00  6.000000e+00
     vertex  4.213470e+00  7.283865e+00  6.000000e+00
   endloop
 endfacet
 facet normal  0.000000e+00  0.000000e+00  1.000000e+00
   outer loop
     vertex  4.286402e+00  7.379704e+00  6.000000e+00
     vertex  0.000000e+00  9.200000e+00  6.000000e+00
     vertex  4.249280e+00  7.332284e+00  6.000000e+00
   endloop
 endfacet
 facet normal  0.000000e+00  0.000000e+00  1.000000e+00
   outer loop
     vertex  4.324809e+00  7.426090e+00  6.000000e+00
     vertex  0.000000e+00  9.200000e+00  6.000000e+00
     vertex  4.286402e+00  7.379704e+00  6.000000e+00
   endloop
 endfacet
 facet normal  0.000000e+00  0.000000e+00  1.000000e+00
   outer loop
     vertex  4.364470e+00  7.471408e+00  6.000000e+00
     vertex  0.000000e+00  9.200000e+00  6.000000e+00
     vertex  4.324809e+00  7.426090e+00  6.000000e+00
   endloop
 endfacet
 facet normal  0.000000e+00  0.000000e+00  1.000000e+00
   outer loop
     vertex  4.405357e+00  7.515623e+00  6.000000e+00
     vertex  0.000000e+00  9.200000e+00  6.000000e+00
     vertex  4.364470e+00  7.471408e+00  6.000000e+00
   endloop
 endfacet
 facet normal  0.000000e+00  0.000000e+00  1.000000e+00
   outer loop
     vertex  4.447439e+00  7.558703e+00  6.000000e+00
     vertex  0.000000e+00  9.200000e+00  6.000000e+00
     vertex  4.405357e+00  7.515623e+00  6.000000e+00
   endloop
 endfacet
 facet normal  0.000000e+00  0.000000e+00  1.000000e+00
   outer loop
     vertex  4.490684e+00  7.600614e+00  6.000000e+00
     vertex  0.000000e+00  9.200000e+00  6.000000e+00
     vertex  4.447439e+00  7.558703e+00  6.000000e+00
   endloop
 endfacet
 facet normal  0.000000e+00  0.000000e+00  1.000000e+00
   outer loop
     vertex  4.535061e+00  7.641327e+00  6.000000e+00
     vertex  0.000000e+00  9.200000e+00  6.000000e+00
     vertex  4.490684e+00  7.600614e+00  6.000000e+00
   endloop
 endfacet
 facet normal  0.000000e+00  0.000000e+00  1.000000e+00
   outer loop
     vertex  4.580535e+00  7.680809e+00  6.000000e+00
     vertex  0.000000e+00  9.200000e+00  6.000000e+00
     vertex  4.535061e+00  7.641327e+00  6.000000e+00
   endloop
 endfacet
 facet normal  0.000000e+00  0.000000e+00  1.000000e+00
   outer loop
     vertex  4.627072e+00  7.719032e+00  6.000000e+00
     vertex  0.000000e+00  9.200000e+00  6.000000e+00
     vertex  4.580535e+00  7.680809e+00  6.000000e+00
   endloop
 endfacet
 facet normal  0.000000e+00  0.000000e+00  1.000000e+00
   outer loop
     vertex  4.674639e+00  7.755966e+00  6.000000e+00
     vertex  0.000000e+00  9.200000e+00  6.000000e+00
     vertex  4.627072e+00  7.719032e+00  6.000000e+00
   endloop
 endfacet
 facet normal  0.000000e+00  0.000000e+00  1.000000e+00
   outer loop
     vertex  4.723198e+00  7.791585e+00  6.000000e+00
     vertex  0.000000e+00  9.200000e+00  6.000000e+00
     vertex  4.674639e+00  7.755966e+00  6.000000e+00
   endloop
 endfacet
 facet normal  0.000000e+00  0.000000e+00  1.000000e+00
   outer loop
     vertex  4.772715e+00  7.825862e+00  6.000000e+00
     vertex  0.000000e+00  9.200000e+00  6.000000e+00
     vertex  4.723198e+00  7.791585e+00  6.000000e+00
   endloop
 endfacet
 facet normal  0.000000e+00  0.000000e+00  1.000000e+00
   outer loop
     vertex  4.823150e+00  7.858770e+00  6.000000e+00
     vertex  0.000000e+00  9.200000e+00  6.000000e+00
     vertex  4.772715e+00  7.825862e+00  6.000000e+00
   endloop
 endfacet
 facet normal  0.000000e+00  0.000000e+00  1.000000e+00
   outer loop
     vertex  4.874468e+00  7.890285e+00  6.000000e+00
     vertex  0.000000e+00  9.200000e+00  6.000000e+00
     vertex  4.823150e+00  7.858770e+00  6.000000e+00
   endloop
 endfacet
 facet normal  0.000000e+00  0.000000e+00  1.000000e+00
   outer loop
     vertex  4.926629e+00  7.920384e+00  6.000000e+00
     vertex  0.000000e+00  9.200000e+00  6.000000e+00
     vertex  4.874468e+00  7.890285e+00  6.000000e+00
   endloop
 endfacet
 facet normal  0.000000e+00  0.000000e+00  1.000000e+00
   outer loop
     vertex  4.979595e+00  7.949044e+00  6.000000e+00
     vertex  0.000000e+00  9.200000e+00  6.000000e+00
     vertex  4.926629e+00  7.920384e+00  6.000000e+00
   endloop
 endfacet
 facet normal  0.000000e+00  0.000000e+00  1.000000e+00
   outer loop
     vertex  5.033325e+00  7.976244e+00  6.000000e+00
     vertex  0.000000e+00  9.200000e+00  6.000000e+00
     vertex  4.979595e+00  7.949044e+00  6.000000e+00
   endloop
 endfacet
 facet normal  0.000000e+00  0.000000e+00  1.000000e+00
   outer loop
     vertex  5.087779e+00  8.001962e+00  6.000000e+00
     vertex  0.000000e+00  9.200000e+00  6.000000e+00
     vertex  5.033325e+00  7.976244e+00  6.000000e+00
   endloop
 endfacet
 facet normal  0.000000e+00  0.000000e+00  1.000000e+00
   outer loop
     vertex  5.142917e+00  8.026181e+00  6.000000e+00
     vertex  0.000000e+00  9.200000e+00  6.000000e+00
     vertex  5.087779e+00  8.001962e+00  6.000000e+00
   endloop
 endfacet
 facet normal  0.000000e+00  0.000000e+00  1.000000e+00
   outer loop
     vertex  5.198697e+00  8.048881e+00  6.000000e+00
     vertex  0.000000e+00  9.200000e+00  6.000000e+00
     vertex  5.142917e+00  8.026181e+00  6.000000e+00
   endloop
 endfacet
 facet normal  0.000000e+00  0.000000e+00  1.000000e+00
   outer loop
     vertex  5.255078e+00  8.070046e+00  6.000000e+00
     vertex  0.000000e+00  9.200000e+00  6.000000e+00
     vertex  5.198697e+00  8.048881e+00  6.000000e+00
   endloop
 endfacet
 facet normal  0.000000e+00  0.000000e+00  1.000000e+00
   outer loop
     vertex  5.312017e+00  8.089660e+00  6.000000e+00
     vertex  0.000000e+00  9.200000e+00  6.000000e+00
     vertex  5.255078e+00  8.070046e+00  6.000000e+00
   endloop
 endfacet
 facet normal  0.000000e+00  0.000000e+00  1.000000e+00
   outer loop
     vertex  5.369471e+00  8.107708e+00  6.000000e+00
     vertex  0.000000e+00  9.200000e+00  6.000000e+00
     vertex  5.312017e+00  8.089660e+00  6.000000e+00
   endloop
 endfacet
 facet normal  0.000000e+00  0.000000e+00  1.000000e+00
   outer loop
     vertex  5.427398e+00  8.124177e+00  6.000000e+00
     vertex  0.000000e+00  9.200000e+00  6.000000e+00
     vertex  5.369471e+00  8.107708e+00  6.000000e+00
   endloop
 endfacet
 facet normal  0.000000e+00  0.000000e+00  1.000000e+00
   outer loop
     vertex  5.485754e+00  8.139054e+00  6.000000e+00
     vertex  0.000000e+00  9.200000e+00  6.000000e+00
     vertex  5.427398e+00  8.124177e+00  6.000000e+00
   endloop
 endfacet
 facet normal  0.000000e+00  0.000000e+00  1.000000e+00
   outer loop
     vertex  5.544495e+00  8.152328e+00  6.000000e+00
     vertex  0.000000e+00  9.200000e+00  6.000000e+00
     vertex  5.485754e+00  8.139054e+00  6.000000e+00
   endloop
 endfacet
 facet normal  0.000000e+00  0.000000e+00  1.000000e+00
   outer loop
     vertex  5.603578e+00  8.163989e+00  6.000000e+00
     vertex  0.000000e+00  9.200000e+00  6.000000e+00
     vertex  5.544495e+00  8.152328e+00  6.000000e+00
   endloop
 endfacet
 facet normal  0.000000e+00  0.000000e+00  1.000000e+00
   outer loop
     vertex  5.662957e+00  8.174029e+00  6.000000e+00
     vertex  0.000000e+00  9.200000e+00  6.000000e+00
     vertex  5.603578e+00  8.163989e+00  6.000000e+00
   endloop
 endfacet
 facet normal  0.000000e+00  0.000000e+00  1.000000e+00
   outer loop
     vertex  5.722589e+00  8.182440e+00  6.000000e+00
     vertex  0.000000e+00  9.200000e+00  6.000000e+00
     vertex  5.662957e+00  8.174029e+00  6.000000e+00
   endloop
 endfacet
 facet normal  0.000000e+00  0.000000e+00  1.000000e+00
   outer loop
     vertex  5.782429e+00  8.189215e+00  6.000000e+00
     vertex  0.000000e+00  9.200000e+00  6.000000e+00
     vertex  5.722589e+00  8.182440e+00  6.000000e+00
   endloop
 endfacet
 facet normal  0.000000e+00  0.000000e+00  1.000000e+00
   outer loop
     vertex  5.842432e+00  8.194350e+00  6.000000e+00
     vertex  0.000000e+00  9.200000e+00  6.000000e+00
     vertex  5.782429e+00  8.189215e+00  6.000000e+00
   endloop
 endfacet
 facet normal  0.000000e+00  0.000000e+00  1.000000e+00
   outer loop
     vertex  5.902554e+00  8.197841e+00  6.000000e+00
     vertex  0.000000e+00  9.200000e+00  6.000000e+00
     vertex  5.842432e+00  8.194350e+00  6.000000e+00
   endloop
 endfacet
 facet normal  0.000000e+00  0.000000e+00  1.000000e+00
   outer loop
     vertex  5.962748e+00  8.199685e+00  6.000000e+00
     vertex  0.000000e+00  9.200000e+00  6.000000e+00
     vertex  5.902554e+00  8.197841e+00  6.000000e+00
   endloop
 endfacet
 facet normal  0.000000e+00  0.000000e+00  1.000000e+00
   outer loop
     vertex  6.022970e+00  8.199880e+00  6.000000e+00
     vertex  0.000000e+00  9.200000e+00  6.000000e+00
     vertex  5.962748e+00  8.199685e+00  6.000000e+00
   endloop
 endfacet
 facet normal  0.000000e+00  0.000000e+00  1.000000e+00
   outer loop
     vertex  6.083175e+00  8.198427e+00  6.000000e+00
     vertex  0.000000e+00  9.200000e+00  6.000000e+00
     vertex  6.022970e+00  8.199880e+00  6.000000e+00
   endloop
 endfacet
 facet normal  0.000000e+00  0.000000e+00  1.000000e+00
   outer loop
     vertex  6.143317e+00  8.195327e+00  6.000000e+00
     vertex  0.000000e+00  9.200000e+00  6.000000e+00
     vertex  6.083175e+00  8.198427e+00  6.000000e+00
   endloop
 endfacet
 facet normal  0.000000e+00  0.000000e+00  1.000000e+00
   outer loop
     vertex  5.704041e+01  5.000000e+00  6.000000e+00
     vertex  7.985130e+00  5.051708e+00  6.000000e+00
     vertex  7.959592e+00  5.000000e+00  6.000000e+00
   endloop
 endfacet
 facet normal  0.000000e+00  0.000000e+00  1.000000e+00
   outer loop
     vertex  5.701377e+01  5.054011e+00  6.000000e+00
     vertex  8.009304e+00  5.104067e+00  6.000000e+00
     vertex  7.985130e+00  5.051708e+00  6.000000e+00
   endloop
 endfacet
 facet normal  0.000000e+00  0.000000e+00  1.000000e+00
   outer loop
     vertex  5.701377e+01  5.054011e+00  6.000000e+00
     vertex  7.985130e+00  5.051708e+00  6.000000e+00
     vertex  5.704041e+01  5.000000e+00  6.000000e+00
   endloop
 endfacet
 facet normal  0.000000e+00  0.000000e+00  1.000000e+00
   outer loop
     vertex  5.698862e+01  5.108731e+00  6.000000e+00
     vertex  8.009304e+00  5.104067e+00  6.000000e+00
     vertex  5.701377e+01  5.054011e+00  6.000000e+00
   endloop
 endfacet
 facet normal  0.000000e+00  0.000000e+00  1.000000e+00
   outer loop
     vertex  5.698862e+01  5.108731e+00  6.000000e+00
     vertex  8.032098e+00  5.157041e+00  6.000000e+00
     vertex  8.009304e+00  5.104067e+00  6.000000e+00
   endloop
 endfacet
 facet normal  0.000000e+00  0.000000e+00  1.000000e+00
   outer loop
     vertex  5.696498e+01  5.164119e+00  6.000000e+00
     vertex  8.032098e+00  5.157041e+00  6.000000e+00
     vertex  5.698862e+01  5.108731e+00  6.000000e+00
   endloop
 endfacet
 facet normal  0.000000e+00  0.000000e+00  1.000000e+00
   outer loop
     vertex  5.696498e+01  5.164119e+00  6.000000e+00
     vertex  8.053495e+00  5.210595e+00  6.000000e+00
     vertex  8.032098e+00  5.157041e+00  6.000000e+00
   endloop
 endfacet
 facet normal  0.000000e+00  0.000000e+00  1.000000e+00
   outer loop
     vertex  5.694286e+01  5.220133e+00  6.000000e+00
     vertex  8.053495e+00  5.210595e+00  6.000000e+00
     vertex  5.696498e+01  5.164119e+00  6.000000e+00
   endloop
 endfacet
 facet normal  0.000000e+00  0.000000e+00  1.000000e+00
   outer loop
     vertex  5.694286e+01  5.220133e+00  6.000000e+00
     vertex  8.073481e+00  5.264692e+00  6.000000e+00
     vertex  8.053495e+00  5.210595e+00  6.000000e+00
   endloop
 endfacet
 facet normal  0.000000e+00  0.000000e+00  1.000000e+00
   outer loop
     vertex  5.692229e+01  5.276732e+00  6.000000e+00
     vertex  8.092042e+00  5.319294e+00  6.000000e+00
     vertex  8.073481e+00  5.264692e+00  6.000000e+00
   endloop
 endfacet
 facet normal  0.000000e+00  0.000000e+00  1.000000e+00
   outer loop
     vertex  5.692229e+01  5.276732e+00  6.000000e+00
     vertex  8.073481e+00  5.264692e+00  6.000000e+00
     vertex  5.694286e+01  5.220133e+00  6.000000e+00
   endloop
 endfacet
 facet normal  0.000000e+00  0.000000e+00  1.000000e+00
   outer loop
     vertex  5.690327e+01  5.333872e+00  6.000000e+00
     vertex  8.092042e+00  5.319294e+00  6.000000e+00
     vertex  5.692229e+01  5.276732e+00  6.000000e+00
   endloop
 endfacet
 facet normal  0.000000e+00  0.000000e+00  1.000000e+00
   outer loop
     vertex  5.690327e+01  5.333872e+00  6.000000e+00
     vertex  8.109165e+00  5.374363e+00  6.000000e+00
     vertex  8.092042e+00  5.319294e+00  6.000000e+00
   endloop
 endfacet
 facet normal  0.000000e+00  0.000000e+00  1.000000e+00
   outer loop
     vertex  5.688582e+01  5.391512e+00  6.000000e+00
     vertex  8.109165e+00  5.374363e+00  6.000000e+00
     vertex  5.690327e+01  5.333872e+00  6.000000e+00
   endloop
 endfacet
 facet normal  0.000000e+00  0.000000e+00  1.000000e+00
   outer loop
     vertex  5.688582e+01  5.391512e+00  6.000000e+00
     vertex  8.124840e+00  5.429863e+00  6.000000e+00
     vertex  8.109165e+00  5.374363e+00  6.000000e+00
   endloop
 endfacet
 facet normal  0.000000e+00  0.000000e+00  1.000000e+00
   outer loop
     vertex  5.686996e+01  5.449607e+00  6.000000e+00
     vertex  8.124840e+00  5.429863e+00  6.000000e+00
     vertex  5.688582e+01  5.391512e+00  6.000000e+00
   endloop
 endfacet
 facet normal  0.000000e+00  0.000000e+00  1.000000e+00
   outer loop
     vertex  5.686996e+01  5.449607e+00  6.000000e+00
     vertex  8.139054e+00  5.485754e+00  6.000000e+00
     vertex  8.124840e+00  5.429863e+00  6.000000e+00
   endloop
 endfacet
 facet normal  0.000000e+00  0.000000e+00  1.000000e+00
   outer loop
     vertex  5.685569e+01  5.508115e+00  6.000000e+00
     vertex  8.151798e+00  5.541999e+00  6.000000e+00
     vertex  8.139054e+00  5.485754e+00  6.000000e+00
   endloop
 endfacet
 facet normal  0.000000e+00  0.000000e+00  1.000000e+00
   outer loop
     vertex  5.685569e+01  5.508115e+00  6.000000e+00
     vertex  8.139054e+00  5.485754e+00  6.000000e+00
     vertex  5.686996e+01  5.449607e+00  6.000000e+00
   endloop
 endfacet
 facet normal  0.000000e+00  0.000000e+00  1.000000e+00
   outer loop
     vertex  5.684303e+01  5.566992e+00  6.000000e+00
     vertex  8.151798e+00  5.541999e+00  6.000000e+00
     vertex  5.685569e+01  5.508115e+00  6.000000e+00
   endloop
 endfacet
 facet normal  0.000000e+00  0.000000e+00  1.000000e+00
   outer loop
     vertex  5.684303e+01  5.566992e+00  6.000000e+00
     vertex  8.163064e+00  5.598558e+00  6.000000e+00
     vertex  8.151798e+00  5.541999e+00  6.000000e+00
   endloop
 endfacet
 facet normal  0.000000e+00  0.000000e+00  1.000000e+00
   outer loop
     vertex  5.683199e+01  5.626193e+00  6.000000e+00
     vertex  8.163064e+00  5.598558e+00  6.000000e+00
     vertex  5.684303e+01  5.566992e+00  6.000000e+00
   endloop
 endfacet
 facet normal  0.000000e+00  0.000000e+00  1.000000e+00
   outer loop
     vertex  5.683199e+01  5.626193e+00  6.000000e+00
     vertex  8.172843e+00  5.655393e+00  6.000000e+00
     vertex  8.163064e+00  5.598558e+00  6.000000e+00
   endloop
 endfacet
 facet normal  0.000000e+00  0.000000e+00  1.000000e+00
   outer loop
     vertex  5.682257e+01  5.685674e+00  6.000000e+00
     vertex  8.172843e+00  5.655393e+00  6.000000e+00
     vertex  5.683199e+01  5.626193e+00  6.000000e+00
   endloop
 endfacet
 facet normal  0.000000e+00  0.000000e+00  1.000000e+00
   outer loop
     vertex  5.682257e+01  5.685674e+00  6.000000e+00
     vertex  8.181129e+00  5.712465e+00  6.000000e+00
     vertex  8.172843e+00  5.655393e+00  6.000000e+00
   endloop
 endfacet
 facet normal  0.000000e+00  0.000000e+00  1.000000e+00
   outer loop
     vertex  5.681478e+01  5.745391e+00  6.000000e+00
     vertex  8.187916e+00  5.769735e+00  6.000000e+00
     vertex  8.181129e+00  5.712465e+00  6.000000e+00
   endloop
 endfacet
 facet normal  0.000000e+00  0.000000e+00  1.000000e+00
   outer loop
     vertex  5.681478e+01  5.745391e+00  6.000000e+00
     vertex  8.181129e+00  5.712465e+00  6.000000e+00
     vertex  5.682257e+01  5.685674e+00  6.000000e+00
   endloop
 endfacet
 facet normal  0.000000e+00  0.000000e+00  1.000000e+00
   outer loop
     vertex  5.680863e+01  5.805298e+00  6.000000e+00
     vertex  8.187916e+00  5.769735e+00  6.000000e+00
     vertex  5.681478e+01  5.745391e+00  6.000000e+00
   endloop
 endfacet
 facet normal  0.000000e+00  0.000000e+00  1.000000e+00
   outer loop
     vertex  5.680863e+01  5.805298e+00  6.000000e+00
     vertex  8.193200e+00  5.827162e+00  6.000000e+00
     vertex  8.187916e+00  5.769735e+00  6.000000e+00
   endloop
 endfacet
 facet normal  0.000000e+00  0.000000e+00  1.000000e+00
   outer loop
     vertex  5.680412e+01  5.865352e+00  6.000000e+00
     vertex  8.193200e+00  5.827162e+00  6.000000e+00
     vertex  5.680863e+01  5.805298e+00  6.000000e+00
   endloop
 endfacet
 facet normal  0.000000e+00  0.000000e+00  1.000000e+00
   outer loop
     vertex  5.680412e+01  5.865352e+00  6.000000e+00
     vertex  8.196977e+00  5.884709e+00  6.000000e+00
     vertex  8.193200e+00  5.827162e+00  6.000000e+00
   endloop
 endfacet
 facet normal  0.000000e+00  0.000000e+00  1.000000e+00
   outer loop
     vertex  5.680126e+01  5.925506e+00  6.000000e+00
     vertex  8.196977e+00  5.884709e+00  6.000000e+00
     vertex  5.680412e+01  5.865352e+00  6.000000e+00
   endloop
 endfacet
 facet normal  0.000000e+00  0.000000e+00  1.000000e+00
   outer loop
     vertex  5.680126e+01  5.925506e+00  6.000000e+00
     vertex  8.199244e+00  5.942335e+00  6.000000e+00
     vertex  8.196977e+00  5.884709e+00  6.000000e+00
   endloop
 endfacet
 facet normal  0.000000e+00  0.000000e+00  1.000000e+00
   outer loop
     vertex  5.680005e+01  5.985716e+00  6.000000e+00
     vertex  8.199244e+00  5.942335e+00  6.000000e+00
     vertex  5.680126e+01  5.925506e+00  6.000000e+00
   endloop
 endfacet
 facet normal  0.000000e+00  0.000000e+00  1.000000e+00
   outer loop
     vertex  5.680005e+01  5.985716e+00  6.000000e+00
     vertex  8.200000e+00  6.000000e+00  6.000000e+00
     vertex  8.199244e+00  5.942335e+00  6.000000e+00
   endloop
 endfacet
 facet normal  0.000000e+00  0.000000e+00  1.000000e+00
   outer loop
     vertex  5.680048e+01  6.045937e+00  6.000000e+00
     vertex  8.199176e+00  6.060217e+00  6.000000e+00
     vertex  8.200000e+00  6.000000e+00  6.000000e+00
   endloop
 endfacet
 facet normal  0.000000e+00  0.000000e+00  1.000000e+00
   outer loop
     vertex  5.680048e+01  6.045937e+00  6.000000e+00
     vertex  8.200000e+00  6.000000e+00  6.000000e+00
     vertex  5.680005e+01  5.985716e+00  6.000000e+00
   endloop
 endfacet
 facet normal  0.000000e+00  0.000000e+00  1.000000e+00
   outer loop
     vertex  5.680256e+01  6.106123e+00  6.000000e+00
     vertex  8.196704e+00  6.120388e+00  6.000000e+00
     vertex  8.199176e+00  6.060217e+00  6.000000e+00
   endloop
 endfacet
 facet normal  0.000000e+00  0.000000e+00  1.000000e+00
   outer loop
     vertex  5.680256e+01  6.106123e+00  6.000000e+00
     vertex  8.199176e+00  6.060217e+00  6.000000e+00
     vertex  5.680048e+01  6.045937e+00  6.000000e+00
   endloop
 endfacet
 facet normal  0.000000e+00  0.000000e+00  1.000000e+00
   outer loop
     vertex  5.680629e+01  6.166230e+00  6.000000e+00
     vertex  8.192585e+00  6.180470e+00  6.000000e+00
     vertex  8.196704e+00  6.120388e+00  6.000000e+00
   endloop
 endfacet
 facet normal  0.000000e+00  0.000000e+00  1.000000e+00
   outer loop
     vertex  5.680629e+01  6.166230e+00  6.000000e+00
     vertex  8.196704e+00  6.120388e+00  6.000000e+00
     vertex  5.680256e+01  6.106123e+00  6.000000e+00
   endloop
 endfacet
 facet normal  0.000000e+00  0.000000e+00  1.000000e+00
   outer loop
     vertex  5.681166e+01  6.226213e+00  6.000000e+00
     vertex  8.186824e+00  6.240416e+00  6.000000e+00
     vertex  8.192585e+00  6.180470e+00  6.000000e+00
   endloop
 endfacet
 facet normal  0.000000e+00  0.000000e+00  1.000000e+00
   outer loop
     vertex  5.681166e+01  6.226213e+00  6.000000e+00
     vertex  8.192585e+00  6.180470e+00  6.000000e+00
     vertex  5.680629e+01  6.166230e+00  6.000000e+00
   endloop
 endfacet
 facet normal  0.000000e+00  0.000000e+00  1.000000e+00
   outer loop
     vertex  5.681867e+01  6.286025e+00  6.000000e+00
     vertex  8.179424e+00  6.300182e+00  6.000000e+00
     vertex  8.186824e+00  6.240416e+00  6.000000e+00
   endloop
 endfacet
 facet normal  0.000000e+00  0.000000e+00  1.000000e+00
   outer loop
     vertex  5.681867e+01  6.286025e+00  6.000000e+00
     vertex  8.186824e+00  6.240416e+00  6.000000e+00
     vertex  5.681166e+01  6.226213e+00  6.000000e+00
   endloop
 endfacet
 facet normal  0.000000e+00  0.000000e+00  1.000000e+00
   outer loop
     vertex  5.682732e+01  6.345624e+00  6.000000e+00
     vertex  8.170392e+00  6.359723e+00  6.000000e+00
     vertex  8.179424e+00  6.300182e+00  6.000000e+00
   endloop
 endfacet
 facet normal  0.000000e+00  0.000000e+00  1.000000e+00
   outer loop
     vertex  5.682732e+01  6.345624e+00  6.000000e+00
     vertex  8.179424e+00  6.300182e+00  6.000000e+00
     vertex  5.681867e+01  6.286025e+00  6.000000e+00
   endloop
 endfacet
 facet normal  0.000000e+00  0.000000e+00  1.000000e+00
   outer loop
     vertex  5.683759e+01  6.404963e+00  6.000000e+00
     vertex  8.159732e+00  6.418994e+00  6.000000e+00
     vertex  8.170392e+00  6.359723e+00  6.000000e+00
   endloop
 endfacet
 facet normal  0.000000e+00  0.000000e+00  1.000000e+00
   outer loop
     vertex  5.683759e+01  6.404963e+00  6.000000e+00
     vertex  8.170392e+00  6.359723e+00  6.000000e+00
     vertex  5.682732e+01  6.345624e+00  6.000000e+00
   endloop
 endfacet
 facet normal  0.000000e+00  0.000000e+00  1.000000e+00
   outer loop
     vertex  5.684949e+01  6.463999e+00  6.000000e+00
     vertex  8.147455e+00  6.477952e+00  6.000000e+00
     vertex  8.159732e+00  6.418994e+00  6.000000e+00
   endloop
 endfacet
 facet normal  0.000000e+00  0.000000e+00  1.000000e+00
   outer loop
     vertex  5.684949e+01  6.463999e+00  6.000000e+00
     vertex  8.159732e+00  6.418994e+00  6.000000e+00
     vertex  5.683759e+01  6.404963e+00  6.000000e+00
   endloop
 endfacet
 facet normal  0.000000e+00  0.000000e+00  1.000000e+00
   outer loop
     vertex  5.686299e+01  6.522688e+00  6.000000e+00
     vertex  8.133568e+00  6.536551e+00  6.000000e+00
     vertex  8.147455e+00  6.477952e+00  6.000000e+00
   endloop
 endfacet
 facet normal  0.000000e+00  0.000000e+00  1.000000e+00
   outer loop
     vertex  5.686299e+01  6.522688e+00  6.000000e+00
     vertex  8.147455e+00  6.477952e+00  6.000000e+00
     vertex  5.684949e+01  6.463999e+00  6.000000e+00
   endloop
 endfacet
 facet normal  0.000000e+00  0.000000e+00  1.000000e+00
   outer loop
     vertex  5.687810e+01  6.580984e+00  6.000000e+00
     vertex  8.118083e+00  6.594749e+00  6.000000e+00
     vertex  8.133568e+00  6.536551e+00  6.000000e+00
   endloop
 endfacet
 facet normal  0.000000e+00  0.000000e+00  1.000000e+00
   outer loop
     vertex  5.687810e+01  6.580984e+00  6.000000e+00
     vertex  8.133568e+00  6.536551e+00  6.000000e+00
     vertex  5.686299e+01  6.522688e+00  6.000000e+00
   endloop
 endfacet
 facet normal  0.000000e+00  0.000000e+00  1.000000e+00
   outer loop
     vertex  5.689480e+01  6.638846e+00  6.000000e+00
     vertex  8.101010e+00  6.652501e+00  6.000000e+00
     vertex  8.118083e+00  6.594749e+00  6.000000e+00
   endloop
 endfacet
 facet normal  0.000000e+00  0.000000e+00  1.000000e+00
   outer loop
     vertex  5.689480e+01  6.638846e+00  6.000000e+00
     vertex  8.118083e+00  6.594749e+00  6.000000e+00
     vertex  5.687810e+01  6.580984e+00  6.000000e+00
   endloop
 endfacet
 facet normal  0.000000e+00  0.000000e+00  1.000000e+00
   outer loop
     vertex  5.691307e+01  6.696228e+00  6.000000e+00
     vertex  8.082363e+00  6.709763e+00  6.000000e+00
     vertex  8.101010e+00  6.652501e+00  6.000000e+00
   endloop
 endfacet
 facet normal  0.000000e+00  0.000000e+00  1.000000e+00
   outer loop
     vertex  5.691307e+01  6.696228e+00  6.000000e+00
     vertex  8.101010e+00  6.652501e+00  6.000000e+00
     vertex  5.689480e+01  6.638846e+00  6.000000e+00
   endloop
 endfacet
 facet normal  0.000000e+00  0.000000e+00  1.000000e+00
   outer loop
     vertex  5.693291e+01  6.753089e+00  6.000000e+00
     vertex  8.062156e+00  6.766494e+00  6.000000e+00
     vertex  8.082363e+00  6.709763e+00  6.000000e+00
   endloop
 endfacet
 facet normal  0.000000e+00  0.000000e+00  1.000000e+00
   outer loop
     vertex  5.693291e+01  6.753089e+00  6.000000e+00
     vertex  8.082363e+00  6.709763e+00  6.000000e+00
     vertex  5.691307e+01  6.696228e+00  6.000000e+00
   endloop
 endfacet
 facet normal  0.000000e+00  0.000000e+00  1.000000e+00
   outer loop
     vertex  5.695430e+01  6.809386e+00  6.000000e+00
     vertex  8.040403e+00  6.822651e+00  6.000000e+00
     vertex  8.062156e+00  6.766494e+00  6.000000e+00
   endloop
 endfacet
 facet normal  0.000000e+00  0.000000e+00  1.000000e+00
   outer loop
     vertex  5.695430e+01  6.809386e+00  6.000000e+00
     vertex  8.062156e+00  6.766494e+00  6.000000e+00
     vertex  5.693291e+01  6.753089e+00  6.000000e+00
   endloop
 endfacet
 facet normal  0.000000e+00  0.000000e+00  1.000000e+00
   outer loop
     vertex  5.697722e+01  6.865076e+00  6.000000e+00
     vertex  8.040403e+00  6.822651e+00  6.000000e+00
     vertex  5.695430e+01  6.809386e+00  6.000000e+00
   endloop
 endfacet
 facet normal  0.000000e+00  0.000000e+00  1.000000e+00
   outer loop
     vertex  5.697722e+01  6.865076e+00  6.000000e+00
     vertex  8.017122e+00  6.878191e+00  6.000000e+00
     vertex  8.040403e+00  6.822651e+00  6.000000e+00
   endloop
 endfacet
 facet normal  0.000000e+00  0.000000e+00  1.000000e+00
   outer loop
     vertex  5.700165e+01  6.920118e+00  6.000000e+00
     vertex  7.992329e+00  6.933073e+00  6.000000e+00
     vertex  8.017122e+00  6.878191e+00  6.000000e+00
   endloop
 endfacet
 facet normal  0.000000e+00  0.000000e+00  1.000000e+00
   outer loop
     vertex  5.700165e+01  6.920118e+00  6.000000e+00
     vertex  8.017122e+00  6.878191e+00  6.000000e+00
     vertex  5.697722e+01  6.865076e+00  6.000000e+00
   endloop
 endfacet
 facet normal  0.000000e+00  0.000000e+00  1.000000e+00
   outer loop
     vertex  5.702759e+01  6.974470e+00  6.000000e+00
     vertex  7.966043e+00  6.987256e+00  6.000000e+00
     vertex  7.992329e+00  6.933073e+00  6.000000e+00
   endloop
 endfacet
 facet normal  0.000000e+00  0.000000e+00  1.000000e+00
   outer loop
     vertex  5.702759e+01  6.974470e+00  6.000000e+00
     vertex  7.992329e+00  6.933073e+00  6.000000e+00
     vertex  5.700165e+01  6.920118e+00  6.000000e+00
   endloop
 endfacet
 facet normal  0.000000e+00  0.000000e+00  1.000000e+00
   outer loop
     vertex  5.705500e+01  7.028093e+00  6.000000e+00
     vertex  7.938284e+00  7.040699e+00  6.000000e+00
     vertex  7.966043e+00  6.987256e+00  6.000000e+00
   endloop
 endfacet
 facet normal  0.000000e+00  0.000000e+00  1.000000e+00
   outer loop
     vertex  5.705500e+01  7.028093e+00  6.000000e+00
     vertex  7.966043e+00  6.987256e+00  6.000000e+00
     vertex  5.702759e+01  6.974470e+00  6.000000e+00
   endloop
 endfacet
 facet normal  0.000000e+00  0.000000e+00  1.000000e+00
   outer loop
     vertex  5.708387e+01  7.080944e+00  6.000000e+00
     vertex  7.909073e+00  7.093362e+00  6.000000e+00
     vertex  7.938284e+00  7.040699e+00  6.000000e+00
   endloop
 endfacet
 facet normal  0.000000e+00  0.000000e+00  1.000000e+00
   outer loop
     vertex  5.708387e+01  7.080944e+00  6.000000e+00
     vertex  7.938284e+00  7.040699e+00  6.000000e+00
     vertex  5.705500e+01  7.028093e+00  6.000000e+00
   endloop
 endfacet
 facet normal  0.000000e+00  0.000000e+00  1.000000e+00
   outer loop
     vertex  5.711417e+01  7.132986e+00  6.000000e+00
     vertex  7.878431e+00  7.145206e+00  6.000000e+00
     vertex  7.909073e+00  7.093362e+00  6.000000e+00
   endloop
 endfacet
 facet normal  0.000000e+00  0.000000e+00  1.000000e+00
   outer loop
     vertex  5.711417e+01  7.132986e+00  6.000000e+00
     vertex  7.909073e+00  7.093362e+00  6.000000e+00
     vertex  5.708387e+01  7.080944e+00  6.000000e+00
   endloop
 endfacet
 facet normal  0.000000e+00  0.000000e+00  1.000000e+00
   outer loop
     vertex  5.714589e+01  7.184179e+00  6.000000e+00
     vertex  7.846381e+00  7.196192e+00  6.000000e+00
     vertex  7.878431e+00  7.145206e+00  6.000000e+00
   endloop
 endfacet
 facet normal  0.000000e+00  0.000000e+00  1.000000e+00
   outer loop
     vertex  5.714589e+01  7.184179e+00  6.000000e+00
     vertex  7.878431e+00  7.145206e+00  6.000000e+00
     vertex  5.711417e+01  7.132986e+00  6.000000e+00
   endloop
 endfacet
 facet normal  0.000000e+00  0.000000e+00  1.000000e+00
   outer loop
     vertex  5.717900e+01  7.234485e+00  6.000000e+00
     vertex  7.812948e+00  7.246282e+00  6.000000e+00
     vertex  7.846381e+00  7.196192e+00  6.000000e+00
   endloop
 endfacet
 facet normal  0.000000e+00  0.000000e+00  1.000000e+00
   outer loop
     vertex  5.717900e+01  7.234485e+00  6.000000e+00
     vertex  7.846381e+00  7.196192e+00  6.000000e+00
     vertex  5.714589e+01  7.184179e+00  6.000000e+00
   endloop
 endfacet
 facet normal  0.000000e+00  0.000000e+00  1.000000e+00
   outer loop
     vertex  5.721347e+01  7.283865e+00  6.000000e+00
     vertex  7.778157e+00  7.295438e+00  6.000000e+00
     vertex  7.812948e+00  7.246282e+00  6.000000e+00
   endloop
 endfacet
 facet normal  0.000000e+00  0.000000e+00  1.000000e+00
   outer loop
     vertex  5.721347e+01  7.283865e+00  6.000000e+00
     vertex  7.812948e+00  7.246282e+00  6.000000e+00
     vertex  5.717900e+01  7.234485e+00  6.000000e+00
   endloop
 endfacet
 facet normal  0.000000e+00  0.000000e+00  1.000000e+00
   outer loop
     vertex  5.724928e+01  7.332284e+00  6.000000e+00
     vertex  7.742033e+00  7.343623e+00  6.000000e+00
     vertex  7.778157e+00  7.295438e+00  6.000000e+00
   endloop
 endfacet
 facet normal  0.000000e+00  0.000000e+00  1.000000e+00
   outer loop
     vertex  5.724928e+01  7.332284e+00  6.000000e+00
     vertex  7.778157e+00  7.295438e+00  6.000000e+00
     vertex  5.721347e+01  7.283865e+00  6.000000e+00
   endloop
 endfacet
 facet normal  0.000000e+00  0.000000e+00  1.000000e+00
   outer loop
     vertex  5.728640e+01  7.379704e+00  6.000000e+00
     vertex  7.704603e+00  7.390801e+00  6.000000e+00
     vertex  7.742033e+00  7.343623e+00  6.000000e+00
   endloop
 endfacet
 facet normal  0.000000e+00  0.000000e+00  1.000000e+00
   outer loop
     vertex  5.728640e+01  7.379704e+00  6.000000e+00
     vertex  7.742033e+00  7.343623e+00  6.000000e+00
     vertex  5.724928e+01  7.332284e+00  6.000000e+00
   endloop
 endfacet
 facet normal  0.000000e+00  0.000000e+00  1.000000e+00
   outer loop
     vertex  5.732481e+01  7.426090e+00  6.000000e+00
     vertex  7.665897e+00  7.436937e+00  6.000000e+00
     vertex  7.704603e+00  7.390801e+00  6.000000e+00
   endloop
 endfacet
 facet normal  0.000000e+00  0.000000e+00  1.000000e+00
   outer loop
     vertex  5.732481e+01  7.426090e+00  6.000000e+00
     vertex  7.704603e+00  7.390801e+00  6.000000e+00
     vertex  5.728640e+01  7.379704e+00  6.000000e+00
   endloop
 endfacet
 facet normal  0.000000e+00  0.000000e+00  1.000000e+00
   outer loop
     vertex  5.736447e+01  7.471408e+00  6.000000e+00
     vertex  7.625942e+00  7.481996e+00  6.000000e+00
     vertex  7.665897e+00  7.436937e+00  6.000000e+00
   endloop
 endfacet
 facet normal  0.000000e+00  0.000000e+00  1.000000e+00
   outer loop
     vertex  5.736447e+01  7.471408e+00  6.000000e+00
     vertex  7.665897e+00  7.436937e+00  6.000000e+00
     vertex  5.732481e+01  7.426090e+00  6.000000e+00
   endloop
 endfacet
 facet normal  0.000000e+00  0.000000e+00  1.000000e+00
   outer loop
     vertex  5.740536e+01  7.515623e+00  6.000000e+00
     vertex  7.625942e+00  7.481996e+00  6.000000e+00
     vertex  5.736447e+01  7.471408e+00  6.000000e+00
   endloop
 endfacet
 facet normal  0.000000e+00  0.000000e+00  1.000000e+00
   outer loop
     vertex  5.740536e+01  7.515623e+00  6.000000e+00
     vertex  7.584769e+00  7.525945e+00  6.000000e+00
     vertex  7.625942e+00  7.481996e+00  6.000000e+00
   endloop
 endfacet
 facet normal  0.000000e+00  0.000000e+00  1.000000e+00
   outer loop
     vertex  5.744744e+01  7.558703e+00  6.000000e+00
     vertex  7.542408e+00  7.568750e+00  6.000000e+00
     vertex  7.584769e+00  7.525945e+00  6.000000e+00
   endloop
 endfacet
 facet normal  0.000000e+00  0.000000e+00  1.000000e+00
   outer loop
     vertex  5.744744e+01  7.558703e+00  6.000000e+00
     vertex  7.584769e+00  7.525945e+00  6.000000e+00
     vertex  5.740536e+01  7.515623e+00  6.000000e+00
   endloop
 endfacet
 facet normal  0.000000e+00  0.000000e+00  1.000000e+00
   outer loop
     vertex  5.749068e+01  7.600614e+00  6.000000e+00
     vertex  7.542408e+00  7.568750e+00  6.000000e+00
     vertex  5.744744e+01  7.558703e+00  6.000000e+00
   endloop
 endfacet
 facet normal  0.000000e+00  0.000000e+00  1.000000e+00
   outer loop
     vertex  5.749068e+01  7.600614e+00  6.000000e+00
     vertex  7.498891e+00  7.610380e+00  6.000000e+00
     vertex  7.542408e+00  7.568750e+00  6.000000e+00
   endloop
 endfacet
 facet normal  0.000000e+00  0.000000e+00  1.000000e+00
   outer loop
     vertex  5.753506e+01  7.641327e+00  6.000000e+00
     vertex  7.498891e+00  7.610380e+00  6.000000e+00
     vertex  5.749068e+01  7.600614e+00  6.000000e+00
   endloop
 endfacet
 facet normal  0.000000e+00  0.000000e+00  1.000000e+00
   outer loop
     vertex  5.753506e+01  7.641327e+00  6.000000e+00
     vertex  7.454252e+00  7.650803e+00  6.000000e+00
     vertex  7.498891e+00  7.610380e+00  6.000000e+00
   endloop
 endfacet
 facet normal  0.000000e+00  0.000000e+00  1.000000e+00
   outer loop
     vertex  6.500000e+01  5.000000e+00  6.000000e+00
     vertex  6.120000e+01  6.000000e+00  6.000000e+00
     vertex  6.119924e+01  5.942335e+00  6.000000e+00
   endloop
 endfacet
 facet normal  0.000000e+00  0.000000e+00  1.000000e+00
   outer loop
     vertex  6.500000e+01  5.000000e+00  6.000000e+00
     vertex  6.119918e+01  6.060217e+00  6.000000e+00
     vertex  6.120000e+01  6.000000e+00  6.000000e+00
   endloop
 endfacet
 facet normal  0.000000e+00  0.000000e+00  1.000000e+00
   outer loop
     vertex  6.500000e+01  5.000000e+00  6.000000e+00
     vertex  6.119670e+01  6.120388e+00  6.000000e+00
     vertex  6.119918e+01  6.060217e+00  6.000000e+00
   endloop
 endfacet
 facet normal  0.000000e+00  0.000000e+00  1.000000e+00
   outer loop
     vertex  6.500000e+01  5.000000e+00  6.000000e+00
     vertex  6.119259e+01  6.180470e+00  6.000000e+00
     vertex  6.119670e+01  6.120388e+00  6.000000e+00
   endloop
 endfacet
 facet normal  0.000000e+00  0.000000e+00  1.000000e+00
   outer loop
     vertex  6.500000e+01  5.000000e+00  6.000000e+00
     vertex  6.118682e+01  6.240416e+00  6.000000e+00
     vertex  6.119259e+01  6.180470e+00  6.000000e+00
   endloop
 endfacet
 facet normal  0.000000e+00  0.000000e+00  1.000000e+00
   outer loop
     vertex  6.500000e+01  5.000000e+00  6.000000e+00
     vertex  6.117942e+01  6.300182e+00  6.000000e+00
     vertex  6.118682e+01  6.240416e+00  6.000000e+00
   endloop
 endfacet
 facet normal  0.000000e+00  0.000000e+00  1.000000e+00
   outer loop
     vertex  6.500000e+01  5.000000e+00  6.000000e+00
     vertex  6.117039e+01  6.359723e+00  6.000000e+00
     vertex  6.117942e+01  6.300182e+00  6.000000e+00
   endloop
 endfacet
 facet normal  0.000000e+00  0.000000e+00  1.000000e+00
   outer loop
     vertex  6.500000e+01  5.000000e+00  6.000000e+00
     vertex  6.115973e+01  6.418994e+00  6.000000e+00
     vertex  6.117039e+01  6.359723e+00  6.000000e+00
   endloop
 endfacet
 facet normal  0.000000e+00  0.000000e+00  1.000000e+00
   outer loop
     vertex  6.500000e+01  5.000000e+00  6.000000e+00
     vertex  6.114745e+01  6.477952e+00  6.000000e+00
     vertex  6.115973e+01  6.418994e+00  6.000000e+00
   endloop
 endfacet
 facet normal  0.000000e+00  0.000000e+00  1.000000e+00
   outer loop
     vertex  6.500000e+01  5.000000e+00  6.000000e+00
     vertex  6.113357e+01  6.536551e+00  6.000000e+00
     vertex  6.114745e+01  6.477952e+00  6.000000e+00
   endloop
 endfacet
 facet normal  0.000000e+00  0.000000e+00  1.000000e+00
   outer loop
     vertex  6.500000e+01  5.000000e+00  6.000000e+00
     vertex  6.098513e+01  5.051708e+00  6.000000e+00
     vertex  6.095959e+01  5.000000e+00  6.000000e+00
   endloop
 endfacet
 facet normal  0.000000e+00  0.000000e+00  1.000000e+00
   outer loop
     vertex  6.500000e+01  5.000000e+00  6.000000e+00
     vertex  6.100930e+01  5.104067e+00  6.000000e+00
     vertex  6.098513e+01  5.051708e+00  6.000000e+00
   endloop
 endfacet
 facet normal  0.000000e+00  0.000000e+00  1.000000e+00
   outer loop
     vertex  6.500000e+01  5.000000e+00  6.000000e+00
     vertex  6.103210e+01  5.157041e+00  6.000000e+00
     vertex  6.100930e+01  5.104067e+00  6.000000e+00
   endloop
 endfacet
 facet normal  0.000000e+00  0.000000e+00  1.000000e+00
   outer loop
     vertex  6.500000e+01  5.000000e+00  6.000000e+00
     vertex  6.105349e+01  5.210595e+00  6.000000e+00
     vertex  6.103210e+01  5.157041e+00  6.000000e+00
   endloop
 endfacet
 facet normal  0.000000e+00  0.000000e+00  1.000000e+00
   outer loop
     vertex  6.500000e+01  5.000000e+00  6.000000e+00
     vertex  6.107348e+01  5.264692e+00  6.000000e+00
     vertex  6.105349e+01  5.210595e+00  6.000000e+00
   endloop
 endfacet
 facet normal  0.000000e+00  0.000000e+00  1.000000e+00
   outer loop
     vertex  6.500000e+01  5.000000e+00  6.000000e+00
     vertex  6.109204e+01  5.319294e+00  6.000000e+00
     vertex  6.107348e+01  5.264692e+00  6.000000e+00
   endloop
 endfacet
 facet normal  0.000000e+00  0.000000e+00  1.000000e+00
   outer loop
     vertex  6.500000e+01  5.000000e+00  6.000000e+00
     vertex  6.110917e+01  5.374363e+00  6.000000e+00
     vertex  6.109204e+01  5.319294e+00  6.000000e+00
   endloop
 endfacet
 facet normal  0.000000e+00  0.000000e+00  1.000000e+00
   outer loop
     vertex  6.500000e+01  5.000000e+00  6.000000e+00
     vertex  6.112484e+01  5.429863e+00  6.000000e+00
     vertex  6.110917e+01  5.374363e+00  6.000000e+00
   endloop
 endfacet
 facet normal  0.000000e+00  0.000000e+00  1.000000e+00
   outer loop
     vertex  6.500000e+01  5.000000e+00  6.000000e+00
     vertex  6.113905e+01  5.485754e+00  6.000000e+00
     vertex  6.112484e+01  5.429863e+00  6.000000e+00
   endloop
 endfacet
 facet normal  0.000000e+00  0.000000e+00  1.000000e+00
   outer loop
     vertex  6.500000e+01  5.000000e+00  6.000000e+00
     vertex  6.115180e+01  5.541999e+00  6.000000e+00
     vertex  6.113905e+01  5.485754e+00  6.000000e+00
   endloop
 endfacet
 facet normal  0.000000e+00  0.000000e+00  1.000000e+00
   outer loop
     vertex  6.500000e+01  5.000000e+00  6.000000e+00
     vertex  6.116306e+01  5.598558e+00  6.000000e+00
     vertex  6.115180e+01  5.541999e+00  6.000000e+00
   endloop
 endfacet
 facet normal  0.000000e+00  0.000000e+00  1.000000e+00
   outer loop
     vertex  6.500000e+01  5.000000e+00  6.000000e+00
     vertex  6.117284e+01  5.655393e+00  6.000000e+00
     vertex  6.116306e+01  5.598558e+00  6.000000e+00
   endloop
 endfacet
 facet normal  0.000000e+00  0.000000e+00  1.000000e+00
   outer loop
     vertex  6.500000e+01  5.000000e+00  6.000000e+00
     vertex  6.118113e+01  5.712465e+00  6.000000e+00
     vertex  6.117284e+01  5.655393e+00  6.000000e+00
   endloop
 endfacet
 facet normal  0.000000e+00  0.000000e+00  1.000000e+00
   outer loop
     vertex  6.500000e+01  5.000000e+00  6.000000e+00
     vertex  6.118792e+01  5.769735e+00  6.000000e+00
     vertex  6.118113e+01  5.712465e+00  6.000000e+00
   endloop
 endfacet
 facet normal  0.000000e+00  0.000000e+00  1.000000e+00
   outer loop
     vertex  6.500000e+01  5.000000e+00  6.000000e+00
     vertex  6.119320e+01  5.827162e+00  6.000000e+00
     vertex  6.118792e+01  5.769735e+00  6.000000e+00
   endloop
 endfacet
 facet normal  0.000000e+00  0.000000e+00  1.000000e+00
   outer loop
     vertex  6.500000e+01  5.000000e+00  6.000000e+00
     vertex  6.119698e+01  5.884709e+00  6.000000e+00
     vertex  6.119320e+01  5.827162e+00  6.000000e+00
   endloop
 endfacet
 facet normal  0.000000e+00  0.000000e+00  1.000000e+00
   outer loop
     vertex  6.500000e+01  5.000000e+00  6.000000e+00
     vertex  6.119924e+01  5.942335e+00  6.000000e+00
     vertex  6.119698e+01  5.884709e+00  6.000000e+00
   endloop
 endfacet
 facet normal  0.000000e+00  0.000000e+00  1.000000e+00
   outer loop
     vertex  6.500000e+01  9.200000e+00  6.000000e+00
     vertex  5.950035e+01  8.142347e+00  6.000000e+00
     vertex  5.955880e+01  8.127850e+00  6.000000e+00
   endloop
 endfacet
 facet normal  0.000000e+00  0.000000e+00  1.000000e+00
   outer loop
     vertex  6.500000e+01  9.200000e+00  6.000000e+00
     vertex  5.944152e+01  8.155240e+00  6.000000e+00
     vertex  5.950035e+01  8.142347e+00  6.000000e+00
   endloop
 endfacet
 facet normal  0.000000e+00  0.000000e+00  1.000000e+00
   outer loop
     vertex  6.500000e+01  9.200000e+00  6.000000e+00
     vertex  5.938236e+01  8.166517e+00  6.000000e+00
     vertex  5.944152e+01  8.155240e+00  6.000000e+00
   endloop
 endfacet
 facet normal  0.000000e+00  0.000000e+00  1.000000e+00
   outer loop
     vertex  6.500000e+01  9.200000e+00  6.000000e+00
     vertex  5.932292e+01  8.176172e+00  6.000000e+00
     vertex  5.938236e+01  8.166517e+00  6.000000e+00
   endloop
 endfacet
 facet normal  0.000000e+00  0.000000e+00  1.000000e+00
   outer loop
     vertex  6.500000e+01  9.200000e+00  6.000000e+00
     vertex  5.926323e+01  8.184195e+00  6.000000e+00
     vertex  5.932292e+01  8.176172e+00  6.000000e+00
   endloop
 endfacet
 facet normal  0.000000e+00  0.000000e+00  1.000000e+00
   outer loop
     vertex  6.500000e+01  9.200000e+00  6.000000e+00
     vertex  5.920335e+01  8.190582e+00  6.000000e+00
     vertex  5.926323e+01  8.184195e+00  6.000000e+00
   endloop
 endfacet
 facet normal  0.000000e+00  0.000000e+00  1.000000e+00
   outer loop
     vertex  6.500000e+01  9.200000e+00  6.000000e+00
     vertex  5.914332e+01  8.195327e+00  6.000000e+00
     vertex  5.920335e+01  8.190582e+00  6.000000e+00
   endloop
 endfacet
 facet normal  0.000000e+00  0.000000e+00  1.000000e+00
   outer loop
     vertex  6.500000e+01  9.200000e+00  6.000000e+00
     vertex  5.908317e+01  8.198427e+00  6.000000e+00
     vertex  5.914332e+01  8.195327e+00  6.000000e+00
   endloop
 endfacet
 facet normal  0.000000e+00  0.000000e+00  1.000000e+00
   outer loop
     vertex  6.500000e+01  9.200000e+00  6.000000e+00
     vertex  5.902297e+01  8.199880e+00  6.000000e+00
     vertex  5.908317e+01  8.198427e+00  6.000000e+00
   endloop
 endfacet
 facet normal  0.000000e+00  0.000000e+00  1.000000e+00
   outer loop
     vertex  6.500000e+01  9.200000e+00  6.000000e+00
     vertex  5.896275e+01  8.199685e+00  6.000000e+00
     vertex  5.902297e+01  8.199880e+00  6.000000e+00
   endloop
 endfacet
 facet normal  0.000000e+00  0.000000e+00  1.000000e+00
   outer loop
     vertex  6.500000e+01  9.200000e+00  6.000000e+00
     vertex  5.890255e+01  8.197841e+00  6.000000e+00
     vertex  5.896275e+01  8.199685e+00  6.000000e+00
   endloop
 endfacet
 facet normal  0.000000e+00  0.000000e+00  1.000000e+00
   outer loop
     vertex  6.500000e+01  9.200000e+00  6.000000e+00
     vertex  5.884243e+01  8.194350e+00  6.000000e+00
     vertex  5.890255e+01  8.197841e+00  6.000000e+00
   endloop
 endfacet
 facet normal  0.000000e+00  0.000000e+00  1.000000e+00
   outer loop
     vertex  6.500000e+01  9.200000e+00  6.000000e+00
     vertex  6.111808e+01  6.594749e+00  6.000000e+00
     vertex  6.113357e+01  6.536551e+00  6.000000e+00
   endloop
 endfacet
 facet normal  0.000000e+00  0.000000e+00  1.000000e+00
   outer loop
     vertex  6.500000e+01  9.200000e+00  6.000000e+00
     vertex  6.110101e+01  6.652501e+00  6.000000e+00
     vertex  6.111808e+01  6.594749e+00  6.000000e+00
   endloop
 endfacet
 facet normal  0.000000e+00  0.000000e+00  1.000000e+00
   outer loop
     vertex  6.500000e+01  9.200000e+00  6.000000e+00
     vertex  6.108236e+01  6.709763e+00  6.000000e+00
     vertex  6.110101e+01  6.652501e+00  6.000000e+00
   endloop
 endfacet
 facet normal  0.000000e+00  0.000000e+00  1.000000e+00
   outer loop
     vertex  6.500000e+01  9.200000e+00  6.000000e+00
     vertex  6.106216e+01  6.766494e+00  6.000000e+00
     vertex  6.108236e+01  6.709763e+00  6.000000e+00
   endloop
 endfacet
 facet normal  0.000000e+00  0.000000e+00  1.000000e+00
   outer loop
     vertex  6.500000e+01  9.200000e+00  6.000000e+00
     vertex  6.104040e+01  6.822651e+00  6.000000e+00
     vertex  6.106216e+01  6.766494e+00  6.000000e+00
   endloop
 endfacet
 facet normal  0.000000e+00  0.000000e+00  1.000000e+00
   outer loop
     vertex  6.500000e+01  9.200000e+00  6.000000e+00
     vertex  6.101712e+01  6.878191e+00  6.000000e+00
     vertex  6.104040e+01  6.822651e+00  6.000000e+00
   endloop
 endfacet
 facet normal  0.000000e+00  0.000000e+00  1.000000e+00
   outer loop
     vertex  6.500000e+01  9.200000e+00  6.000000e+00
     vertex  6.099233e+01  6.933073e+00  6.000000e+00
     vertex  6.101712e+01  6.878191e+00  6.000000e+00
   endloop
 endfacet
 facet normal  0.000000e+00  0.000000e+00  1.000000e+00
   outer loop
     vertex  6.500000e+01  9.200000e+00  6.000000e+00
     vertex  6.096604e+01  6.987256e+00  6.000000e+00
     vertex  6.099233e+01  6.933073e+00  6.000000e+00
   endloop
 endfacet
 facet normal  0.000000e+00  0.000000e+00  1.000000e+00
   outer loop
     vertex  6.500000e+01  9.200000e+00  6.000000e+00
     vertex  6.093828e+01  7.040699e+00  6.000000e+00
     vertex  6.096604e+01  6.987256e+00  6.000000e+00
   endloop
 endfacet
 facet normal  0.000000e+00  0.000000e+00  1.000000e+00
   outer loop
     vertex  6.500000e+01  9.200000e+00  6.000000e+00
     vertex  6.090907e+01  7.093362e+00  6.000000e+00
     vertex  6.093828e+01  7.040699e+00  6.000000e+00
   endloop
 endfacet
 facet normal  0.000000e+00  0.000000e+00  1.000000e+00
   outer loop
     vertex  6.500000e+01  9.200000e+00  6.000000e+00
     vertex  6.087843e+01  7.145206e+00  6.000000e+00
     vertex  6.090907e+01  7.093362e+00  6.000000e+00
   endloop
 endfacet
 facet normal  0.000000e+00  0.000000e+00  1.000000e+00
   outer loop
     vertex  6.500000e+01  9.200000e+00  6.000000e+00
     vertex  6.084638e+01  7.196192e+00  6.000000e+00
     vertex  6.087843e+01  7.145206e+00  6.000000e+00
   endloop
 endfacet
 facet normal  0.000000e+00  0.000000e+00  1.000000e+00
   outer loop
     vertex  6.500000e+01  9.200000e+00  6.000000e+00
     vertex  6.081295e+01  7.246282e+00  6.000000e+00
     vertex  6.084638e+01  7.196192e+00  6.000000e+00
   endloop
 endfacet
 facet normal  0.000000e+00  0.000000e+00  1.000000e+00
   outer loop
     vertex  6.500000e+01  9.200000e+00  6.000000e+00
     vertex  6.077816e+01  7.295438e+00  6.000000e+00
     vertex  6.081295e+01  7.246282e+00  6.000000e+00
   endloop
 endfacet
 facet normal  0.000000e+00  0.000000e+00  1.000000e+00
   outer loop
     vertex  6.500000e+01  9.200000e+00  6.000000e+00
     vertex  6.074203e+01  7.343623e+00  6.000000e+00
     vertex  6.077816e+01  7.295438e+00  6.000000e+00
   endloop
 endfacet
 facet normal  0.000000e+00  0.000000e+00  1.000000e+00
   outer loop
     vertex  6.500000e+01  9.200000e+00  6.000000e+00
     vertex  6.070460e+01  7.390801e+00  6.000000e+00
     vertex  6.074203e+01  7.343623e+00  6.000000e+00
   endloop
 endfacet
 facet normal  0.000000e+00  0.000000e+00  1.000000e+00
   outer loop
     vertex  6.500000e+01  9.200000e+00  6.000000e+00
     vertex  6.066590e+01  7.436937e+00  6.000000e+00
     vertex  6.070460e+01  7.390801e+00  6.000000e+00
   endloop
 endfacet
 facet normal  0.000000e+00  0.000000e+00  1.000000e+00
   outer loop
     vertex  6.500000e+01  9.200000e+00  6.000000e+00
     vertex  6.062594e+01  7.481996e+00  6.000000e+00
     vertex  6.066590e+01  7.436937e+00  6.000000e+00
   endloop
 endfacet
 facet normal  0.000000e+00  0.000000e+00  1.000000e+00
   outer loop
     vertex  6.500000e+01  9.200000e+00  6.000000e+00
     vertex  6.058477e+01  7.525945e+00  6.000000e+00
     vertex  6.062594e+01  7.481996e+00  6.000000e+00
   endloop
 endfacet
 facet normal  0.000000e+00  0.000000e+00  1.000000e+00
   outer loop
     vertex  6.500000e+01  9.200000e+00  6.000000e+00
     vertex  6.054241e+01  7.568750e+00  6.000000e+00
     vertex  6.058477e+01  7.525945e+00  6.000000e+00
   endloop
 endfacet
 facet normal  0.000000e+00  0.000000e+00  1.000000e+00
   outer loop
     vertex  6.500000e+01  9.200000e+00  6.000000e+00
     vertex  6.049889e+01  7.610380e+00  6.000000e+00
     vertex  6.054241e+01  7.568750e+00  6.000000e+00
   endloop
 endfacet
 facet normal  0.000000e+00  0.000000e+00  1.000000e+00
   outer loop
     vertex  6.500000e+01  9.200000e+00  6.000000e+00
     vertex  6.045425e+01  7.650803e+00  6.000000e+00
     vertex  6.049889e+01  7.610380e+00  6.000000e+00
   endloop
 endfacet
 facet normal  0.000000e+00  0.000000e+00  1.000000e+00
   outer loop
     vertex  6.500000e+01  9.200000e+00  6.000000e+00
     vertex  6.040852e+01  7.689990e+00  6.000000e+00
     vertex  6.045425e+01  7.650803e+00  6.000000e+00
   endloop
 endfacet
 facet normal  0.000000e+00  0.000000e+00  1.000000e+00
   outer loop
     vertex  6.500000e+01  9.200000e+00  6.000000e+00
     vertex  6.036174e+01  7.727909e+00  6.000000e+00
     vertex  6.040852e+01  7.689990e+00  6.000000e+00
   endloop
 endfacet
 facet normal  0.000000e+00  0.000000e+00  1.000000e+00
   outer loop
     vertex  6.500000e+01  9.200000e+00  6.000000e+00
     vertex  6.031393e+01  7.764534e+00  6.000000e+00
     vertex  6.036174e+01  7.727909e+00  6.000000e+00
   endloop
 endfacet
 facet normal  0.000000e+00  0.000000e+00  1.000000e+00
   outer loop
     vertex  6.500000e+01  9.200000e+00  6.000000e+00
     vertex  6.026514e+01  7.799837e+00  6.000000e+00
     vertex  6.031393e+01  7.764534e+00  6.000000e+00
   endloop
 endfacet
 facet normal  0.000000e+00  0.000000e+00  1.000000e+00
   outer loop
     vertex  6.500000e+01  9.200000e+00  6.000000e+00
     vertex  6.021540e+01  7.833791e+00  6.000000e+00
     vertex  6.026514e+01  7.799837e+00  6.000000e+00
   endloop
 endfacet
 facet normal  0.000000e+00  0.000000e+00  1.000000e+00
   outer loop
     vertex  6.500000e+01  9.200000e+00  6.000000e+00
     vertex  6.016476e+01  7.866372e+00  6.000000e+00
     vertex  6.021540e+01  7.833791e+00  6.000000e+00
   endloop
 endfacet
 facet normal  0.000000e+00  0.000000e+00  1.000000e+00
   outer loop
     vertex  6.500000e+01  9.200000e+00  6.000000e+00
     vertex  6.011324e+01  7.897553e+00  6.000000e+00
     vertex  6.016476e+01  7.866372e+00  6.000000e+00
   endloop
 endfacet
 facet normal  0.000000e+00  0.000000e+00  1.000000e+00
   outer loop
     vertex  6.500000e+01  9.200000e+00  6.000000e+00
     vertex  6.006088e+01  7.927313e+00  6.000000e+00
     vertex  6.011324e+01  7.897553e+00  6.000000e+00
   endloop
 endfacet
 facet normal  0.000000e+00  0.000000e+00  1.000000e+00
   outer loop
     vertex  6.500000e+01  9.200000e+00  6.000000e+00
     vertex  6.000773e+01  7.955628e+00  6.000000e+00
     vertex  6.006088e+01  7.927313e+00  6.000000e+00
   endloop
 endfacet
 facet normal  0.000000e+00  0.000000e+00  1.000000e+00
   outer loop
     vertex  6.500000e+01  9.200000e+00  6.000000e+00
     vertex  6.113357e+01  6.536551e+00  6.000000e+00
     vertex  6.500000e+01  5.000000e+00  6.000000e+00
   endloop
 endfacet
 facet normal  0.000000e+00  0.000000e+00  1.000000e+00
   outer loop
     vertex  6.500000e+01  9.200000e+00  6.000000e+00
     vertex  5.995382e+01  7.982478e+00  6.000000e+00
     vertex  6.000773e+01  7.955628e+00  6.000000e+00
   endloop
 endfacet
 facet normal  0.000000e+00  0.000000e+00  1.000000e+00
   outer loop
     vertex  6.500000e+01  9.200000e+00  6.000000e+00
     vertex  5.989920e+01  8.007843e+00  6.000000e+00
     vertex  5.995382e+01  7.982478e+00  6.000000e+00
   endloop
 endfacet
 facet normal  0.000000e+00  0.000000e+00  1.000000e+00
   outer loop
     vertex  6.500000e+01  9.200000e+00  6.000000e+00
     vertex  5.984391e+01  8.031703e+00  6.000000e+00
     vertex  5.989920e+01  8.007843e+00  6.000000e+00
   endloop
 endfacet
 facet normal  0.000000e+00  0.000000e+00  1.000000e+00
   outer loop
     vertex  6.500000e+01  9.200000e+00  6.000000e+00
     vertex  5.978798e+01  8.054041e+00  6.000000e+00
     vertex  5.984391e+01  8.031703e+00  6.000000e+00
   endloop
 endfacet
 facet normal  0.000000e+00  0.000000e+00  1.000000e+00
   outer loop
     vertex  6.500000e+01  9.200000e+00  6.000000e+00
     vertex  5.973147e+01  8.074839e+00  6.000000e+00
     vertex  5.978798e+01  8.054041e+00  6.000000e+00
   endloop
 endfacet
 facet normal  0.000000e+00  0.000000e+00  1.000000e+00
   outer loop
     vertex  6.500000e+01  9.200000e+00  6.000000e+00
     vertex  5.967440e+01  8.094083e+00  6.000000e+00
     vertex  5.973147e+01  8.074839e+00  6.000000e+00
   endloop
 endfacet
 facet normal  0.000000e+00  0.000000e+00  1.000000e+00
   outer loop
     vertex  6.500000e+01  9.200000e+00  6.000000e+00
     vertex  5.961683e+01  8.111757e+00  6.000000e+00
     vertex  5.967440e+01  8.094083e+00  6.000000e+00
   endloop
 endfacet
 facet normal  0.000000e+00  0.000000e+00  1.000000e+00
   outer loop
     vertex  6.500000e+01  9.200000e+00  6.000000e+00
     vertex  5.955880e+01  8.127850e+00  6.000000e+00
     vertex  5.961683e+01  8.111757e+00  6.000000e+00
   endloop
 endfacet
 facet normal  0.000000e+00  0.000000e+00  1.000000e+00
   outer loop
     vertex  6.500000e+01  9.200000e+00  6.000000e+00
     vertex  0.000000e+00  9.200000e+00  6.000000e+00
     vertex  6.143317e+00  8.195327e+00  6.000000e+00
   endloop
 endfacet
 facet normal  0.000000e+00  0.000000e+00  1.000000e+00
   outer loop
     vertex  6.500000e+01  9.200000e+00  6.000000e+00
     vertex  6.143317e+00  8.195327e+00  6.000000e+00
     vertex  6.203352e+00  8.190582e+00  6.000000e+00
   endloop
 endfacet
 facet normal  0.000000e+00  0.000000e+00  1.000000e+00
   outer loop
     vertex  6.500000e+01  9.200000e+00  6.000000e+00
     vertex  6.203352e+00  8.190582e+00  6.000000e+00
     vertex  6.263235e+00  8.184195e+00  6.000000e+00
   endloop
 endfacet
 facet normal  0.000000e+00  0.000000e+00  1.000000e+00
   outer loop
     vertex  6.500000e+01  9.200000e+00  6.000000e+00
     vertex  6.263235e+00  8.184195e+00  6.000000e+00
     vertex  6.322920e+00  8.176172e+00  6.000000e+00
   endloop
 endfacet
 facet normal  0.000000e+00  0.000000e+00  1.000000e+00
   outer loop
     vertex  6.500000e+01  9.200000e+00  6.000000e+00
     vertex  6.322920e+00  8.176172e+00  6.000000e+00
     vertex  6.382364e+00  8.166517e+00  6.000000e+00
   endloop
 endfacet
 facet normal  0.000000e+00  0.000000e+00  1.000000e+00
   outer loop
     vertex  6.500000e+01  9.200000e+00  6.000000e+00
     vertex  6.382364e+00  8.166517e+00  6.000000e+00
     vertex  6.441521e+00  8.155240e+00  6.000000e+00
   endloop
 endfacet
 facet normal  0.000000e+00  0.000000e+00  1.000000e+00
   outer loop
     vertex  6.500000e+01  9.200000e+00  6.000000e+00
     vertex  6.441521e+00  8.155240e+00  6.000000e+00
     vertex  6.500347e+00  8.142347e+00  6.000000e+00
   endloop
 endfacet
 facet normal  0.000000e+00  0.000000e+00  1.000000e+00
   outer loop
     vertex  6.500000e+01  9.200000e+00  6.000000e+00
     vertex  6.500347e+00  8.142347e+00  6.000000e+00
     vertex  6.558798e+00  8.127850e+00  6.000000e+00
   endloop
 endfacet
 facet normal  0.000000e+00  0.000000e+00  1.000000e+00
   outer loop
     vertex  6.500000e+01  9.200000e+00  6.000000e+00
     vertex  6.558798e+00  8.127850e+00  6.000000e+00
     vertex  6.616831e+00  8.111757e+00  6.000000e+00
   endloop
 endfacet
 facet normal  0.000000e+00  0.000000e+00  1.000000e+00
   outer loop
     vertex  6.500000e+01  9.200000e+00  6.000000e+00
     vertex  6.616831e+00  8.111757e+00  6.000000e+00
     vertex  6.674401e+00  8.094083e+00  6.000000e+00
   endloop
 endfacet
 facet normal  0.000000e+00  0.000000e+00  1.000000e+00
   outer loop
     vertex  6.500000e+01  9.200000e+00  6.000000e+00
     vertex  6.674401e+00  8.094083e+00  6.000000e+00
     vertex  6.731466e+00  8.074839e+00  6.000000e+00
   endloop
 endfacet
 facet normal  0.000000e+00  0.000000e+00  1.000000e+00
   outer loop
     vertex  6.500000e+01  9.200000e+00  6.000000e+00
     vertex  6.731466e+00  8.074839e+00  6.000000e+00
     vertex  6.787983e+00  8.054041e+00  6.000000e+00
   endloop
 endfacet
 facet normal  0.000000e+00  0.000000e+00  1.000000e+00
   outer loop
     vertex  6.500000e+01  9.200000e+00  6.000000e+00
     vertex  6.787983e+00  8.054041e+00  6.000000e+00
     vertex  6.843909e+00  8.031703e+00  6.000000e+00
   endloop
 endfacet
 facet normal  0.000000e+00  0.000000e+00  1.000000e+00
   outer loop
     vertex  6.500000e+01  9.200000e+00  6.000000e+00
     vertex  6.843909e+00  8.031703e+00  6.000000e+00
     vertex  6.899203e+00  8.007843e+00  6.000000e+00
   endloop
 endfacet
 facet normal  0.000000e+00  0.000000e+00  1.000000e+00
   outer loop
     vertex  6.500000e+01  9.200000e+00  6.000000e+00
     vertex  6.899203e+00  8.007843e+00  6.000000e+00
     vertex  6.953824e+00  7.982478e+00  6.000000e+00
   endloop
 endfacet
 facet normal  0.000000e+00  0.000000e+00  1.000000e+00
   outer loop
     vertex  6.500000e+01  9.200000e+00  6.000000e+00
     vertex  6.953824e+00  7.982478e+00  6.000000e+00
     vertex  7.007729e+00  7.955628e+00  6.000000e+00
   endloop
 endfacet
 facet normal  0.000000e+00  0.000000e+00  1.000000e+00
   outer loop
     vertex  6.500000e+01  9.200000e+00  6.000000e+00
     vertex  7.007729e+00  7.955628e+00  6.000000e+00
     vertex  7.060880e+00  7.927313e+00  6.000000e+00
   endloop
 endfacet
 facet normal  0.000000e+00  0.000000e+00  1.000000e+00
   outer loop
     vertex  6.500000e+01  9.200000e+00  6.000000e+00
     vertex  7.060880e+00  7.927313e+00  6.000000e+00
     vertex  7.113235e+00  7.897553e+00  6.000000e+00
   endloop
 endfacet
 facet normal  0.000000e+00  0.000000e+00  1.000000e+00
   outer loop
     vertex  6.500000e+01  9.200000e+00  6.000000e+00
     vertex  7.113235e+00  7.897553e+00  6.000000e+00
     vertex  7.164756e+00  7.866372e+00  6.000000e+00
   endloop
 endfacet
 facet normal  0.000000e+00  0.000000e+00  1.000000e+00
   outer loop
     vertex  6.500000e+01  9.200000e+00  6.000000e+00
     vertex  7.164756e+00  7.866372e+00  6.000000e+00
     vertex  7.215405e+00  7.833791e+00  6.000000e+00
   endloop
 endfacet
 facet normal  0.000000e+00  0.000000e+00  1.000000e+00
   outer loop
     vertex  6.500000e+01  9.200000e+00  6.000000e+00
     vertex  7.215405e+00  7.833791e+00  6.000000e+00
     vertex  7.265143e+00  7.799837e+00  6.000000e+00
   endloop
 endfacet
 facet normal  0.000000e+00  0.000000e+00  1.000000e+00
   outer loop
     vertex  6.500000e+01  9.200000e+00  6.000000e+00
     vertex  7.265143e+00  7.799837e+00  6.000000e+00
     vertex  7.313932e+00  7.764534e+00  6.000000e+00
   endloop
 endfacet
 facet normal  0.000000e+00  0.000000e+00  1.000000e+00
   outer loop
     vertex  6.500000e+01  9.200000e+00  6.000000e+00
     vertex  7.313932e+00  7.764534e+00  6.000000e+00
     vertex  7.361738e+00  7.727909e+00  6.000000e+00
   endloop
 endfacet
 facet normal  0.000000e+00  0.000000e+00  1.000000e+00
   outer loop
     vertex  6.500000e+01  9.200000e+00  6.000000e+00
     vertex  7.361738e+00  7.727909e+00  6.000000e+00
     vertex  7.408522e+00  7.689990e+00  6.000000e+00
   endloop
 endfacet
 facet normal  0.000000e+00  0.000000e+00  1.000000e+00
   outer loop
     vertex  6.500000e+01  9.200000e+00  6.000000e+00
     vertex  7.408522e+00  7.689990e+00  6.000000e+00
     vertex  7.454252e+00  7.650803e+00  6.000000e+00
   endloop
 endfacet
 facet normal  0.000000e+00  0.000000e+00  1.000000e+00
   outer loop
     vertex  6.500000e+01  9.200000e+00  6.000000e+00
     vertex  7.454252e+00  7.650803e+00  6.000000e+00
     vertex  5.884243e+01  8.194350e+00  6.000000e+00
   endloop
 endfacet
 facet normal  0.000000e+00  0.000000e+00  1.000000e+00
   outer loop
     vertex  5.884243e+01  8.194350e+00  6.000000e+00
     vertex  7.454252e+00  7.650803e+00  6.000000e+00
     vertex  5.878243e+01  8.189215e+00  6.000000e+00
   endloop
 endfacet
 facet normal  0.000000e+00  0.000000e+00  1.000000e+00
   outer loop
     vertex  5.878243e+01  8.189215e+00  6.000000e+00
     vertex  7.454252e+00  7.650803e+00  6.000000e+00
     vertex  5.872259e+01  8.182440e+00  6.000000e+00
   endloop
 endfacet
 facet normal  0.000000e+00  0.000000e+00  1.000000e+00
   outer loop
     vertex  5.872259e+01  8.182440e+00  6.000000e+00
     vertex  7.454252e+00  7.650803e+00  6.000000e+00
     vertex  5.866296e+01  8.174029e+00  6.000000e+00
   endloop
 endfacet
 facet normal  0.000000e+00  0.000000e+00  1.000000e+00
   outer loop
     vertex  5.866296e+01  8.174029e+00  6.000000e+00
     vertex  7.454252e+00  7.650803e+00  6.000000e+00
     vertex  5.860358e+01  8.163989e+00  6.000000e+00
   endloop
 endfacet
 facet normal  0.000000e+00  0.000000e+00  1.000000e+00
   outer loop
     vertex  5.860358e+01  8.163989e+00  6.000000e+00
     vertex  7.454252e+00  7.650803e+00  6.000000e+00
     vertex  5.854450e+01  8.152328e+00  6.000000e+00
   endloop
 endfacet
 facet normal  0.000000e+00  0.000000e+00  1.000000e+00
   outer loop
     vertex  5.854450e+01  8.152328e+00  6.000000e+00
     vertex  7.454252e+00  7.650803e+00  6.000000e+00
     vertex  5.848575e+01  8.139054e+00  6.000000e+00
   endloop
 endfacet
 facet normal  0.000000e+00  0.000000e+00  1.000000e+00
   outer loop
     vertex  5.848575e+01  8.139054e+00  6.000000e+00
     vertex  7.454252e+00  7.650803e+00  6.000000e+00
     vertex  5.842740e+01  8.124177e+00  6.000000e+00
   endloop
 endfacet
 facet normal  0.000000e+00  0.000000e+00  1.000000e+00
   outer loop
     vertex  5.842740e+01  8.124177e+00  6.000000e+00
     vertex  7.454252e+00  7.650803e+00  6.000000e+00
     vertex  5.836947e+01  8.107708e+00  6.000000e+00
   endloop
 endfacet
 facet normal  0.000000e+00  0.000000e+00  1.000000e+00
   outer loop
     vertex  5.836947e+01  8.107708e+00  6.000000e+00
     vertex  7.454252e+00  7.650803e+00  6.000000e+00
     vertex  5.831202e+01  8.089660e+00  6.000000e+00
   endloop
 endfacet
 facet normal  0.000000e+00  0.000000e+00  1.000000e+00
   outer loop
     vertex  5.831202e+01  8.089660e+00  6.000000e+00
     vertex  7.454252e+00  7.650803e+00  6.000000e+00
     vertex  5.825508e+01  8.070046e+00  6.000000e+00
   endloop
 endfacet
 facet normal  0.000000e+00  0.000000e+00  1.000000e+00
   outer loop
     vertex  5.825508e+01  8.070046e+00  6.000000e+00
     vertex  7.454252e+00  7.650803e+00  6.000000e+00
     vertex  5.819870e+01  8.048881e+00  6.000000e+00
   endloop
 endfacet
 facet normal  0.000000e+00  0.000000e+00  1.000000e+00
   outer loop
     vertex  5.819870e+01  8.048881e+00  6.000000e+00
     vertex  7.454252e+00  7.650803e+00  6.000000e+00
     vertex  5.814292e+01  8.026181e+00  6.000000e+00
   endloop
 endfacet
 facet normal  0.000000e+00  0.000000e+00  1.000000e+00
   outer loop
     vertex  5.814292e+01  8.026181e+00  6.000000e+00
     vertex  7.454252e+00  7.650803e+00  6.000000e+00
     vertex  5.808778e+01  8.001962e+00  6.000000e+00
   endloop
 endfacet
 facet normal  0.000000e+00  0.000000e+00  1.000000e+00
   outer loop
     vertex  5.808778e+01  8.001962e+00  6.000000e+00
     vertex  7.454252e+00  7.650803e+00  6.000000e+00
     vertex  5.803332e+01  7.976244e+00  6.000000e+00
   endloop
 endfacet
 facet normal  0.000000e+00  0.000000e+00  1.000000e+00
   outer loop
     vertex  5.803332e+01  7.976244e+00  6.000000e+00
     vertex  7.454252e+00  7.650803e+00  6.000000e+00
     vertex  5.797959e+01  7.949044e+00  6.000000e+00
   endloop
 endfacet
 facet normal  0.000000e+00  0.000000e+00  1.000000e+00
   outer loop
     vertex  5.797959e+01  7.949044e+00  6.000000e+00
     vertex  7.454252e+00  7.650803e+00  6.000000e+00
     vertex  5.792663e+01  7.920384e+00  6.000000e+00
   endloop
 endfacet
 facet normal  0.000000e+00  0.000000e+00  1.000000e+00
   outer loop
     vertex  5.792663e+01  7.920384e+00  6.000000e+00
     vertex  7.454252e+00  7.650803e+00  6.000000e+00
     vertex  5.787447e+01  7.890285e+00  6.000000e+00
   endloop
 endfacet
 facet normal  0.000000e+00  0.000000e+00  1.000000e+00
   outer loop
     vertex  5.787447e+01  7.890285e+00  6.000000e+00
     vertex  7.454252e+00  7.650803e+00  6.000000e+00
     vertex  5.782315e+01  7.858770e+00  6.000000e+00
   endloop
 endfacet
 facet normal  0.000000e+00  0.000000e+00  1.000000e+00
   outer loop
     vertex  5.782315e+01  7.858770e+00  6.000000e+00
     vertex  7.454252e+00  7.650803e+00  6.000000e+00
     vertex  5.777271e+01  7.825862e+00  6.000000e+00
   endloop
 endfacet
 facet normal  0.000000e+00  0.000000e+00  1.000000e+00
   outer loop
     vertex  5.777271e+01  7.825862e+00  6.000000e+00
     vertex  7.454252e+00  7.650803e+00  6.000000e+00
     vertex  5.772320e+01  7.791585e+00  6.000000e+00
   endloop
 endfacet
 facet normal  0.000000e+00  0.000000e+00  1.000000e+00
   outer loop
     vertex  5.772320e+01  7.791585e+00  6.000000e+00
     vertex  7.454252e+00  7.650803e+00  6.000000e+00
     vertex  5.767464e+01  7.755966e+00  6.000000e+00
   endloop
 endfacet
 facet normal  0.000000e+00  0.000000e+00  1.000000e+00
   outer loop
     vertex  5.767464e+01  7.755966e+00  6.000000e+00
     vertex  7.454252e+00  7.650803e+00  6.000000e+00
     vertex  5.762707e+01  7.719032e+00  6.000000e+00
   endloop
 endfacet
 facet normal  0.000000e+00  0.000000e+00  1.000000e+00
   outer loop
     vertex  5.762707e+01  7.719032e+00  6.000000e+00
     vertex  7.454252e+00  7.650803e+00  6.000000e+00
     vertex  5.758053e+01  7.680809e+00  6.000000e+00
   endloop
 endfacet
 facet normal  0.000000e+00  0.000000e+00  1.000000e+00
   outer loop
     vertex  5.758053e+01  7.680809e+00  6.000000e+00
     vertex  7.454252e+00  7.650803e+00  6.000000e+00
     vertex  5.753506e+01  7.641327e+00  6.000000e+00
   endloop
 endfacet
 facet normal -1.000000e+00  0.000000e+00  0.000000e+00
   outer loop
     vertex  0.000000e+00  9.200000e+00  3.400000e+01
     vertex  0.000000e+00  1.120000e+01  6.000000e+00
     vertex  0.000000e+00  9.200000e+00  6.000000e+00
   endloop
 endfacet
 facet normal -1.000000e+00  0.000000e+00  0.000000e+00
   outer loop
     vertex  0.000000e+00  9.200000e+00  3.400000e+01
     vertex  0.000000e+00  1.120000e+01  3.400000e+01
     vertex  0.000000e+00  1.120000e+01  6.000000e+00
   endloop
 endfacet
 facet normal  0.000000e+00  0.000000e+00  1.000000e+00
   outer loop
     vertex  6.500000e+01  1.120000e+01  6.000000e+00
     vertex  0.000000e+00  1.540000e+01  6.000000e+00
     vertex  0.000000e+00  1.120000e+01  6.000000e+00
   endloop
 endfacet
 facet normal  0.000000e+00  0.000000e+00  1.000000e+00
   outer loop
     vertex  6.500000e+01  1.540000e+01  6.000000e+00
     vertex  0.000000e+00  1.540000e+01  6.000000e+00
     vertex  6.500000e+01  1.120000e+01  6.000000e+00
   endloop
 endfacet
 facet normal -1.000000e+00  0.000000e+00  0.000000e+00
   outer loop
     vertex  0.000000e+00  1.540000e+01  3.400000e+01
     vertex  0.000000e+00  1.740000e+01  6.000000e+00
     vertex  0.000000e+00  1.540000e+01  6.000000e+00
   endloop
 endfacet
 facet normal -1.000000e+00  0.000000e+00  0.000000e+00
   outer loop
     vertex  0.000000e+00  1.540000e+01  3.400000e+01
     vertex  0.000000e+00  1.740000e+01  3.400000e+01
     vertex  0.000000e+00  1.740000e+01  6.000000e+00
   endloop
 endfacet
 facet normal  0.000000e+00  0.000000e+00  1.000000e+00
   outer loop
     vertex  6.500000e+01  1.740000e+01  6.000000e+00
     vertex  0.000000e+00  2.160000e+01  6.000000e+00
     vertex  0.000000e+00  1.740000e+01  6.000000e+00
   endloop
 endfacet
 facet normal  0.000000e+00  0.000000e+00  1.000000e+00
   outer loop
     vertex  6.500000e+01  2.160000e+01  6.000000e+00
     vertex  0.000000e+00  2.160000e+01  6.000000e+00
     vertex  6.500000e+01  1.740000e+01  6.000000e+00
   endloop
 endfacet
 facet normal -1.000000e+00  0.000000e+00  0.000000e+00
   outer loop
     vertex  0.000000e+00  2.160000e+01  3.400000e+01
     vertex  0.000000e+00  2.360000e+01  6.000000e+00
     vertex  0.000000e+00  2.160000e+01  6.000000e+00
   endloop
 endfacet
 facet normal -1.000000e+00  0.000000e+00  0.000000e+00
   outer loop
     vertex  0.000000e+00  2.160000e+01  3.400000e+01
     vertex  0.000000e+00  2.360000e+01  3.400000e+01
     vertex  0.000000e+00  2.360000e+01  6.000000e+00
   endloop
 endfacet
 facet normal  0.000000e+00  0.000000e+00  1.000000e+00
   outer loop
     vertex  6.500000e+01  2.360000e+01  6.000000e+00
     vertex  0.000000e+00  2.780000e+01  6.000000e+00
     vertex  0.000000e+00  2.360000e+01  6.000000e+00
   endloop
 endfacet
 facet normal  0.000000e+00  0.000000e+00  1.000000e+00
   outer loop
     vertex  6.500000e+01  2.780000e+01  6.000000e+00
     vertex  0.000000e+00  2.780000e+01  6.000000e+00
     vertex  6.500000e+01  2.360000e+01  6.000000e+00
   endloop
 endfacet
 facet normal -1.000000e+00  0.000000e+00  0.000000e+00
   outer loop
     vertex  0.000000e+00  2.780000e+01  3.400000e+01
     vertex  0.000000e+00  2.980000e+01  6.000000e+00
     vertex  0.000000e+00  2.780000e+01  6.000000e+00
   endloop
 endfacet
 facet normal -1.000000e+00  0.000000e+00  0.000000e+00
   outer loop
     vertex  0.000000e+00  2.780000e+01  3.400000e+01
     vertex  0.000000e+00  2.980000e+01  3.400000e+01
     vertex  0.000000e+00  2.980000e+01  6.000000e+00
   endloop
 endfacet
 facet normal  0.000000e+00  0.000000e+00  1.000000e+00
   outer loop
     vertex  6.500000e+01  3.400000e+01  6.000000e+00
     vertex  0.000000e+00  3.400000e+01  6.000000e+00
     vertex  0.000000e+00  2.980000e+01  6.000000e+00
   endloop
 endfacet
 facet normal  0.000000e+00  0.000000e+00  1.000000e+00
   outer loop
     vertex  6.500000e+01  3.400000e+01  6.000000e+00
     vertex  0.000000e+00  2.980000e+01  6.000000e+00
     vertex  6.500000e+01  2.980000e+01  6.000000e+00
   endloop
 endfacet
 facet normal -1.000000e+00  0.000000e+00  0.000000e+00
   outer loop
     vertex  0.000000e+00  3.400000e+01  3.400000e+01
     vertex  0.000000e+00  3.600000e+01  6.000000e+00
     vertex  0.000000e+00  3.400000e+01  6.000000e+00
   endloop
 endfacet
 facet normal -1.000000e+00  0.000000e+00  0.000000e+00
   outer loop
     vertex  0.000000e+00  3.400000e+01  3.400000e+01
     vertex  0.000000e+00  3.600000e+01  3.400000e+01
     vertex  0.000000e+00  3.600000e+01  6.000000e+00
   endloop
 endfacet
 facet normal  0.000000e+00  0.000000e+00  1.000000e+00
   outer loop
     vertex  6.500000e+01  3.600000e+01  6.000000e+00
     vertex  0.000000e+00  4.020000e+01  6.000000e+00
     vertex  0.000000e+00  3.600000e+01  6.000000e+00
   endloop
 endfacet
 facet normal  0.000000e+00  0.000000e+00  1.000000e+00
   outer loop
     vertex  6.500000e+01  4.020000e+01  6.000000e+00
     vertex  0.000000e+00  4.020000e+01  6.000000e+00
     vertex  6.500000e+01  3.600000e+01  6.000000e+00
   endloop
 endfacet
 facet normal -1.000000e+00  0.000000e+00  0.000000e+00
   outer loop
     vertex  0.000000e+00  4.020000e+01  3.400000e+01
     vertex  0.000000e+00  4.220000e+01  6.000000e+00
     vertex  0.000000e+00  4.020000e+01  6.000000e+00
   endloop
 endfacet
 facet normal -1.000000e+00  0.000000e+00  0.000000e+00
   outer loop
     vertex  0.000000e+00  4.020000e+01  3.400000e+01
     vertex  0.000000e+00  4.220000e+01  3.400000e+01
     vertex  0.000000e+00  4.220000e+01  6.000000e+00
   endloop
 endfacet
 facet normal  0.000000e+00  0.000000e+00  1.000000e+00
   outer loop
     vertex  6.500000e+01  4.220000e+01  6.000000e+00
     vertex  0.000000e+00  4.640000e+01  6.000000e+00
     vertex  0.000000e+00  4.220000e+01  6.000000e+00
   endloop
 endfacet
 facet normal  0.000000e+00  0.000000e+00  1.000000e+00
   outer loop
     vertex  6.500000e+01  4.640000e+01  6.000000e+00
     vertex  0.000000e+00  4.640000e+01  6.000000e+00
     vertex  6.500000e+01  4.220000e+01  6.000000e+00
   endloop
 endfacet
 facet normal -1.000000e+00  0.000000e+00  0.000000e+00
   outer loop
     vertex  0.000000e+00  4.640000e+01  3.400000e+01
     vertex  0.000000e+00  4.840000e+01  6.000000e+00
     vertex  0.000000e+00  4.640000e+01  6.000000e+00
   endloop
 endfacet
 facet normal -1.000000e+00  0.000000e+00  0.000000e+00
   outer loop
     vertex  0.000000e+00  4.640000e+01  3.400000e+01
     vertex  0.000000e+00  4.840000e+01  3.400000e+01
     vertex  0.000000e+00  4.840000e+01  6.000000e+00
   endloop
 endfacet
 facet normal  0.000000e+00  0.000000e+00  1.000000e+00
   outer loop
     vertex  6.500000e+01  4.840000e+01  6.000000e+00
     vertex  0.000000e+00  5.260000e+01  6.000000e+00
     vertex  0.000000e+00  4.840000e+01  6.000000e+00
   endloop
 endfacet
 facet normal  0.000000e+00  0.000000e+00  1.000000e+00
   outer loop
     vertex  6.500000e+01  5.260000e+01  6.000000e+00
     vertex  0.000000e+00  5.260000e+01  6.000000e+00
     vertex  6.500000e+01  4.840000e+01  6.000000e+00
   endloop
 endfacet
 facet normal -1.000000e+00  0.000000e+00  0.000000e+00
   outer loop
     vertex  0.000000e+00  5.260000e+01  3.400000e+01
     vertex  0.000000e+00  5.460000e+01  6.000000e+00
     vertex  0.000000e+00  5.260000e+01  6.000000e+00
   endloop
 endfacet
 facet normal -1.000000e+00  0.000000e+00  0.000000e+00
   outer loop
     vertex  0.000000e+00  5.260000e+01  3.400000e+01
     vertex  0.000000e+00  5.460000e+01  3.400000e+01
     vertex  0.000000e+00  5.460000e+01  6.000000e+00
   endloop
 endfacet
 facet normal  0.000000e+00  0.000000e+00  1.000000e+00
   outer loop
     vertex  4.472798e+00  5.741644e+01  6.000000e+00
     vertex  4.429983e+00  5.745888e+01  6.000000e+00
     vertex  0.000000e+00  5.460000e+01  6.000000e+00
   endloop
 endfacet
 facet normal  0.000000e+00  0.000000e+00  1.000000e+00
   outer loop
     vertex  4.388346e+00  5.750248e+01  6.000000e+00
     vertex  0.000000e+00  5.460000e+01  6.000000e+00
     vertex  4.429983e+00  5.745888e+01  6.000000e+00
   endloop
 endfacet
 facet normal  0.000000e+00  0.000000e+00  1.000000e+00
   outer loop
     vertex  4.516760e+00  5.737519e+01  6.000000e+00
     vertex  4.472798e+00  5.741644e+01  6.000000e+00
     vertex  0.000000e+00  5.460000e+01  6.000000e+00
   endloop
 endfacet
 facet normal  0.000000e+00  0.000000e+00  1.000000e+00
   outer loop
     vertex  4.347920e+00  5.754720e+01  6.000000e+00
     vertex  0.000000e+00  5.460000e+01  6.000000e+00
     vertex  4.388346e+00  5.750248e+01  6.000000e+00
   endloop
 endfacet
 facet normal  0.000000e+00  0.000000e+00  1.000000e+00
   outer loop
     vertex  4.561836e+00  5.733516e+01  6.000000e+00
     vertex  4.516760e+00  5.737519e+01  6.000000e+00
     vertex  0.000000e+00  5.460000e+01  6.000000e+00
   endloop
 endfacet
 facet normal  0.000000e+00  0.000000e+00  1.000000e+00
   outer loop
     vertex  4.308734e+00  5.759301e+01  6.000000e+00
     vertex  0.000000e+00  5.460000e+01  6.000000e+00
     vertex  4.347920e+00  5.754720e+01  6.000000e+00
   endloop
 endfacet
 facet normal  0.000000e+00  0.000000e+00  1.000000e+00
   outer loop
     vertex  4.607992e+00  5.729638e+01  6.000000e+00
     vertex  4.561836e+00  5.733516e+01  6.000000e+00
     vertex  0.000000e+00  5.460000e+01  6.000000e+00
   endloop
 endfacet
 facet normal  0.000000e+00  0.000000e+00  1.000000e+00
   outer loop
     vertex  4.270818e+00  5.763988e+01  6.000000e+00
     vertex  0.000000e+00  5.460000e+01  6.000000e+00
     vertex  4.308734e+00  5.759301e+01  6.000000e+00
   endloop
 endfacet
 facet normal  0.000000e+00  0.000000e+00  1.000000e+00
   outer loop
     vertex  4.655193e+00  5.725888e+01  6.000000e+00
     vertex  4.607992e+00  5.729638e+01  6.000000e+00
     vertex  0.000000e+00  5.460000e+01  6.000000e+00
   endloop
 endfacet
 facet normal  0.000000e+00  0.000000e+00  1.000000e+00
   outer loop
     vertex  4.234201e+00  5.768777e+01  6.000000e+00
     vertex  0.000000e+00  5.460000e+01  6.000000e+00
     vertex  4.270818e+00  5.763988e+01  6.000000e+00
   endloop
 endfacet
 facet normal  0.000000e+00  0.000000e+00  1.000000e+00
   outer loop
     vertex  4.703404e+00  5.722269e+01  6.000000e+00
     vertex  4.655193e+00  5.725888e+01  6.000000e+00
     vertex  0.000000e+00  5.460000e+01  6.000000e+00
   endloop
 endfacet
 facet normal  0.000000e+00  0.000000e+00  1.000000e+00
   outer loop
     vertex  4.198909e+00  5.773664e+01  6.000000e+00
     vertex  0.000000e+00  5.460000e+01  6.000000e+00
     vertex  4.234201e+00  5.768777e+01  6.000000e+00
   endloop
 endfacet
 facet normal  0.000000e+00  0.000000e+00  1.000000e+00
   outer loop
     vertex  4.752588e+00  5.718783e+01  6.000000e+00
     vertex  4.703404e+00  5.722269e+01  6.000000e+00
     vertex  0.000000e+00  5.460000e+01  6.000000e+00
   endloop
 endfacet
 facet normal  0.000000e+00  0.000000e+00  1.000000e+00
   outer loop
     vertex  4.164970e+00  5.778647e+01  6.000000e+00
     vertex  0.000000e+00  5.460000e+01  6.000000e+00
     vertex  4.198909e+00  5.773664e+01  6.000000e+00
   endloop
 endfacet
 facet normal  0.000000e+00  0.000000e+00  1.000000e+00
   outer loop
     vertex  4.802709e+00  5.715433e+01  6.000000e+00
     vertex  4.752588e+00  5.718783e+01  6.000000e+00
     vertex  0.000000e+00  5.460000e+01  6.000000e+00
   endloop
 endfacet
 facet normal  0.000000e+00  0.000000e+00  1.000000e+00
   outer loop
     vertex  4.132408e+00  5.783720e+01  6.000000e+00
     vertex  0.000000e+00  5.460000e+01  6.000000e+00
     vertex  4.164970e+00  5.778647e+01  6.000000e+00
   endloop
 endfacet
 facet normal  0.000000e+00  0.000000e+00  1.000000e+00
   outer loop
     vertex  4.853729e+00  5.712222e+01  6.000000e+00
     vertex  4.802709e+00  5.715433e+01  6.000000e+00
     vertex  0.000000e+00  5.460000e+01  6.000000e+00
   endloop
 endfacet
 facet normal  0.000000e+00  0.000000e+00  1.000000e+00
   outer loop
     vertex  4.101249e+00  5.788881e+01  6.000000e+00
     vertex  0.000000e+00  5.460000e+01  6.000000e+00
     vertex  4.132408e+00  5.783720e+01  6.000000e+00
   endloop
 endfacet
 facet normal  0.000000e+00  0.000000e+00  1.000000e+00
   outer loop
     vertex  4.905610e+00  5.709152e+01  6.000000e+00
     vertex  4.853729e+00  5.712222e+01  6.000000e+00
     vertex  0.000000e+00  5.460000e+01  6.000000e+00
   endloop
 endfacet
 facet normal  0.000000e+00  0.000000e+00  1.000000e+00
   outer loop
     vertex  4.071516e+00  5.794125e+01  6.000000e+00
     vertex  0.000000e+00  5.880000e+01  6.000000e+00
     vertex  0.000000e+00  5.460000e+01  6.000000e+00
   endloop
 endfacet
 facet normal  0.000000e+00  0.000000e+00  1.000000e+00
   outer loop
     vertex  4.071516e+00  5.794125e+01  6.000000e+00
     vertex  0.000000e+00  5.460000e+01  6.000000e+00
     vertex  4.101249e+00  5.788881e+01  6.000000e+00
   endloop
 endfacet
 facet normal  0.000000e+00  0.000000e+00  1.000000e+00
   outer loop
     vertex  4.958312e+00  5.706225e+01  6.000000e+00
     vertex  4.905610e+00  5.709152e+01  6.000000e+00
     vertex  0.000000e+00  5.460000e+01  6.000000e+00
   endloop
 endfacet
 facet normal  0.000000e+00  0.000000e+00  1.000000e+00
   outer loop
     vertex  4.043231e+00  5.799449e+01  6.000000e+00
     vertex  0.000000e+00  5.880000e+01  6.000000e+00
     vertex  4.071516e+00  5.794125e+01  6.000000e+00
   endloop
 endfacet
 facet normal  0.000000e+00  0.000000e+00  1.000000e+00
   outer loop
     vertex  5.011797e+00  5.703443e+01  6.000000e+00
     vertex  4.958312e+00  5.706225e+01  6.000000e+00
     vertex  0.000000e+00  5.460000e+01  6.000000e+00
   endloop
 endfacet
 facet normal  0.000000e+00  0.000000e+00  1.000000e+00
   outer loop
     vertex  4.016415e+00  5.804848e+01  6.000000e+00
     vertex  0.000000e+00  5.880000e+01  6.000000e+00
     vertex  4.043231e+00  5.799449e+01  6.000000e+00
   endloop
 endfacet
 facet normal  0.000000e+00  0.000000e+00  1.000000e+00
   outer loop
     vertex  5.066024e+00  5.700809e+01  6.000000e+00
     vertex  5.011797e+00  5.703443e+01  6.000000e+00
     vertex  0.000000e+00  5.460000e+01  6.000000e+00
   endloop
 endfacet
 facet normal  0.000000e+00  0.000000e+00  1.000000e+00
   outer loop
     vertex  3.991088e+00  5.810319e+01  6.000000e+00
     vertex  0.000000e+00  5.880000e+01  6.000000e+00
     vertex  4.016415e+00  5.804848e+01  6.000000e+00
   endloop
 endfacet
 facet normal  0.000000e+00  0.000000e+00  1.000000e+00
   outer loop
     vertex  5.120952e+00  5.698325e+01  6.000000e+00
     vertex  5.066024e+00  5.700809e+01  6.000000e+00
     vertex  0.000000e+00  5.460000e+01  6.000000e+00
   endloop
 endfacet
 facet normal  0.000000e+00  0.000000e+00  1.000000e+00
   outer loop
     vertex  3.967270e+00  5.815857e+01  6.000000e+00
     vertex  0.000000e+00  5.880000e+01  6.000000e+00
     vertex  3.991088e+00  5.810319e+01  6.000000e+00
   endloop
 endfacet
 facet normal  0.000000e+00  0.000000e+00  1.000000e+00
   outer loop
     vertex  5.176540e+00  5.695992e+01  6.000000e+00
     vertex  5.120952e+00  5.698325e+01  6.000000e+00
     vertex  0.000000e+00  5.460000e+01  6.000000e+00
   endloop
 endfacet
 facet normal  0.000000e+00  0.000000e+00  1.000000e+00
   outer loop
     vertex  3.944979e+00  5.821458e+01  6.000000e+00
     vertex  0.000000e+00  5.880000e+01  6.000000e+00
     vertex  3.967270e+00  5.815857e+01  6.000000e+00
   endloop
 endfacet
 facet normal  0.000000e+00  0.000000e+00  1.000000e+00
   outer loop
     vertex  5.232746e+00  5.693813e+01  6.000000e+00
     vertex  5.176540e+00  5.695992e+01  6.000000e+00
     vertex  0.000000e+00  5.460000e+01  6.000000e+00
   endloop
 endfacet
 facet normal  0.000000e+00  0.000000e+00  1.000000e+00
   outer loop
     vertex  3.924230e+00  5.827118e+01  6.000000e+00
     vertex  0.000000e+00  5.880000e+01  6.000000e+00
     vertex  3.944979e+00  5.821458e+01  6.000000e+00
   endloop
 endfacet
 facet normal  0.000000e+00  0.000000e+00  1.000000e+00
   outer loop
     vertex  5.289529e+00  5.691788e+01  6.000000e+00
     vertex  5.232746e+00  5.693813e+01  6.000000e+00
     vertex  0.000000e+00  5.460000e+01  6.000000e+00
   endloop
 endfacet
 facet normal  0.000000e+00  0.000000e+00  1.000000e+00
   outer loop
     vertex  3.905040e+00  5.832833e+01  6.000000e+00
     vertex  0.000000e+00  5.880000e+01  6.000000e+00
     vertex  3.924230e+00  5.827118e+01  6.000000e+00
   endloop
 endfacet
 facet normal  0.000000e+00  0.000000e+00  1.000000e+00
   outer loop
     vertex  5.346845e+00  5.689919e+01  6.000000e+00
     vertex  5.289529e+00  5.691788e+01  6.000000e+00
     vertex  0.000000e+00  5.460000e+01  6.000000e+00
   endloop
 endfacet
 facet normal  0.000000e+00  0.000000e+00  1.000000e+00
   outer loop
     vertex  3.887423e+00  5.838598e+01  6.000000e+00
     vertex  0.000000e+00  5.880000e+01  6.000000e+00
     vertex  3.905040e+00  5.832833e+01  6.000000e+00
   endloop
 endfacet
 facet normal  0.000000e+00  0.000000e+00  1.000000e+00
   outer loop
     vertex  5.404651e+00  5.688209e+01  6.000000e+00
     vertex  5.346845e+00  5.689919e+01  6.000000e+00
     vertex  0.000000e+00  5.460000e+01  6.000000e+00
   endloop
 endfacet
 facet normal  0.000000e+00  0.000000e+00  1.000000e+00
   outer loop
     vertex  3.871392e+00  5.844410e+01  6.000000e+00
     vertex  0.000000e+00  5.880000e+01  6.000000e+00
     vertex  3.887423e+00  5.838598e+01  6.000000e+00
   endloop
 endfacet
 facet normal  0.000000e+00  0.000000e+00  1.000000e+00
   outer loop
     vertex  5.462904e+00  5.686657e+01  6.000000e+00
     vertex  5.404651e+00  5.688209e+01  6.000000e+00
     vertex  0.000000e+00  5.460000e+01  6.000000e+00
   endloop
 endfacet
 facet normal  0.000000e+00  0.000000e+00  1.000000e+00
   outer loop
     vertex  3.856960e+00  5.850263e+01  6.000000e+00
     vertex  0.000000e+00  5.880000e+01  6.000000e+00
     vertex  3.871392e+00  5.844410e+01  6.000000e+00
   endloop
 endfacet
 facet normal  0.000000e+00  0.000000e+00  1.000000e+00
   outer loop
     vertex  5.521561e+00  5.685265e+01  6.000000e+00
     vertex  5.462904e+00  5.686657e+01  6.000000e+00
     vertex  0.000000e+00  5.460000e+01  6.000000e+00
   endloop
 endfacet
 facet normal  0.000000e+00  0.000000e+00  1.000000e+00
   outer loop
     vertex  3.844137e+00  5.856153e+01  6.000000e+00
     vertex  0.000000e+00  5.880000e+01  6.000000e+00
     vertex  3.856960e+00  5.850263e+01  6.000000e+00
   endloop
 endfacet
 facet normal  0.000000e+00  0.000000e+00  1.000000e+00
   outer loop
     vertex  5.580577e+00  5.684035e+01  6.000000e+00
     vertex  5.521561e+00  5.685265e+01  6.000000e+00
     vertex  0.000000e+00  5.460000e+01  6.000000e+00
   endloop
 endfacet
 facet normal  0.000000e+00  0.000000e+00  1.000000e+00
   outer loop
     vertex  3.832932e+00  5.862077e+01  6.000000e+00
     vertex  0.000000e+00  5.880000e+01  6.000000e+00
     vertex  3.844137e+00  5.856153e+01  6.000000e+00
   endloop
 endfacet
 facet normal  0.000000e+00  0.000000e+00  1.000000e+00
   outer loop
     vertex  5.639908e+00  5.682967e+01  6.000000e+00
     vertex  5.580577e+00  5.684035e+01  6.000000e+00
     vertex  0.000000e+00  5.460000e+01  6.000000e+00
   endloop
 endfacet
 facet normal  0.000000e+00  0.000000e+00  1.000000e+00
   outer loop
     vertex  3.823355e+00  5.868029e+01  6.000000e+00
     vertex  0.000000e+00  5.880000e+01  6.000000e+00
     vertex  3.832932e+00  5.862077e+01  6.000000e+00
   endloop
 endfacet
 facet normal  0.000000e+00  0.000000e+00  1.000000e+00
   outer loop
     vertex  5.699509e+00  5.682062e+01  6.000000e+00
     vertex  5.639908e+00  5.682967e+01  6.000000e+00
     vertex  0.000000e+00  5.460000e+01  6.000000e+00
   endloop
 endfacet
 facet normal  0.000000e+00  0.000000e+00  1.000000e+00
   outer loop
     vertex  3.815412e+00  5.874005e+01  6.000000e+00
     vertex  0.000000e+00  5.880000e+01  6.000000e+00
     vertex  3.823355e+00  5.868029e+01  6.000000e+00
   endloop
 endfacet
 facet normal  0.000000e+00  0.000000e+00  1.000000e+00
   outer loop
     vertex  5.759336e+00  5.681320e+01  6.000000e+00
     vertex  5.699509e+00  5.682062e+01  6.000000e+00
     vertex  0.000000e+00  5.460000e+01  6.000000e+00
   endloop
 endfacet
 facet normal  0.000000e+00  0.000000e+00  1.000000e+00
   outer loop
     vertex  3.809110e+00  5.880000e+01  6.000000e+00
     vertex  0.000000e+00  5.880000e+01  6.000000e+00
     vertex  3.815412e+00  5.874005e+01  6.000000e+00
   endloop
 endfacet
 facet normal  0.000000e+00  0.000000e+00  1.000000e+00
   outer loop
     vertex  5.819344e+00  5.680743e+01  6.000000e+00
     vertex  5.759336e+00  5.681320e+01  6.000000e+00
     vertex  0.000000e+00  5.460000e+01  6.000000e+00
   endloop
 endfacet
 facet normal  0.000000e+00  0.000000e+00  1.000000e+00
   outer loop
     vertex  5.879487e+00  5.680330e+01  6.000000e+00
     vertex  5.819344e+00  5.680743e+01  6.000000e+00
     vertex  0.000000e+00  5.460000e+01  6.000000e+00
   endloop
 endfacet
 facet normal  0.000000e+00  0.000000e+00  1.000000e+00
   outer loop
     vertex  5.939721e+00  5.680083e+01  6.000000e+00
     vertex  5.879487e+00  5.680330e+01  6.000000e+00
     vertex  0.000000e+00  5.460000e+01  6.000000e+00
   endloop
 endfacet
 facet normal  0.000000e+00  0.000000e+00  1.000000e+00
   outer loop
     vertex  6.000000e+00  5.680000e+01  6.000000e+00
     vertex  5.939721e+00  5.680083e+01  6.000000e+00
     vertex  0.000000e+00  5.460000e+01  6.000000e+00
   endloop
 endfacet
 facet normal  0.000000e+00  0.000000e+00  1.000000e+00
   outer loop
     vertex  6.060279e+00  5.680083e+01  6.000000e+00
     vertex  6.000000e+00  5.680000e+01  6.000000e+00
     vertex  0.000000e+00  5.460000e+01  6.000000e+00
   endloop
 endfacet
 facet normal  0.000000e+00  0.000000e+00  1.000000e+00
   outer loop
     vertex  6.120513e+00  5.680330e+01  6.000000e+00
     vertex  6.060279e+00  5.680083e+01  6.000000e+00
     vertex  0.000000e+00  5.460000e+01  6.000000e+00
   endloop
 endfacet
 facet normal  0.000000e+00  0.000000e+00  1.000000e+00
   outer loop
     vertex  6.180656e+00  5.680743e+01  6.000000e+00
     vertex  6.120513e+00  5.680330e+01  6.000000e+00
     vertex  0.000000e+00  5.460000e+01  6.000000e+00
   endloop
 endfacet
 facet normal  0.000000e+00  0.000000e+00  1.000000e+00
   outer loop
     vertex  6.240664e+00  5.681320e+01  6.000000e+00
     vertex  6.180656e+00  5.680743e+01  6.000000e+00
     vertex  0.000000e+00  5.460000e+01  6.000000e+00
   endloop
 endfacet
 facet normal  0.000000e+00  0.000000e+00  1.000000e+00
   outer loop
     vertex  6.300491e+00  5.682062e+01  6.000000e+00
     vertex  6.240664e+00  5.681320e+01  6.000000e+00
     vertex  0.000000e+00  5.460000e+01  6.000000e+00
   endloop
 endfacet
 facet normal  0.000000e+00  0.000000e+00  1.000000e+00
   outer loop
     vertex  6.360092e+00  5.682967e+01  6.000000e+00
     vertex  6.300491e+00  5.682062e+01  6.000000e+00
     vertex  0.000000e+00  5.460000e+01  6.000000e+00
   endloop
 endfacet
 facet normal  0.000000e+00  0.000000e+00  1.000000e+00
   outer loop
     vertex  6.419423e+00  5.684035e+01  6.000000e+00
     vertex  6.360092e+00  5.682967e+01  6.000000e+00
     vertex  0.000000e+00  5.460000e+01  6.000000e+00
   endloop
 endfacet
 facet normal  0.000000e+00  0.000000e+00  1.000000e+00
   outer loop
     vertex  6.478439e+00  5.685265e+01  6.000000e+00
     vertex  6.419423e+00  5.684035e+01  6.000000e+00
     vertex  0.000000e+00  5.460000e+01  6.000000e+00
   endloop
 endfacet
 facet normal  0.000000e+00  0.000000e+00  1.000000e+00
   outer loop
     vertex  6.537096e+00  5.686657e+01  6.000000e+00
     vertex  6.478439e+00  5.685265e+01  6.000000e+00
     vertex  0.000000e+00  5.460000e+01  6.000000e+00
   endloop
 endfacet
 facet normal  0.000000e+00  0.000000e+00  1.000000e+00
   outer loop
     vertex  6.595349e+00  5.688209e+01  6.000000e+00
     vertex  6.537096e+00  5.686657e+01  6.000000e+00
     vertex  0.000000e+00  5.460000e+01  6.000000e+00
   endloop
 endfacet
 facet normal  0.000000e+00  0.000000e+00  1.000000e+00
   outer loop
     vertex  6.653155e+00  5.689919e+01  6.000000e+00
     vertex  6.595349e+00  5.688209e+01  6.000000e+00
     vertex  0.000000e+00  5.460000e+01  6.000000e+00
   endloop
 endfacet
 facet normal  0.000000e+00  0.000000e+00  1.000000e+00
   outer loop
     vertex  5.742998e+01  5.745888e+01  6.000000e+00
     vertex  7.570017e+00  5.745888e+01  6.000000e+00
     vertex  7.527202e+00  5.741644e+01  6.000000e+00
   endloop
 endfacet
 facet normal  0.000000e+00  0.000000e+00  1.000000e+00
   outer loop
     vertex  5.747280e+01  5.741644e+01  6.000000e+00
     vertex  5.742998e+01  5.745888e+01  6.000000e+00
     vertex  7.527202e+00  5.741644e+01  6.000000e+00
   endloop
 endfacet
 facet normal  0.000000e+00  0.000000e+00  1.000000e+00
   outer loop
     vertex  5.738835e+01  5.750248e+01  6.000000e+00
     vertex  7.570017e+00  5.745888e+01  6.000000e+00
     vertex  5.742998e+01  5.745888e+01  6.000000e+00
   endloop
 endfacet
 facet normal  0.000000e+00  0.000000e+00  1.000000e+00
   outer loop
     vertex  5.738835e+01  5.750248e+01  6.000000e+00
     vertex  7.611654e+00  5.750248e+01  6.000000e+00
     vertex  7.570017e+00  5.745888e+01  6.000000e+00
   endloop
 endfacet
 facet normal  0.000000e+00  0.000000e+00  1.000000e+00
   outer loop
     vertex  5.751676e+01  5.737519e+01  6.000000e+00
     vertex  5.747280e+01  5.741644e+01  6.000000e+00
     vertex  7.527202e+00  5.741644e+01  6.000000e+00
   endloop
 endfacet
 facet normal  0.000000e+00  0.000000e+00  1.000000e+00
   outer loop
     vertex  5.751676e+01  5.737519e+01  6.000000e+00
     vertex  7.483240e+00  5.737519e+01  6.000000e+00
     vertex  7.438164e+00  5.733516e+01  6.000000e+00
   endloop
 endfacet
 facet normal  0.000000e+00  0.000000e+00  1.000000e+00
   outer loop
     vertex  5.751676e+01  5.737519e+01  6.000000e+00
     vertex  7.527202e+00  5.741644e+01  6.000000e+00
     vertex  7.483240e+00  5.737519e+01  6.000000e+00
   endloop
 endfacet
 facet normal  0.000000e+00  0.000000e+00  1.000000e+00
   outer loop
     vertex  5.734792e+01  5.754720e+01  6.000000e+00
     vertex  7.611654e+00  5.750248e+01  6.000000e+00
     vertex  5.738835e+01  5.750248e+01  6.000000e+00
   endloop
 endfacet
 facet normal  0.000000e+00  0.000000e+00  1.000000e+00
   outer loop
     vertex  5.734792e+01  5.754720e+01  6.000000e+00
     vertex  7.652080e+00  5.754720e+01  6.000000e+00
     vertex  7.611654e+00  5.750248e+01  6.000000e+00
   endloop
 endfacet
 facet normal  0.000000e+00  0.000000e+00  1.000000e+00
   outer loop
     vertex  5.756184e+01  5.733516e+01  6.000000e+00
     vertex  5.751676e+01  5.737519e+01  6.000000e+00
     vertex  7.438164e+00  5.733516e+01  6.000000e+00
   endloop
 endfacet
 facet normal  0.000000e+00  0.000000e+00  1.000000e+00
   outer loop
     vertex  5.730873e+01  5.759301e+01  6.000000e+00
     vertex  7.652080e+00  5.754720e+01  6.000000e+00
     vertex  5.734792e+01  5.754720e+01  6.000000e+00
   endloop
 endfacet
 facet normal  0.000000e+00  0.000000e+00  1.000000e+00
   outer loop
     vertex  5.730873e+01  5.759301e+01  6.000000e+00
     vertex  7.691266e+00  5.759301e+01  6.000000e+00
     vertex  7.652080e+00  5.754720e+01  6.000000e+00
   endloop
 endfacet
 facet normal  0.000000e+00  0.000000e+00  1.000000e+00
   outer loop
     vertex  5.760799e+01  5.729638e+01  6.000000e+00
     vertex  5.756184e+01  5.733516e+01  6.000000e+00
     vertex  7.438164e+00  5.733516e+01  6.000000e+00
   endloop
 endfacet
 facet normal  0.000000e+00  0.000000e+00  1.000000e+00
   outer loop
     vertex  5.760799e+01  5.729638e+01  6.000000e+00
     vertex  7.438164e+00  5.733516e+01  6.000000e+00
     vertex  7.392008e+00  5.729638e+01  6.000000e+00
   endloop
 endfacet
 facet normal  0.000000e+00  0.000000e+00  1.000000e+00
   outer loop
     vertex  5.727082e+01  5.763988e+01  6.000000e+00
     vertex  7.691266e+00  5.759301e+01  6.000000e+00
     vertex  5.730873e+01  5.759301e+01  6.000000e+00
   endloop
 endfacet
 facet normal  0.000000e+00  0.000000e+00  1.000000e+00
   outer loop
     vertex  5.727082e+01  5.763988e+01  6.000000e+00
     vertex  7.729182e+00  5.763988e+01  6.000000e+00
     vertex  7.691266e+00  5.759301e+01  6.000000e+00
   endloop
 endfacet
 facet normal  0.000000e+00  0.000000e+00  1.000000e+00
   outer loop
     vertex  5.765519e+01  5.725888e+01  6.000000e+00
     vertex  5.760799e+01  5.729638e+01  6.000000e+00
     vertex  7.392008e+00  5.729638e+01  6.000000e+00
   endloop
 endfacet
 facet normal  0.000000e+00  0.000000e+00  1.000000e+00
   outer loop
     vertex  5.765519e+01  5.725888e+01  6.000000e+00
     vertex  7.344807e+00  5.725888e+01  6.000000e+00
     vertex  7.296596e+00  5.722269e+01  6.000000e+00
   endloop
 endfacet
 facet normal  0.000000e+00  0.000000e+00  1.000000e+00
   outer loop
     vertex  5.765519e+01  5.725888e+01  6.000000e+00
     vertex  7.392008e+00  5.729638e+01  6.000000e+00
     vertex  7.344807e+00  5.725888e+01  6.000000e+00
   endloop
 endfacet
 facet normal  0.000000e+00  0.000000e+00  1.000000e+00
   outer loop
     vertex  5.723420e+01  5.768777e+01  6.000000e+00
     vertex  7.729182e+00  5.763988e+01  6.000000e+00
     vertex  5.727082e+01  5.763988e+01  6.000000e+00
   endloop
 endfacet
 facet normal  0.000000e+00  0.000000e+00  1.000000e+00
   outer loop
     vertex  5.723420e+01  5.768777e+01  6.000000e+00
     vertex  7.765799e+00  5.768777e+01  6.000000e+00
     vertex  7.729182e+00  5.763988e+01  6.000000e+00
   endloop
 endfacet
 facet normal  0.000000e+00  0.000000e+00  1.000000e+00
   outer loop
     vertex  5.770340e+01  5.722269e+01  6.000000e+00
     vertex  5.765519e+01  5.725888e+01  6.000000e+00
     vertex  7.296596e+00  5.722269e+01  6.000000e+00
   endloop
 endfacet
 facet normal  0.000000e+00  0.000000e+00  1.000000e+00
   outer loop
     vertex  5.719891e+01  5.773664e+01  6.000000e+00
     vertex  7.801091e+00  5.773664e+01  6.000000e+00
     vertex  7.765799e+00  5.768777e+01  6.000000e+00
   endloop
 endfacet
 facet normal  0.000000e+00  0.000000e+00  1.000000e+00
   outer loop
     vertex  5.719891e+01  5.773664e+01  6.000000e+00
     vertex  7.765799e+00  5.768777e+01  6.000000e+00
     vertex  5.723420e+01  5.768777e+01  6.000000e+00
   endloop
 endfacet
 facet normal  0.000000e+00  0.000000e+00  1.000000e+00
   outer loop
     vertex  5.775259e+01  5.718783e+01  6.000000e+00
     vertex  5.770340e+01  5.722269e+01  6.000000e+00
     vertex  7.296596e+00  5.722269e+01  6.000000e+00
   endloop
 endfacet
 facet normal  0.000000e+00  0.000000e+00  1.000000e+00
   outer loop
     vertex  5.775259e+01  5.718783e+01  6.000000e+00
     vertex  7.247412e+00  5.718783e+01  6.000000e+00
     vertex  7.197291e+00  5.715433e+01  6.000000e+00
   endloop
 endfacet
 facet normal  0.000000e+00  0.000000e+00  1.000000e+00
   outer loop
     vertex  5.775259e+01  5.718783e+01  6.000000e+00
     vertex  7.296596e+00  5.722269e+01  6.000000e+00
     vertex  7.247412e+00  5.718783e+01  6.000000e+00
   endloop
 endfacet
 facet normal  0.000000e+00  0.000000e+00  1.000000e+00
   outer loop
     vertex  5.716497e+01  5.778647e+01  6.000000e+00
     vertex  7.835030e+00  5.778647e+01  6.000000e+00
     vertex  7.801091e+00  5.773664e+01  6.000000e+00
   endloop
 endfacet
 facet normal  0.000000e+00  0.000000e+00  1.000000e+00
   outer loop
     vertex  5.716497e+01  5.778647e+01  6.000000e+00
     vertex  7.867592e+00  5.783720e+01  6.000000e+00
     vertex  7.835030e+00  5.778647e+01  6.000000e+00
   endloop
 endfacet
 facet normal  0.000000e+00  0.000000e+00  1.000000e+00
   outer loop
     vertex  5.716497e+01  5.778647e+01  6.000000e+00
     vertex  7.801091e+00  5.773664e+01  6.000000e+00
     vertex  5.719891e+01  5.773664e+01  6.000000e+00
   endloop
 endfacet
 facet normal  0.000000e+00  0.000000e+00  1.000000e+00
   outer loop
     vertex  5.780271e+01  5.715433e+01  6.000000e+00
     vertex  5.775259e+01  5.718783e+01  6.000000e+00
     vertex  7.197291e+00  5.715433e+01  6.000000e+00
   endloop
 endfacet
 facet normal  0.000000e+00  0.000000e+00  1.000000e+00
   outer loop
     vertex  5.713241e+01  5.783720e+01  6.000000e+00
     vertex  7.867592e+00  5.783720e+01  6.000000e+00
     vertex  5.716497e+01  5.778647e+01  6.000000e+00
   endloop
 endfacet
 facet normal  0.000000e+00  0.000000e+00  1.000000e+00
   outer loop
     vertex  5.785373e+01  5.712222e+01  6.000000e+00
     vertex  5.780271e+01  5.715433e+01  6.000000e+00
     vertex  7.197291e+00  5.715433e+01  6.000000e+00
   endloop
 endfacet
 facet normal  0.000000e+00  0.000000e+00  1.000000e+00
   outer loop
     vertex  5.785373e+01  5.712222e+01  6.000000e+00
     vertex  7.197291e+00  5.715433e+01  6.000000e+00
     vertex  7.146271e+00  5.712222e+01  6.000000e+00
   endloop
 endfacet
 facet normal  0.000000e+00  0.000000e+00  1.000000e+00
   outer loop
     vertex  5.710125e+01  5.788881e+01  6.000000e+00
     vertex  7.898751e+00  5.788881e+01  6.000000e+00
     vertex  7.867592e+00  5.783720e+01  6.000000e+00
   endloop
 endfacet
 facet normal  0.000000e+00  0.000000e+00  1.000000e+00
   outer loop
     vertex  5.710125e+01  5.788881e+01  6.000000e+00
     vertex  7.928484e+00  5.794125e+01  6.000000e+00
     vertex  7.898751e+00  5.788881e+01  6.000000e+00
   endloop
 endfacet
 facet normal  0.000000e+00  0.000000e+00  1.000000e+00
   outer loop
     vertex  5.710125e+01  5.788881e+01  6.000000e+00
     vertex  7.867592e+00  5.783720e+01  6.000000e+00
     vertex  5.713241e+01  5.783720e+01  6.000000e+00
   endloop
 endfacet
 facet normal  0.000000e+00  0.000000e+00  1.000000e+00
   outer loop
     vertex  5.790561e+01  5.709152e+01  6.000000e+00
     vertex  5.785373e+01  5.712222e+01  6.000000e+00
     vertex  7.146271e+00  5.712222e+01  6.000000e+00
   endloop
 endfacet
 facet normal  0.000000e+00  0.000000e+00  1.000000e+00
   outer loop
     vertex  5.790561e+01  5.709152e+01  6.000000e+00
     vertex  7.094390e+00  5.709152e+01  6.000000e+00
     vertex  7.041688e+00  5.706225e+01  6.000000e+00
   endloop
 endfacet
 facet normal  0.000000e+00  0.000000e+00  1.000000e+00
   outer loop
     vertex  5.790561e+01  5.709152e+01  6.000000e+00
     vertex  7.146271e+00  5.712222e+01  6.000000e+00
     vertex  7.094390e+00  5.709152e+01  6.000000e+00
   endloop
 endfacet
 facet normal  0.000000e+00  0.000000e+00  1.000000e+00
   outer loop
     vertex  5.707152e+01  5.794125e+01  6.000000e+00
     vertex  7.928484e+00  5.794125e+01  6.000000e+00
     vertex  5.710125e+01  5.788881e+01  6.000000e+00
   endloop
 endfacet
 facet normal  0.000000e+00  0.000000e+00  1.000000e+00
   outer loop
     vertex  5.795831e+01  5.706225e+01  6.000000e+00
     vertex  5.790561e+01  5.709152e+01  6.000000e+00
     vertex  7.041688e+00  5.706225e+01  6.000000e+00
   endloop
 endfacet
 facet normal  0.000000e+00  0.000000e+00  1.000000e+00
   outer loop
     vertex  5.704323e+01  5.799449e+01  6.000000e+00
     vertex  7.956769e+00  5.799449e+01  6.000000e+00
     vertex  7.928484e+00  5.794125e+01  6.000000e+00
   endloop
 endfacet
 facet normal  0.000000e+00  0.000000e+00  1.000000e+00
   outer loop
     vertex  5.704323e+01  5.799449e+01  6.000000e+00
     vertex  7.983585e+00  5.804848e+01  6.000000e+00
     vertex  7.956769e+00  5.799449e+01  6.000000e+00
   endloop
 endfacet
 facet normal  0.000000e+00  0.000000e+00  1.000000e+00
   outer loop
     vertex  5.704323e+01  5.799449e+01  6.000000e+00
     vertex  7.928484e+00  5.794125e+01  6.000000e+00
     vertex  5.707152e+01  5.794125e+01  6.000000e+00
   endloop
 endfacet
 facet normal  0.000000e+00  0.000000e+00  1.000000e+00
   outer loop
     vertex  5.801180e+01  5.703443e+01  6.000000e+00
     vertex  7.041688e+00  5.706225e+01  6.000000e+00
     vertex  6.988203e+00  5.703443e+01  6.000000e+00
   endloop
 endfacet
 facet normal  0.000000e+00  0.000000e+00  1.000000e+00
   outer loop
     vertex  5.801180e+01  5.703443e+01  6.000000e+00
     vertex  5.795831e+01  5.706225e+01  6.000000e+00
     vertex  7.041688e+00  5.706225e+01  6.000000e+00
   endloop
 endfacet
 facet normal  0.000000e+00  0.000000e+00  1.000000e+00
   outer loop
     vertex  5.701641e+01  5.804848e+01  6.000000e+00
     vertex  7.983585e+00  5.804848e+01  6.000000e+00
     vertex  5.704323e+01  5.799449e+01  6.000000e+00
   endloop
 endfacet
 facet normal  0.000000e+00  0.000000e+00  1.000000e+00
   outer loop
     vertex  5.806602e+01  5.700809e+01  6.000000e+00
     vertex  6.933976e+00  5.700809e+01  6.000000e+00
     vertex  6.879048e+00  5.698325e+01  6.000000e+00
   endloop
 endfacet
 facet normal  0.000000e+00  0.000000e+00  1.000000e+00
   outer loop
     vertex  5.806602e+01  5.700809e+01  6.000000e+00
     vertex  6.988203e+00  5.703443e+01  6.000000e+00
     vertex  6.933976e+00  5.700809e+01  6.000000e+00
   endloop
 endfacet
 facet normal  0.000000e+00  0.000000e+00  1.000000e+00
   outer loop
     vertex  5.806602e+01  5.700809e+01  6.000000e+00
     vertex  5.801180e+01  5.703443e+01  6.000000e+00
     vertex  6.988203e+00  5.703443e+01  6.000000e+00
   endloop
 endfacet
 facet normal  0.000000e+00  0.000000e+00  1.000000e+00
   outer loop
     vertex  5.699109e+01  5.810319e+01  6.000000e+00
     vertex  8.008912e+00  5.810319e+01  6.000000e+00
     vertex  7.983585e+00  5.804848e+01  6.000000e+00
   endloop
 endfacet
 facet normal  0.000000e+00  0.000000e+00  1.000000e+00
   outer loop
     vertex  5.699109e+01  5.810319e+01  6.000000e+00
     vertex  7.983585e+00  5.804848e+01  6.000000e+00
     vertex  5.701641e+01  5.804848e+01  6.000000e+00
   endloop
 endfacet
 facet normal  0.000000e+00  0.000000e+00  1.000000e+00
   outer loop
     vertex  5.812095e+01  5.698325e+01  6.000000e+00
     vertex  6.879048e+00  5.698325e+01  6.000000e+00
     vertex  6.823460e+00  5.695992e+01  6.000000e+00
   endloop
 endfacet
 facet normal  0.000000e+00  0.000000e+00  1.000000e+00
   outer loop
     vertex  5.812095e+01  5.698325e+01  6.000000e+00
     vertex  5.806602e+01  5.700809e+01  6.000000e+00
     vertex  6.879048e+00  5.698325e+01  6.000000e+00
   endloop
 endfacet
 facet normal  0.000000e+00  0.000000e+00  1.000000e+00
   outer loop
     vertex  5.696727e+01  5.815857e+01  6.000000e+00
     vertex  8.032730e+00  5.815857e+01  6.000000e+00
     vertex  8.008912e+00  5.810319e+01  6.000000e+00
   endloop
 endfacet
 facet normal  0.000000e+00  0.000000e+00  1.000000e+00
   outer loop
     vertex  5.696727e+01  5.815857e+01  6.000000e+00
     vertex  8.008912e+00  5.810319e+01  6.000000e+00
     vertex  5.699109e+01  5.810319e+01  6.000000e+00
   endloop
 endfacet
 facet normal  0.000000e+00  0.000000e+00  1.000000e+00
   outer loop
     vertex  5.817654e+01  5.695992e+01  6.000000e+00
     vertex  6.823460e+00  5.695992e+01  6.000000e+00
     vertex  6.767254e+00  5.693813e+01  6.000000e+00
   endloop
 endfacet
 facet normal  0.000000e+00  0.000000e+00  1.000000e+00
   outer loop
     vertex  5.817654e+01  5.695992e+01  6.000000e+00
     vertex  5.812095e+01  5.698325e+01  6.000000e+00
     vertex  6.823460e+00  5.695992e+01  6.000000e+00
   endloop
 endfacet
 facet normal  0.000000e+00  0.000000e+00  1.000000e+00
   outer loop
     vertex  5.694498e+01  5.821458e+01  6.000000e+00
     vertex  8.055021e+00  5.821458e+01  6.000000e+00
     vertex  8.032730e+00  5.815857e+01  6.000000e+00
   endloop
 endfacet
 facet normal  0.000000e+00  0.000000e+00  1.000000e+00
   outer loop
     vertex  5.694498e+01  5.821458e+01  6.000000e+00
     vertex  8.032730e+00  5.815857e+01  6.000000e+00
     vertex  5.696727e+01  5.815857e+01  6.000000e+00
   endloop
 endfacet
 facet normal  0.000000e+00  0.000000e+00  1.000000e+00
   outer loop
     vertex  5.823275e+01  5.693813e+01  6.000000e+00
     vertex  5.817654e+01  5.695992e+01  6.000000e+00
     vertex  6.767254e+00  5.693813e+01  6.000000e+00
   endloop
 endfacet
 facet normal  0.000000e+00  0.000000e+00  1.000000e+00
   outer loop
     vertex  5.692423e+01  5.827118e+01  6.000000e+00
     vertex  8.075770e+00  5.827118e+01  6.000000e+00
     vertex  8.055021e+00  5.821458e+01  6.000000e+00
   endloop
 endfacet
 facet normal  0.000000e+00  0.000000e+00  1.000000e+00
   outer loop
     vertex  5.692423e+01  5.827118e+01  6.000000e+00
     vertex  8.055021e+00  5.821458e+01  6.000000e+00
     vertex  5.694498e+01  5.821458e+01  6.000000e+00
   endloop
 endfacet
 facet normal  0.000000e+00  0.000000e+00  1.000000e+00
   outer loop
     vertex  5.828953e+01  5.691788e+01  6.000000e+00
     vertex  5.823275e+01  5.693813e+01  6.000000e+00
     vertex  6.767254e+00  5.693813e+01  6.000000e+00
   endloop
 endfacet
 facet normal  0.000000e+00  0.000000e+00  1.000000e+00
   outer loop
     vertex  5.828953e+01  5.691788e+01  6.000000e+00
     vertex  6.767254e+00  5.693813e+01  6.000000e+00
     vertex  6.710471e+00  5.691788e+01  6.000000e+00
   endloop
 endfacet
 facet normal  0.000000e+00  0.000000e+00  1.000000e+00
   outer loop
     vertex  5.690504e+01  5.832833e+01  6.000000e+00
     vertex  8.094960e+00  5.832833e+01  6.000000e+00
     vertex  8.075770e+00  5.827118e+01  6.000000e+00
   endloop
 endfacet
 facet normal  0.000000e+00  0.000000e+00  1.000000e+00
   outer loop
     vertex  5.690504e+01  5.832833e+01  6.000000e+00
     vertex  8.075770e+00  5.827118e+01  6.000000e+00
     vertex  5.692423e+01  5.827118e+01  6.000000e+00
   endloop
 endfacet
 facet normal  0.000000e+00  0.000000e+00  1.000000e+00
   outer loop
     vertex  5.834684e+01  5.689919e+01  6.000000e+00
     vertex  5.828953e+01  5.691788e+01  6.000000e+00
     vertex  6.710471e+00  5.691788e+01  6.000000e+00
   endloop
 endfacet
 facet normal  0.000000e+00  0.000000e+00  1.000000e+00
   outer loop
     vertex  5.834684e+01  5.689919e+01  6.000000e+00
     vertex  6.710471e+00  5.691788e+01  6.000000e+00
     vertex  6.653155e+00  5.689919e+01  6.000000e+00
   endloop
 endfacet
 facet normal  0.000000e+00  0.000000e+00  1.000000e+00
   outer loop
     vertex  5.688742e+01  5.838598e+01  6.000000e+00
     vertex  8.112577e+00  5.838598e+01  6.000000e+00
     vertex  8.094960e+00  5.832833e+01  6.000000e+00
   endloop
 endfacet
 facet normal  0.000000e+00  0.000000e+00  1.000000e+00
   outer loop
     vertex  5.688742e+01  5.838598e+01  6.000000e+00
     vertex  8.094960e+00  5.832833e+01  6.000000e+00
     vertex  5.690504e+01  5.832833e+01  6.000000e+00
   endloop
 endfacet
 facet normal  0.000000e+00  0.000000e+00  1.000000e+00
   outer loop
     vertex  5.687139e+01  5.844410e+01  6.000000e+00
     vertex  8.128608e+00  5.844410e+01  6.000000e+00
     vertex  8.112577e+00  5.838598e+01  6.000000e+00
   endloop
 endfacet
 facet normal  0.000000e+00  0.000000e+00  1.000000e+00
   outer loop
     vertex  5.687139e+01  5.844410e+01  6.000000e+00
     vertex  8.112577e+00  5.838598e+01  6.000000e+00
     vertex  5.688742e+01  5.838598e+01  6.000000e+00
   endloop
 endfacet
 facet normal  0.000000e+00  0.000000e+00  1.000000e+00
   outer loop
     vertex  5.685696e+01  5.850263e+01  6.000000e+00
     vertex  8.143040e+00  5.850263e+01  6.000000e+00
     vertex  8.128608e+00  5.844410e+01  6.000000e+00
   endloop
 endfacet
 facet normal  0.000000e+00  0.000000e+00  1.000000e+00
   outer loop
     vertex  5.685696e+01  5.850263e+01  6.000000e+00
     vertex  8.128608e+00  5.844410e+01  6.000000e+00
     vertex  5.687139e+01  5.844410e+01  6.000000e+00
   endloop
 endfacet
 facet normal  0.000000e+00  0.000000e+00  1.000000e+00
   outer loop
     vertex  5.684414e+01  5.856153e+01  6.000000e+00
     vertex  8.155863e+00  5.856153e+01  6.000000e+00
     vertex  8.143040e+00  5.850263e+01  6.000000e+00
   endloop
 endfacet
 facet normal  0.000000e+00  0.000000e+00  1.000000e+00
   outer loop
     vertex  5.684414e+01  5.856153e+01  6.000000e+00
     vertex  8.143040e+00  5.850263e+01  6.000000e+00
     vertex  5.685696e+01  5.850263e+01  6.000000e+00
   endloop
 endfacet
 facet normal  0.000000e+00  0.000000e+00  1.000000e+00
   outer loop
     vertex  5.683293e+01  5.862077e+01  6.000000e+00
     vertex  8.167068e+00  5.862077e+01  6.000000e+00
     vertex  8.155863e+00  5.856153e+01  6.000000e+00
   endloop
 endfacet
 facet normal  0.000000e+00  0.000000e+00  1.000000e+00
   outer loop
     vertex  5.683293e+01  5.862077e+01  6.000000e+00
     vertex  8.155863e+00  5.856153e+01  6.000000e+00
     vertex  5.684414e+01  5.856153e+01  6.000000e+00
   endloop
 endfacet
 facet normal  0.000000e+00  0.000000e+00  1.000000e+00
   outer loop
     vertex  5.682336e+01  5.868029e+01  6.000000e+00
     vertex  8.176645e+00  5.868029e+01  6.000000e+00
     vertex  8.167068e+00  5.862077e+01  6.000000e+00
   endloop
 endfacet
 facet normal  0.000000e+00  0.000000e+00  1.000000e+00
   outer loop
     vertex  5.682336e+01  5.868029e+01  6.000000e+00
     vertex  8.167068e+00  5.862077e+01  6.000000e+00
     vertex  5.683293e+01  5.862077e+01  6.000000e+00
   endloop
 endfacet
 facet normal  0.000000e+00  0.000000e+00  1.000000e+00
   outer loop
     vertex  5.681541e+01  5.874005e+01  6.000000e+00
     vertex  8.184588e+00  5.874005e+01  6.000000e+00
     vertex  8.176645e+00  5.868029e+01  6.000000e+00
   endloop
 endfacet
 facet normal  0.000000e+00  0.000000e+00  1.000000e+00
   outer loop
     vertex  5.681541e+01  5.874005e+01  6.000000e+00
     vertex  8.176645e+00  5.868029e+01  6.000000e+00
     vertex  5.682336e+01  5.868029e+01  6.000000e+00
   endloop
 endfacet
 facet normal  0.000000e+00  0.000000e+00  1.000000e+00
   outer loop
     vertex  5.680911e+01  5.880000e+01  6.000000e+00
     vertex  8.190890e+00  5.880000e+01  6.000000e+00
     vertex  8.184588e+00  5.874005e+01  6.000000e+00
   endloop
 endfacet
 facet normal  0.000000e+00  0.000000e+00  1.000000e+00
   outer loop
     vertex  5.680911e+01  5.880000e+01  6.000000e+00
     vertex  8.184588e+00  5.874005e+01  6.000000e+00
     vertex  5.681541e+01  5.874005e+01  6.000000e+00
   endloop
 endfacet
 facet normal  0.000000e+00  0.000000e+00  1.000000e+00
   outer loop
     vertex  6.500000e+01  5.460000e+01  6.000000e+00
     vertex  5.834684e+01  5.689919e+01  6.000000e+00
     vertex  6.653155e+00  5.689919e+01  6.000000e+00
   endloop
 endfacet
 facet normal  0.000000e+00  0.000000e+00  1.000000e+00
   outer loop
     vertex  6.500000e+01  5.460000e+01  6.000000e+00
     vertex  5.840465e+01  5.688209e+01  6.000000e+00
     vertex  5.834684e+01  5.689919e+01  6.000000e+00
   endloop
 endfacet
 facet normal  0.000000e+00  0.000000e+00  1.000000e+00
   outer loop
     vertex  6.500000e+01  5.460000e+01  6.000000e+00
     vertex  5.846290e+01  5.686657e+01  6.000000e+00
     vertex  5.840465e+01  5.688209e+01  6.000000e+00
   endloop
 endfacet
 facet normal  0.000000e+00  0.000000e+00  1.000000e+00
   outer loop
     vertex  6.500000e+01  5.460000e+01  6.000000e+00
     vertex  5.852156e+01  5.685265e+01  6.000000e+00
     vertex  5.846290e+01  5.686657e+01  6.000000e+00
   endloop
 endfacet
 facet normal  0.000000e+00  0.000000e+00  1.000000e+00
   outer loop
     vertex  6.500000e+01  5.460000e+01  6.000000e+00
     vertex  5.858058e+01  5.684035e+01  6.000000e+00
     vertex  5.852156e+01  5.685265e+01  6.000000e+00
   endloop
 endfacet
 facet normal  0.000000e+00  0.000000e+00  1.000000e+00
   outer loop
     vertex  6.500000e+01  5.460000e+01  6.000000e+00
     vertex  5.863991e+01  5.682967e+01  6.000000e+00
     vertex  5.858058e+01  5.684035e+01  6.000000e+00
   endloop
 endfacet
 facet normal  0.000000e+00  0.000000e+00  1.000000e+00
   outer loop
     vertex  6.500000e+01  5.460000e+01  6.000000e+00
     vertex  5.869951e+01  5.682062e+01  6.000000e+00
     vertex  5.863991e+01  5.682967e+01  6.000000e+00
   endloop
 endfacet
 facet normal  0.000000e+00  0.000000e+00  1.000000e+00
   outer loop
     vertex  6.500000e+01  5.460000e+01  6.000000e+00
     vertex  5.875934e+01  5.681320e+01  6.000000e+00
     vertex  5.869951e+01  5.682062e+01  6.000000e+00
   endloop
 endfacet
 facet normal  0.000000e+00  0.000000e+00  1.000000e+00
   outer loop
     vertex  6.500000e+01  5.460000e+01  6.000000e+00
     vertex  5.881934e+01  5.680743e+01  6.000000e+00
     vertex  5.875934e+01  5.681320e+01  6.000000e+00
   endloop
 endfacet
 facet normal  0.000000e+00  0.000000e+00  1.000000e+00
   outer loop
     vertex  6.500000e+01  5.460000e+01  6.000000e+00
     vertex  5.887949e+01  5.680330e+01  6.000000e+00
     vertex  5.881934e+01  5.680743e+01  6.000000e+00
   endloop
 endfacet
 facet normal  0.000000e+00  0.000000e+00  1.000000e+00
   outer loop
     vertex  6.500000e+01  5.460000e+01  6.000000e+00
     vertex  5.893972e+01  5.680083e+01  6.000000e+00
     vertex  5.887949e+01  5.680330e+01  6.000000e+00
   endloop
 endfacet
 facet normal  0.000000e+00  0.000000e+00  1.000000e+00
   outer loop
     vertex  6.500000e+01  5.460000e+01  6.000000e+00
     vertex  5.900000e+01  5.680000e+01  6.000000e+00
     vertex  5.893972e+01  5.680083e+01  6.000000e+00
   endloop
 endfacet
 facet normal  0.000000e+00  0.000000e+00  1.000000e+00
   outer loop
     vertex  6.500000e+01  5.460000e+01  6.000000e+00
     vertex  6.653155e+00  5.689919e+01  6.000000e+00
     vertex  0.000000e+00  5.460000e+01  6.000000e+00
   endloop
 endfacet
 facet normal  0.000000e+00  0.000000e+00  1.000000e+00
   outer loop
     vertex  6.500000e+01  5.460000e+01  6.000000e+00
     vertex  5.906028e+01  5.680083e+01  6.000000e+00
     vertex  5.900000e+01  5.680000e+01  6.000000e+00
   endloop
 endfacet
 facet normal  0.000000e+00  0.000000e+00  1.000000e+00
   outer loop
     vertex  6.500000e+01  5.460000e+01  6.000000e+00
     vertex  5.912051e+01  5.680330e+01  6.000000e+00
     vertex  5.906028e+01  5.680083e+01  6.000000e+00
   endloop
 endfacet
 facet normal  0.000000e+00  0.000000e+00  1.000000e+00
   outer loop
     vertex  6.500000e+01  5.460000e+01  6.000000e+00
     vertex  5.918066e+01  5.680743e+01  6.000000e+00
     vertex  5.912051e+01  5.680330e+01  6.000000e+00
   endloop
 endfacet
 facet normal  0.000000e+00  0.000000e+00  1.000000e+00
   outer loop
     vertex  6.500000e+01  5.460000e+01  6.000000e+00
     vertex  5.924066e+01  5.681320e+01  6.000000e+00
     vertex  5.918066e+01  5.680743e+01  6.000000e+00
   endloop
 endfacet
 facet normal  0.000000e+00  0.000000e+00  1.000000e+00
   outer loop
     vertex  6.500000e+01  5.460000e+01  6.000000e+00
     vertex  5.930049e+01  5.682062e+01  6.000000e+00
     vertex  5.924066e+01  5.681320e+01  6.000000e+00
   endloop
 endfacet
 facet normal  0.000000e+00  0.000000e+00  1.000000e+00
   outer loop
     vertex  6.500000e+01  5.460000e+01  6.000000e+00
     vertex  5.936009e+01  5.682967e+01  6.000000e+00
     vertex  5.930049e+01  5.682062e+01  6.000000e+00
   endloop
 endfacet
 facet normal  0.000000e+00  0.000000e+00  1.000000e+00
   outer loop
     vertex  6.500000e+01  5.460000e+01  6.000000e+00
     vertex  5.941942e+01  5.684035e+01  6.000000e+00
     vertex  5.936009e+01  5.682967e+01  6.000000e+00
   endloop
 endfacet
 facet normal  0.000000e+00  0.000000e+00  1.000000e+00
   outer loop
     vertex  6.500000e+01  5.460000e+01  6.000000e+00
     vertex  5.947844e+01  5.685265e+01  6.000000e+00
     vertex  5.941942e+01  5.684035e+01  6.000000e+00
   endloop
 endfacet
 facet normal  0.000000e+00  0.000000e+00  1.000000e+00
   outer loop
     vertex  6.500000e+01  5.460000e+01  6.000000e+00
     vertex  5.953710e+01  5.686657e+01  6.000000e+00
     vertex  5.947844e+01  5.685265e+01  6.000000e+00
   endloop
 endfacet
 facet normal  0.000000e+00  0.000000e+00  1.000000e+00
   outer loop
     vertex  6.500000e+01  5.460000e+01  6.000000e+00
     vertex  5.959535e+01  5.688209e+01  6.000000e+00
     vertex  5.953710e+01  5.686657e+01  6.000000e+00
   endloop
 endfacet
 facet normal  0.000000e+00  0.000000e+00  1.000000e+00
   outer loop
     vertex  6.500000e+01  5.460000e+01  6.000000e+00
     vertex  5.965316e+01  5.689919e+01  6.000000e+00
     vertex  5.959535e+01  5.688209e+01  6.000000e+00
   endloop
 endfacet
 facet normal  0.000000e+00  0.000000e+00  1.000000e+00
   outer loop
     vertex  6.500000e+01  5.460000e+01  6.000000e+00
     vertex  5.971047e+01  5.691788e+01  6.000000e+00
     vertex  5.965316e+01  5.689919e+01  6.000000e+00
   endloop
 endfacet
 facet normal  0.000000e+00  0.000000e+00  1.000000e+00
   outer loop
     vertex  6.500000e+01  5.460000e+01  6.000000e+00
     vertex  5.976725e+01  5.693813e+01  6.000000e+00
     vertex  5.971047e+01  5.691788e+01  6.000000e+00
   endloop
 endfacet
 facet normal  0.000000e+00  0.000000e+00  1.000000e+00
   outer loop
     vertex  6.500000e+01  5.460000e+01  6.000000e+00
     vertex  5.982346e+01  5.695992e+01  6.000000e+00
     vertex  5.976725e+01  5.693813e+01  6.000000e+00
   endloop
 endfacet
 facet normal  0.000000e+00  0.000000e+00  1.000000e+00
   outer loop
     vertex  6.500000e+01  5.460000e+01  6.000000e+00
     vertex  5.987905e+01  5.698325e+01  6.000000e+00
     vertex  5.982346e+01  5.695992e+01  6.000000e+00
   endloop
 endfacet
 facet normal  0.000000e+00  0.000000e+00  1.000000e+00
   outer loop
     vertex  6.500000e+01  5.460000e+01  6.000000e+00
     vertex  5.993398e+01  5.700809e+01  6.000000e+00
     vertex  5.987905e+01  5.698325e+01  6.000000e+00
   endloop
 endfacet
 facet normal  0.000000e+00  0.000000e+00  1.000000e+00
   outer loop
     vertex  6.500000e+01  5.460000e+01  6.000000e+00
     vertex  5.998820e+01  5.703443e+01  6.000000e+00
     vertex  5.993398e+01  5.700809e+01  6.000000e+00
   endloop
 endfacet
 facet normal  0.000000e+00  0.000000e+00  1.000000e+00
   outer loop
     vertex  6.500000e+01  5.460000e+01  6.000000e+00
     vertex  6.004169e+01  5.706225e+01  6.000000e+00
     vertex  5.998820e+01  5.703443e+01  6.000000e+00
   endloop
 endfacet
 facet normal  0.000000e+00  0.000000e+00  1.000000e+00
   outer loop
     vertex  6.500000e+01  5.460000e+01  6.000000e+00
     vertex  6.009439e+01  5.709152e+01  6.000000e+00
     vertex  6.004169e+01  5.706225e+01  6.000000e+00
   endloop
 endfacet
 facet normal  0.000000e+00  0.000000e+00  1.000000e+00
   outer loop
     vertex  6.500000e+01  5.460000e+01  6.000000e+00
     vertex  6.014627e+01  5.712222e+01  6.000000e+00
     vertex  6.009439e+01  5.709152e+01  6.000000e+00
   endloop
 endfacet
 facet normal  0.000000e+00  0.000000e+00  1.000000e+00
   outer loop
     vertex  6.500000e+01  5.460000e+01  6.000000e+00
     vertex  6.019729e+01  5.715433e+01  6.000000e+00
     vertex  6.014627e+01  5.712222e+01  6.000000e+00
   endloop
 endfacet
 facet normal  0.000000e+00  0.000000e+00  1.000000e+00
   outer loop
     vertex  6.500000e+01  5.460000e+01  6.000000e+00
     vertex  6.024741e+01  5.718783e+01  6.000000e+00
     vertex  6.019729e+01  5.715433e+01  6.000000e+00
   endloop
 endfacet
 facet normal  0.000000e+00  0.000000e+00  1.000000e+00
   outer loop
     vertex  6.500000e+01  5.460000e+01  6.000000e+00
     vertex  6.029660e+01  5.722269e+01  6.000000e+00
     vertex  6.024741e+01  5.718783e+01  6.000000e+00
   endloop
 endfacet
 facet normal  0.000000e+00  0.000000e+00  1.000000e+00
   outer loop
     vertex  6.500000e+01  5.460000e+01  6.000000e+00
     vertex  6.034481e+01  5.725888e+01  6.000000e+00
     vertex  6.029660e+01  5.722269e+01  6.000000e+00
   endloop
 endfacet
 facet normal  0.000000e+00  0.000000e+00  1.000000e+00
   outer loop
     vertex  6.500000e+01  5.460000e+01  6.000000e+00
     vertex  6.039201e+01  5.729638e+01  6.000000e+00
     vertex  6.034481e+01  5.725888e+01  6.000000e+00
   endloop
 endfacet
 facet normal  0.000000e+00  0.000000e+00  1.000000e+00
   outer loop
     vertex  6.500000e+01  5.460000e+01  6.000000e+00
     vertex  6.043816e+01  5.733516e+01  6.000000e+00
     vertex  6.039201e+01  5.729638e+01  6.000000e+00
   endloop
 endfacet
 facet normal  0.000000e+00  0.000000e+00  1.000000e+00
   outer loop
     vertex  6.500000e+01  5.460000e+01  6.000000e+00
     vertex  6.048324e+01  5.737519e+01  6.000000e+00
     vertex  6.043816e+01  5.733516e+01  6.000000e+00
   endloop
 endfacet
 facet normal  0.000000e+00  0.000000e+00  1.000000e+00
   outer loop
     vertex  6.500000e+01  5.460000e+01  6.000000e+00
     vertex  6.052720e+01  5.741644e+01  6.000000e+00
     vertex  6.048324e+01  5.737519e+01  6.000000e+00
   endloop
 endfacet
 facet normal  0.000000e+00  0.000000e+00  1.000000e+00
   outer loop
     vertex  6.500000e+01  5.460000e+01  6.000000e+00
     vertex  6.057002e+01  5.745888e+01  6.000000e+00
     vertex  6.052720e+01  5.741644e+01  6.000000e+00
   endloop
 endfacet
 facet normal  0.000000e+00  0.000000e+00  1.000000e+00
   outer loop
     vertex  6.500000e+01  5.460000e+01  6.000000e+00
     vertex  6.061165e+01  5.750248e+01  6.000000e+00
     vertex  6.057002e+01  5.745888e+01  6.000000e+00
   endloop
 endfacet
 facet normal  0.000000e+00  0.000000e+00  1.000000e+00
   outer loop
     vertex  6.500000e+01  5.460000e+01  6.000000e+00
     vertex  6.065208e+01  5.754720e+01  6.000000e+00
     vertex  6.061165e+01  5.750248e+01  6.000000e+00
   endloop
 endfacet
 facet normal  0.000000e+00  0.000000e+00  1.000000e+00
   outer loop
     vertex  6.500000e+01  5.460000e+01  6.000000e+00
     vertex  6.069127e+01  5.759301e+01  6.000000e+00
     vertex  6.065208e+01  5.754720e+01  6.000000e+00
   endloop
 endfacet
 facet normal  0.000000e+00  0.000000e+00  1.000000e+00
   outer loop
     vertex  6.500000e+01  5.460000e+01  6.000000e+00
     vertex  6.072918e+01  5.763988e+01  6.000000e+00
     vertex  6.069127e+01  5.759301e+01  6.000000e+00
   endloop
 endfacet
 facet normal  0.000000e+00  0.000000e+00  1.000000e+00
   outer loop
     vertex  6.500000e+01  5.460000e+01  6.000000e+00
     vertex  6.076580e+01  5.768777e+01  6.000000e+00
     vertex  6.072918e+01  5.763988e+01  6.000000e+00
   endloop
 endfacet
 facet normal  0.000000e+00  0.000000e+00  1.000000e+00
   outer loop
     vertex  6.500000e+01  5.460000e+01  6.000000e+00
     vertex  6.080109e+01  5.773664e+01  6.000000e+00
     vertex  6.076580e+01  5.768777e+01  6.000000e+00
   endloop
 endfacet
 facet normal  0.000000e+00  0.000000e+00  1.000000e+00
   outer loop
     vertex  6.500000e+01  5.460000e+01  6.000000e+00
     vertex  6.083503e+01  5.778647e+01  6.000000e+00
     vertex  6.080109e+01  5.773664e+01  6.000000e+00
   endloop
 endfacet
 facet normal  0.000000e+00  0.000000e+00  1.000000e+00
   outer loop
     vertex  6.500000e+01  5.460000e+01  6.000000e+00
     vertex  6.086759e+01  5.783720e+01  6.000000e+00
     vertex  6.083503e+01  5.778647e+01  6.000000e+00
   endloop
 endfacet
 facet normal  0.000000e+00  0.000000e+00  1.000000e+00
   outer loop
     vertex  6.500000e+01  5.460000e+01  6.000000e+00
     vertex  6.089875e+01  5.788881e+01  6.000000e+00
     vertex  6.086759e+01  5.783720e+01  6.000000e+00
   endloop
 endfacet
 facet normal  0.000000e+00  0.000000e+00  1.000000e+00
   outer loop
     vertex  6.500000e+01  5.460000e+01  6.000000e+00
     vertex  6.092848e+01  5.794125e+01  6.000000e+00
     vertex  6.089875e+01  5.788881e+01  6.000000e+00
   endloop
 endfacet
 facet normal  0.000000e+00  0.000000e+00  1.000000e+00
   outer loop
     vertex  6.500000e+01  5.880000e+01  6.000000e+00
     vertex  6.103273e+01  5.815857e+01  6.000000e+00
     vertex  6.100891e+01  5.810319e+01  6.000000e+00
   endloop
 endfacet
 facet normal  0.000000e+00  0.000000e+00  1.000000e+00
   outer loop
     vertex  6.500000e+01  5.880000e+01  6.000000e+00
     vertex  6.105502e+01  5.821458e+01  6.000000e+00
     vertex  6.103273e+01  5.815857e+01  6.000000e+00
   endloop
 endfacet
 facet normal  0.000000e+00  0.000000e+00  1.000000e+00
   outer loop
     vertex  6.500000e+01  5.880000e+01  6.000000e+00
     vertex  6.107577e+01  5.827118e+01  6.000000e+00
     vertex  6.105502e+01  5.821458e+01  6.000000e+00
   endloop
 endfacet
 facet normal  0.000000e+00  0.000000e+00  1.000000e+00
   outer loop
     vertex  6.500000e+01  5.880000e+01  6.000000e+00
     vertex  6.109496e+01  5.832833e+01  6.000000e+00
     vertex  6.107577e+01  5.827118e+01  6.000000e+00
   endloop
 endfacet
 facet normal  0.000000e+00  0.000000e+00  1.000000e+00
   outer loop
     vertex  6.500000e+01  5.880000e+01  6.000000e+00
     vertex  6.111258e+01  5.838598e+01  6.000000e+00
     vertex  6.109496e+01  5.832833e+01  6.000000e+00
   endloop
 endfacet
 facet normal  0.000000e+00  0.000000e+00  1.000000e+00
   outer loop
     vertex  6.500000e+01  5.880000e+01  6.000000e+00
     vertex  6.112861e+01  5.844410e+01  6.000000e+00
     vertex  6.111258e+01  5.838598e+01  6.000000e+00
   endloop
 endfacet
 facet normal  0.000000e+00  0.000000e+00  1.000000e+00
   outer loop
     vertex  6.500000e+01  5.880000e+01  6.000000e+00
     vertex  6.114304e+01  5.850263e+01  6.000000e+00
     vertex  6.112861e+01  5.844410e+01  6.000000e+00
   endloop
 endfacet
 facet normal  0.000000e+00  0.000000e+00  1.000000e+00
   outer loop
     vertex  6.500000e+01  5.880000e+01  6.000000e+00
     vertex  6.115586e+01  5.856153e+01  6.000000e+00
     vertex  6.114304e+01  5.850263e+01  6.000000e+00
   endloop
 endfacet
 facet normal  0.000000e+00  0.000000e+00  1.000000e+00
   outer loop
     vertex  6.500000e+01  5.880000e+01  6.000000e+00
     vertex  6.116707e+01  5.862077e+01  6.000000e+00
     vertex  6.115586e+01  5.856153e+01  6.000000e+00
   endloop
 endfacet
 facet normal  0.000000e+00  0.000000e+00  1.000000e+00
   outer loop
     vertex  6.500000e+01  5.880000e+01  6.000000e+00
     vertex  6.117664e+01  5.868029e+01  6.000000e+00
     vertex  6.116707e+01  5.862077e+01  6.000000e+00
   endloop
 endfacet
 facet normal  0.000000e+00  0.000000e+00  1.000000e+00
   outer loop
     vertex  6.500000e+01  5.880000e+01  6.000000e+00
     vertex  6.118459e+01  5.874005e+01  6.000000e+00
     vertex  6.117664e+01  5.868029e+01  6.000000e+00
   endloop
 endfacet
 facet normal  0.000000e+00  0.000000e+00  1.000000e+00
   outer loop
     vertex  6.500000e+01  5.880000e+01  6.000000e+00
     vertex  6.119089e+01  5.880000e+01  6.000000e+00
     vertex  6.118459e+01  5.874005e+01  6.000000e+00
   endloop
 endfacet
 facet normal  0.000000e+00  0.000000e+00  1.000000e+00
   outer loop
     vertex  6.500000e+01  5.880000e+01  6.000000e+00
     vertex  6.092848e+01  5.794125e+01  6.000000e+00
     vertex  6.500000e+01  5.460000e+01  6.000000e+00
   endloop
 endfacet
 facet normal  0.000000e+00  0.000000e+00  1.000000e+00
   outer loop
     vertex  6.500000e+01  5.880000e+01  6.000000e+00
     vertex  6.095677e+01  5.799449e+01  6.000000e+00
     vertex  6.092848e+01  5.794125e+01  6.000000e+00
   endloop
 endfacet
 facet normal  0.000000e+00  0.000000e+00  1.000000e+00
   outer loop
     vertex  6.500000e+01  5.880000e+01  6.000000e+00
     vertex  6.098359e+01  5.804848e+01  6.000000e+00
     vertex  6.095677e+01  5.799449e+01  6.000000e+00
   endloop
 endfacet
 facet normal  0.000000e+00  0.000000e+00  1.000000e+00
   outer loop
     vertex  6.500000e+01  5.880000e+01  6.000000e+00
     vertex  6.100891e+01  5.810319e+01  6.000000e+00
     vertex  6.098359e+01  5.804848e+01  6.000000e+00
   endloop
 endfacet
 facet normal -1.000000e+00  0.000000e+00  0.000000e+00
   outer loop
     vertex  0.000000e+00  5.880000e+01  3.400000e+01
     vertex  0.000000e+00  6.080000e+01  6.000000e+00
     vertex  0.000000e+00  5.880000e+01  6.000000e+00
   endloop
 endfacet
 facet normal -1.000000e+00  0.000000e+00  0.000000e+00
   outer loop
     vertex  0.000000e+00  5.880000e+01  3.400000e+01
     vertex  0.000000e+00  6.080000e+01  3.400000e+01
     vertex  0.000000e+00  6.080000e+01  6.000000e+00
   endloop
 endfacet
 facet normal  0.000000e+00  0.000000e+00  1.000000e+00
   outer loop
     vertex  4.735089e+00  6.080000e+01  6.000000e+00
     vertex  0.000000e+00  6.500000e+01  6.000000e+00
     vertex  0.000000e+00  6.080000e+01  6.000000e+00
   endloop
 endfacet
 facet normal  0.000000e+00  0.000000e+00  1.000000e+00
   outer loop
     vertex  4.784556e+00  6.083377e+01  6.000000e+00
     vertex  0.000000e+00  6.500000e+01  6.000000e+00
     vertex  4.735089e+00  6.080000e+01  6.000000e+00
   endloop
 endfacet
 facet normal  0.000000e+00  0.000000e+00  1.000000e+00
   outer loop
     vertex  4.834924e+00  6.086617e+01  6.000000e+00
     vertex  0.000000e+00  6.500000e+01  6.000000e+00
     vertex  4.784556e+00  6.083377e+01  6.000000e+00
   endloop
 endfacet
 facet normal  0.000000e+00  0.000000e+00  1.000000e+00
   outer loop
     vertex  4.886155e+00  6.089720e+01  6.000000e+00
     vertex  0.000000e+00  6.500000e+01  6.000000e+00
     vertex  4.834924e+00  6.086617e+01  6.000000e+00
   endloop
 endfacet
 facet normal  0.000000e+00  0.000000e+00  1.000000e+00
   outer loop
     vertex  4.938212e+00  6.092681e+01  6.000000e+00
     vertex  0.000000e+00  6.500000e+01  6.000000e+00
     vertex  4.886155e+00  6.089720e+01  6.000000e+00
   endloop
 endfacet
 facet normal  0.000000e+00  0.000000e+00  1.000000e+00
   outer loop
     vertex  4.991056e+00  6.095500e+01  6.000000e+00
     vertex  0.000000e+00  6.500000e+01  6.000000e+00
     vertex  4.938212e+00  6.092681e+01  6.000000e+00
   endloop
 endfacet
 facet normal  0.000000e+00  0.000000e+00  1.000000e+00
   outer loop
     vertex  5.044647e+00  6.098174e+01  6.000000e+00
     vertex  0.000000e+00  6.500000e+01  6.000000e+00
     vertex  4.991056e+00  6.095500e+01  6.000000e+00
   endloop
 endfacet
 facet normal  0.000000e+00  0.000000e+00  1.000000e+00
   outer loop
     vertex  5.098947e+00  6.100701e+01  6.000000e+00
     vertex  0.000000e+00  6.500000e+01  6.000000e+00
     vertex  5.044647e+00  6.098174e+01  6.000000e+00
   endloop
 endfacet
 facet normal  0.000000e+00  0.000000e+00  1.000000e+00
   outer loop
     vertex  5.153914e+00  6.103080e+01  6.000000e+00
     vertex  0.000000e+00  6.500000e+01  6.000000e+00
     vertex  5.098947e+00  6.100701e+01  6.000000e+00
   endloop
 endfacet
 facet normal  0.000000e+00  0.000000e+00  1.000000e+00
   outer loop
     vertex  5.209509e+00  6.105308e+01  6.000000e+00
     vertex  0.000000e+00  6.500000e+01  6.000000e+00
     vertex  5.153914e+00  6.103080e+01  6.000000e+00
   endloop
 endfacet
 facet normal  0.000000e+00  0.000000e+00  1.000000e+00
   outer loop
     vertex  5.265689e+00  6.107383e+01  6.000000e+00
     vertex  0.000000e+00  6.500000e+01  6.000000e+00
     vertex  5.209509e+00  6.105308e+01  6.000000e+00
   endloop
 endfacet
 facet normal  0.000000e+00  0.000000e+00  1.000000e+00
   outer loop
     vertex  5.322414e+00  6.109305e+01  6.000000e+00
     vertex  0.000000e+00  6.500000e+01  6.000000e+00
     vertex  5.265689e+00  6.107383e+01  6.000000e+00
   endloop
 endfacet
 facet normal  0.000000e+00  0.000000e+00  1.000000e+00
   outer loop
     vertex  5.379641e+00  6.111072e+01  6.000000e+00
     vertex  0.000000e+00  6.500000e+01  6.000000e+00
     vertex  5.322414e+00  6.109305e+01  6.000000e+00
   endloop
 endfacet
 facet normal  0.000000e+00  0.000000e+00  1.000000e+00
   outer loop
     vertex  5.437327e+00  6.112683e+01  6.000000e+00
     vertex  0.000000e+00  6.500000e+01  6.000000e+00
     vertex  5.379641e+00  6.111072e+01  6.000000e+00
   endloop
 endfacet
 facet normal  0.000000e+00  0.000000e+00  1.000000e+00
   outer loop
     vertex  5.495431e+00  6.114136e+01  6.000000e+00
     vertex  0.000000e+00  6.500000e+01  6.000000e+00
     vertex  5.437327e+00  6.112683e+01  6.000000e+00
   endloop
 endfacet
 facet normal  0.000000e+00  0.000000e+00  1.000000e+00
   outer loop
     vertex  5.553908e+00  6.115430e+01  6.000000e+00
     vertex  0.000000e+00  6.500000e+01  6.000000e+00
     vertex  5.495431e+00  6.114136e+01  6.000000e+00
   endloop
 endfacet
 facet normal  0.000000e+00  0.000000e+00  1.000000e+00
   outer loop
     vertex  5.612716e+00  6.116564e+01  6.000000e+00
     vertex  0.000000e+00  6.500000e+01  6.000000e+00
     vertex  5.553908e+00  6.115430e+01  6.000000e+00
   endloop
 endfacet
 facet normal  0.000000e+00  0.000000e+00  1.000000e+00
   outer loop
     vertex  5.671811e+00  6.117538e+01  6.000000e+00
     vertex  0.000000e+00  6.500000e+01  6.000000e+00
     vertex  5.612716e+00  6.116564e+01  6.000000e+00
   endloop
 endfacet
 facet normal  0.000000e+00  0.000000e+00  1.000000e+00
   outer loop
     vertex  5.731150e+00  6.118351e+01  6.000000e+00
     vertex  0.000000e+00  6.500000e+01  6.000000e+00
     vertex  5.671811e+00  6.117538e+01  6.000000e+00
   endloop
 endfacet
 facet normal  0.000000e+00  0.000000e+00  1.000000e+00
   outer loop
     vertex  5.790687e+00  6.119002e+01  6.000000e+00
     vertex  0.000000e+00  6.500000e+01  6.000000e+00
     vertex  5.731150e+00  6.118351e+01  6.000000e+00
   endloop
 endfacet
 facet normal  0.000000e+00  0.000000e+00  1.000000e+00
   outer loop
     vertex  5.850380e+00  6.119491e+01  6.000000e+00
     vertex  0.000000e+00  6.500000e+01  6.000000e+00
     vertex  5.790687e+00  6.119002e+01  6.000000e+00
   endloop
 endfacet
 facet normal  0.000000e+00  0.000000e+00  1.000000e+00
   outer loop
     vertex  5.910184e+00  6.119817e+01  6.000000e+00
     vertex  0.000000e+00  6.500000e+01  6.000000e+00
     vertex  5.850380e+00  6.119491e+01  6.000000e+00
   endloop
 endfacet
 facet normal  0.000000e+00  0.000000e+00  1.000000e+00
   outer loop
     vertex  5.970054e+00  6.119980e+01  6.000000e+00
     vertex  0.000000e+00  6.500000e+01  6.000000e+00
     vertex  5.910184e+00  6.119817e+01  6.000000e+00
   endloop
 endfacet
 facet normal  0.000000e+00  0.000000e+00  1.000000e+00
   outer loop
     vertex  6.029946e+00  6.119980e+01  6.000000e+00
     vertex  0.000000e+00  6.500000e+01  6.000000e+00
     vertex  5.970054e+00  6.119980e+01  6.000000e+00
   endloop
 endfacet
 facet normal  0.000000e+00  0.000000e+00  1.000000e+00
   outer loop
     vertex  6.089816e+00  6.119817e+01  6.000000e+00
     vertex  0.000000e+00  6.500000e+01  6.000000e+00
     vertex  6.029946e+00  6.119980e+01  6.000000e+00
   endloop
 endfacet
 facet normal  0.000000e+00  0.000000e+00  1.000000e+00
   outer loop
     vertex  6.149620e+00  6.119491e+01  6.000000e+00
     vertex  0.000000e+00  6.500000e+01  6.000000e+00
     vertex  6.089816e+00  6.119817e+01  6.000000e+00
   endloop
 endfacet
 facet normal  0.000000e+00  0.000000e+00  1.000000e+00
   outer loop
     vertex  6.209313e+00  6.119002e+01  6.000000e+00
     vertex  0.000000e+00  6.500000e+01  6.000000e+00
     vertex  6.149620e+00  6.119491e+01  6.000000e+00
   endloop
 endfacet
 facet normal  0.000000e+00  0.000000e+00  1.000000e+00
   outer loop
     vertex  6.268850e+00  6.118351e+01  6.000000e+00
     vertex  0.000000e+00  6.500000e+01  6.000000e+00
     vertex  6.209313e+00  6.119002e+01  6.000000e+00
   endloop
 endfacet
 facet normal  0.000000e+00  0.000000e+00  1.000000e+00
   outer loop
     vertex  6.328189e+00  6.117538e+01  6.000000e+00
     vertex  0.000000e+00  6.500000e+01  6.000000e+00
     vertex  6.268850e+00  6.118351e+01  6.000000e+00
   endloop
 endfacet
 facet normal  0.000000e+00  0.000000e+00  1.000000e+00
   outer loop
     vertex  6.387284e+00  6.116564e+01  6.000000e+00
     vertex  0.000000e+00  6.500000e+01  6.000000e+00
     vertex  6.328189e+00  6.117538e+01  6.000000e+00
   endloop
 endfacet
 facet normal  0.000000e+00  0.000000e+00  1.000000e+00
   outer loop
     vertex  6.446092e+00  6.115430e+01  6.000000e+00
     vertex  0.000000e+00  6.500000e+01  6.000000e+00
     vertex  6.387284e+00  6.116564e+01  6.000000e+00
   endloop
 endfacet
 facet normal  0.000000e+00  0.000000e+00  1.000000e+00
   outer loop
     vertex  6.504569e+00  6.114136e+01  6.000000e+00
     vertex  0.000000e+00  6.500000e+01  6.000000e+00
     vertex  6.446092e+00  6.115430e+01  6.000000e+00
   endloop
 endfacet
 facet normal  0.000000e+00  0.000000e+00  1.000000e+00
   outer loop
     vertex  6.562673e+00  6.112683e+01  6.000000e+00
     vertex  0.000000e+00  6.500000e+01  6.000000e+00
     vertex  6.504569e+00  6.114136e+01  6.000000e+00
   endloop
 endfacet
 facet normal  0.000000e+00  0.000000e+00  1.000000e+00
   outer loop
     vertex  6.620359e+00  6.111072e+01  6.000000e+00
     vertex  0.000000e+00  6.500000e+01  6.000000e+00
     vertex  6.562673e+00  6.112683e+01  6.000000e+00
   endloop
 endfacet
 facet normal  0.000000e+00  0.000000e+00  1.000000e+00
   outer loop
     vertex  6.677586e+00  6.109305e+01  6.000000e+00
     vertex  0.000000e+00  6.500000e+01  6.000000e+00
     vertex  6.620359e+00  6.111072e+01  6.000000e+00
   endloop
 endfacet
 facet normal  0.000000e+00  0.000000e+00  1.000000e+00
   outer loop
     vertex  6.734311e+00  6.107383e+01  6.000000e+00
     vertex  0.000000e+00  6.500000e+01  6.000000e+00
     vertex  6.677586e+00  6.109305e+01  6.000000e+00
   endloop
 endfacet
 facet normal  0.000000e+00  0.000000e+00  1.000000e+00
   outer loop
     vertex  6.790491e+00  6.105308e+01  6.000000e+00
     vertex  0.000000e+00  6.500000e+01  6.000000e+00
     vertex  6.734311e+00  6.107383e+01  6.000000e+00
   endloop
 endfacet
 facet normal  0.000000e+00  0.000000e+00  1.000000e+00
   outer loop
     vertex  6.846086e+00  6.103080e+01  6.000000e+00
     vertex  0.000000e+00  6.500000e+01  6.000000e+00
     vertex  6.790491e+00  6.105308e+01  6.000000e+00
   endloop
 endfacet
 facet normal  0.000000e+00  0.000000e+00  1.000000e+00
   outer loop
     vertex  6.901053e+00  6.100701e+01  6.000000e+00
     vertex  0.000000e+00  6.500000e+01  6.000000e+00
     vertex  6.846086e+00  6.103080e+01  6.000000e+00
   endloop
 endfacet
 facet normal  0.000000e+00  0.000000e+00  1.000000e+00
   outer loop
     vertex  6.500000e+01  6.500000e+01  6.000000e+00
     vertex  6.021544e+01  6.083377e+01  6.000000e+00
     vertex  6.026491e+01  6.080000e+01  6.000000e+00
   endloop
 endfacet
 facet normal  0.000000e+00  0.000000e+00  1.000000e+00
   outer loop
     vertex  6.500000e+01  6.500000e+01  6.000000e+00
     vertex  6.016508e+01  6.086617e+01  6.000000e+00
     vertex  6.021544e+01  6.083377e+01  6.000000e+00
   endloop
 endfacet
 facet normal  0.000000e+00  0.000000e+00  1.000000e+00
   outer loop
     vertex  6.500000e+01  6.500000e+01  6.000000e+00
     vertex  6.011384e+01  6.089720e+01  6.000000e+00
     vertex  6.016508e+01  6.086617e+01  6.000000e+00
   endloop
 endfacet
 facet normal  0.000000e+00  0.000000e+00  1.000000e+00
   outer loop
     vertex  6.500000e+01  6.500000e+01  6.000000e+00
     vertex  6.006179e+01  6.092681e+01  6.000000e+00
     vertex  6.011384e+01  6.089720e+01  6.000000e+00
   endloop
 endfacet
 facet normal  0.000000e+00  0.000000e+00  1.000000e+00
   outer loop
     vertex  6.500000e+01  6.500000e+01  6.000000e+00
     vertex  6.000894e+01  6.095500e+01  6.000000e+00
     vertex  6.006179e+01  6.092681e+01  6.000000e+00
   endloop
 endfacet
 facet normal  0.000000e+00  0.000000e+00  1.000000e+00
   outer loop
     vertex  6.500000e+01  6.500000e+01  6.000000e+00
     vertex  5.995535e+01  6.098174e+01  6.000000e+00
     vertex  6.000894e+01  6.095500e+01  6.000000e+00
   endloop
 endfacet
 facet normal  0.000000e+00  0.000000e+00  1.000000e+00
   outer loop
     vertex  6.500000e+01  6.500000e+01  6.000000e+00
     vertex  5.990105e+01  6.100701e+01  6.000000e+00
     vertex  5.995535e+01  6.098174e+01  6.000000e+00
   endloop
 endfacet
 facet normal  0.000000e+00  0.000000e+00  1.000000e+00
   outer loop
     vertex  6.500000e+01  6.500000e+01  6.000000e+00
     vertex  5.984609e+01  6.103080e+01  6.000000e+00
     vertex  5.990105e+01  6.100701e+01  6.000000e+00
   endloop
 endfacet
 facet normal  0.000000e+00  0.000000e+00  1.000000e+00
   outer loop
     vertex  6.500000e+01  6.500000e+01  6.000000e+00
     vertex  5.979049e+01  6.105308e+01  6.000000e+00
     vertex  5.984609e+01  6.103080e+01  6.000000e+00
   endloop
 endfacet
 facet normal  0.000000e+00  0.000000e+00  1.000000e+00
   outer loop
     vertex  6.500000e+01  6.500000e+01  6.000000e+00
     vertex  5.973431e+01  6.107383e+01  6.000000e+00
     vertex  5.979049e+01  6.105308e+01  6.000000e+00
   endloop
 endfacet
 facet normal  0.000000e+00  0.000000e+00  1.000000e+00
   outer loop
     vertex  6.500000e+01  6.500000e+01  6.000000e+00
     vertex  5.967759e+01  6.109305e+01  6.000000e+00
     vertex  5.973431e+01  6.107383e+01  6.000000e+00
   endloop
 endfacet
 facet normal  0.000000e+00  0.000000e+00  1.000000e+00
   outer loop
     vertex  6.500000e+01  6.500000e+01  6.000000e+00
     vertex  5.962036e+01  6.111072e+01  6.000000e+00
     vertex  5.967759e+01  6.109305e+01  6.000000e+00
   endloop
 endfacet
 facet normal  0.000000e+00  0.000000e+00  1.000000e+00
   outer loop
     vertex  6.500000e+01  6.500000e+01  6.000000e+00
     vertex  5.956267e+01  6.112683e+01  6.000000e+00
     vertex  5.962036e+01  6.111072e+01  6.000000e+00
   endloop
 endfacet
 facet normal  0.000000e+00  0.000000e+00  1.000000e+00
   outer loop
     vertex  6.500000e+01  6.500000e+01  6.000000e+00
     vertex  5.950457e+01  6.114136e+01  6.000000e+00
     vertex  5.956267e+01  6.112683e+01  6.000000e+00
   endloop
 endfacet
 facet normal  0.000000e+00  0.000000e+00  1.000000e+00
   outer loop
     vertex  6.500000e+01  6.500000e+01  6.000000e+00
     vertex  5.944609e+01  6.115430e+01  6.000000e+00
     vertex  5.950457e+01  6.114136e+01  6.000000e+00
   endloop
 endfacet
 facet normal  0.000000e+00  0.000000e+00  1.000000e+00
   outer loop
     vertex  6.500000e+01  6.500000e+01  6.000000e+00
     vertex  5.938728e+01  6.116564e+01  6.000000e+00
     vertex  5.944609e+01  6.115430e+01  6.000000e+00
   endloop
 endfacet
 facet normal  0.000000e+00  0.000000e+00  1.000000e+00
   outer loop
     vertex  6.500000e+01  6.500000e+01  6.000000e+00
     vertex  5.932819e+01  6.117538e+01  6.000000e+00
     vertex  5.938728e+01  6.116564e+01  6.000000e+00
   endloop
 endfacet
 facet normal  0.000000e+00  0.000000e+00  1.000000e+00
   outer loop
     vertex  6.500000e+01  6.500000e+01  6.000000e+00
     vertex  5.926885e+01  6.118351e+01  6.000000e+00
     vertex  5.932819e+01  6.117538e+01  6.000000e+00
   endloop
 endfacet
 facet normal  0.000000e+00  0.000000e+00  1.000000e+00
   outer loop
     vertex  6.500000e+01  6.500000e+01  6.000000e+00
     vertex  5.920931e+01  6.119002e+01  6.000000e+00
     vertex  5.926885e+01  6.118351e+01  6.000000e+00
   endloop
 endfacet
 facet normal  0.000000e+00  0.000000e+00  1.000000e+00
   outer loop
     vertex  6.500000e+01  6.500000e+01  6.000000e+00
     vertex  5.914962e+01  6.119491e+01  6.000000e+00
     vertex  5.920931e+01  6.119002e+01  6.000000e+00
   endloop
 endfacet
 facet normal  0.000000e+00  0.000000e+00  1.000000e+00
   outer loop
     vertex  6.500000e+01  6.500000e+01  6.000000e+00
     vertex  5.908982e+01  6.119817e+01  6.000000e+00
     vertex  5.914962e+01  6.119491e+01  6.000000e+00
   endloop
 endfacet
 facet normal  0.000000e+00  0.000000e+00  1.000000e+00
   outer loop
     vertex  6.500000e+01  6.500000e+01  6.000000e+00
     vertex  5.902995e+01  6.119980e+01  6.000000e+00
     vertex  5.908982e+01  6.119817e+01  6.000000e+00
   endloop
 endfacet
 facet normal  0.000000e+00  0.000000e+00  1.000000e+00
   outer loop
     vertex  6.500000e+01  6.500000e+01  6.000000e+00
     vertex  5.897005e+01  6.119980e+01  6.000000e+00
     vertex  5.902995e+01  6.119980e+01  6.000000e+00
   endloop
 endfacet
 facet normal  0.000000e+00  0.000000e+00  1.000000e+00
   outer loop
     vertex  6.500000e+01  6.500000e+01  6.000000e+00
     vertex  5.891018e+01  6.119817e+01  6.000000e+00
     vertex  5.897005e+01  6.119980e+01  6.000000e+00
   endloop
 endfacet
 facet normal  0.000000e+00  0.000000e+00  1.000000e+00
   outer loop
     vertex  6.500000e+01  6.500000e+01  6.000000e+00
     vertex  5.885038e+01  6.119491e+01  6.000000e+00
     vertex  5.891018e+01  6.119817e+01  6.000000e+00
   endloop
 endfacet
 facet normal  0.000000e+00  0.000000e+00  1.000000e+00
   outer loop
     vertex  6.500000e+01  6.500000e+01  6.000000e+00
     vertex  5.879069e+01  6.119002e+01  6.000000e+00
     vertex  5.885038e+01  6.119491e+01  6.000000e+00
   endloop
 endfacet
 facet normal  0.000000e+00  0.000000e+00  1.000000e+00
   outer loop
     vertex  6.500000e+01  6.500000e+01  6.000000e+00
     vertex  5.873115e+01  6.118351e+01  6.000000e+00
     vertex  5.879069e+01  6.119002e+01  6.000000e+00
   endloop
 endfacet
 facet normal  0.000000e+00  0.000000e+00  1.000000e+00
   outer loop
     vertex  6.500000e+01  6.500000e+01  6.000000e+00
     vertex  5.867181e+01  6.117538e+01  6.000000e+00
     vertex  5.873115e+01  6.118351e+01  6.000000e+00
   endloop
 endfacet
 facet normal  0.000000e+00  0.000000e+00  1.000000e+00
   outer loop
     vertex  6.500000e+01  6.500000e+01  6.000000e+00
     vertex  5.861272e+01  6.116564e+01  6.000000e+00
     vertex  5.867181e+01  6.117538e+01  6.000000e+00
   endloop
 endfacet
 facet normal  0.000000e+00  0.000000e+00  1.000000e+00
   outer loop
     vertex  6.500000e+01  6.500000e+01  6.000000e+00
     vertex  5.855391e+01  6.115430e+01  6.000000e+00
     vertex  5.861272e+01  6.116564e+01  6.000000e+00
   endloop
 endfacet
 facet normal  0.000000e+00  0.000000e+00  1.000000e+00
   outer loop
     vertex  6.500000e+01  6.500000e+01  6.000000e+00
     vertex  5.849543e+01  6.114136e+01  6.000000e+00
     vertex  5.855391e+01  6.115430e+01  6.000000e+00
   endloop
 endfacet
 facet normal  0.000000e+00  0.000000e+00  1.000000e+00
   outer loop
     vertex  6.500000e+01  6.500000e+01  6.000000e+00
     vertex  5.843733e+01  6.112683e+01  6.000000e+00
     vertex  5.849543e+01  6.114136e+01  6.000000e+00
   endloop
 endfacet
 facet normal  0.000000e+00  0.000000e+00  1.000000e+00
   outer loop
     vertex  6.500000e+01  6.500000e+01  6.000000e+00
     vertex  5.837964e+01  6.111072e+01  6.000000e+00
     vertex  5.843733e+01  6.112683e+01  6.000000e+00
   endloop
 endfacet
 facet normal  0.000000e+00  0.000000e+00  1.000000e+00
   outer loop
     vertex  6.500000e+01  6.500000e+01  6.000000e+00
     vertex  5.832241e+01  6.109305e+01  6.000000e+00
     vertex  5.837964e+01  6.111072e+01  6.000000e+00
   endloop
 endfacet
 facet normal  0.000000e+00  0.000000e+00  1.000000e+00
   outer loop
     vertex  6.500000e+01  6.500000e+01  6.000000e+00
     vertex  5.826569e+01  6.107383e+01  6.000000e+00
     vertex  5.832241e+01  6.109305e+01  6.000000e+00
   endloop
 endfacet
 facet normal  0.000000e+00  0.000000e+00  1.000000e+00
   outer loop
     vertex  6.500000e+01  6.500000e+01  6.000000e+00
     vertex  5.820951e+01  6.105308e+01  6.000000e+00
     vertex  5.826569e+01  6.107383e+01  6.000000e+00
   endloop
 endfacet
 facet normal  0.000000e+00  0.000000e+00  1.000000e+00
   outer loop
     vertex  6.500000e+01  6.500000e+01  6.000000e+00
     vertex  5.815391e+01  6.103080e+01  6.000000e+00
     vertex  5.820951e+01  6.105308e+01  6.000000e+00
   endloop
 endfacet
 facet normal  0.000000e+00  0.000000e+00  1.000000e+00
   outer loop
     vertex  6.500000e+01  6.500000e+01  6.000000e+00
     vertex  5.809895e+01  6.100701e+01  6.000000e+00
     vertex  5.815391e+01  6.103080e+01  6.000000e+00
   endloop
 endfacet
 facet normal  0.000000e+00  0.000000e+00  1.000000e+00
   outer loop
     vertex  6.500000e+01  6.500000e+01  6.000000e+00
     vertex  6.026491e+01  6.080000e+01  6.000000e+00
     vertex  6.500000e+01  6.080000e+01  6.000000e+00
   endloop
 endfacet
 facet normal  0.000000e+00  0.000000e+00  1.000000e+00
   outer loop
     vertex  6.500000e+01  6.500000e+01  6.000000e+00
     vertex  0.000000e+00  6.500000e+01  6.000000e+00
     vertex  6.901053e+00  6.100701e+01  6.000000e+00
   endloop
 endfacet
 facet normal  0.000000e+00  0.000000e+00  1.000000e+00
   outer loop
     vertex  6.500000e+01  6.500000e+01  6.000000e+00
     vertex  6.901053e+00  6.100701e+01  6.000000e+00
     vertex  6.955353e+00  6.098174e+01  6.000000e+00
   endloop
 endfacet
 facet normal  0.000000e+00  0.000000e+00  1.000000e+00
   outer loop
     vertex  6.500000e+01  6.500000e+01  6.000000e+00
     vertex  6.955353e+00  6.098174e+01  6.000000e+00
     vertex  7.008944e+00  6.095500e+01  6.000000e+00
   endloop
 endfacet
 facet normal  0.000000e+00  0.000000e+00  1.000000e+00
   outer loop
     vertex  6.500000e+01  6.500000e+01  6.000000e+00
     vertex  7.008944e+00  6.095500e+01  6.000000e+00
     vertex  7.061788e+00  6.092681e+01  6.000000e+00
   endloop
 endfacet
 facet normal  0.000000e+00  0.000000e+00  1.000000e+00
   outer loop
     vertex  6.500000e+01  6.500000e+01  6.000000e+00
     vertex  7.061788e+00  6.092681e+01  6.000000e+00
     vertex  7.113845e+00  6.089720e+01  6.000000e+00
   endloop
 endfacet
 facet normal  0.000000e+00  0.000000e+00  1.000000e+00
   outer loop
     vertex  6.500000e+01  6.500000e+01  6.000000e+00
     vertex  7.113845e+00  6.089720e+01  6.000000e+00
     vertex  7.165076e+00  6.086617e+01  6.000000e+00
   endloop
 endfacet
 facet normal  0.000000e+00  0.000000e+00  1.000000e+00
   outer loop
     vertex  6.500000e+01  6.500000e+01  6.000000e+00
     vertex  7.165076e+00  6.086617e+01  6.000000e+00
     vertex  7.215444e+00  6.083377e+01  6.000000e+00
   endloop
 endfacet
 facet normal  0.000000e+00  0.000000e+00  1.000000e+00
   outer loop
     vertex  6.500000e+01  6.500000e+01  6.000000e+00
     vertex  7.215444e+00  6.083377e+01  6.000000e+00
     vertex  7.264911e+00  6.080000e+01  6.000000e+00
   endloop
 endfacet
 facet normal  0.000000e+00  0.000000e+00  1.000000e+00
   outer loop
     vertex  6.500000e+01  6.500000e+01  6.000000e+00
     vertex  7.264911e+00  6.080000e+01  6.000000e+00
     vertex  5.809895e+01  6.100701e+01  6.000000e+00
   endloop
 endfacet
 facet normal  0.000000e+00  0.000000e+00  1.000000e+00
   outer loop
     vertex  5.809895e+01  6.100701e+01  6.000000e+00
     vertex  7.264911e+00  6.080000e+01  6.000000e+00
     vertex  5.804465e+01  6.098174e+01  6.000000e+00
   endloop
 endfacet
 facet normal  0.000000e+00  0.000000e+00  1.000000e+00
   outer loop
     vertex  5.804465e+01  6.098174e+01  6.000000e+00
     vertex  7.264911e+00  6.080000e+01  6.000000e+00
     vertex  5.799106e+01  6.095500e+01  6.000000e+00
   endloop
 endfacet
 facet normal  0.000000e+00  0.000000e+00  1.000000e+00
   outer loop
     vertex  5.799106e+01  6.095500e+01  6.000000e+00
     vertex  7.264911e+00  6.080000e+01  6.000000e+00
     vertex  5.793821e+01  6.092681e+01  6.000000e+00
   endloop
 endfacet
 facet normal  0.000000e+00  0.000000e+00  1.000000e+00
   outer loop
     vertex  5.793821e+01  6.092681e+01  6.000000e+00
     vertex  7.264911e+00  6.080000e+01  6.000000e+00
     vertex  5.788616e+01  6.089720e+01  6.000000e+00
   endloop
 endfacet
 facet normal  0.000000e+00  0.000000e+00  1.000000e+00
   outer loop
     vertex  5.788616e+01  6.089720e+01  6.000000e+00
     vertex  7.264911e+00  6.080000e+01  6.000000e+00
     vertex  5.783492e+01  6.086617e+01  6.000000e+00
   endloop
 endfacet
 facet normal  0.000000e+00  0.000000e+00  1.000000e+00
   outer loop
     vertex  5.783492e+01  6.086617e+01  6.000000e+00
     vertex  7.264911e+00  6.080000e+01  6.000000e+00
     vertex  5.778456e+01  6.083377e+01  6.000000e+00
   endloop
 endfacet
 facet normal  0.000000e+00  0.000000e+00  1.000000e+00
   outer loop
     vertex  5.778456e+01  6.083377e+01  6.000000e+00
     vertex  7.264911e+00  6.080000e+01  6.000000e+00
     vertex  5.773509e+01  6.080000e+01  6.000000e+00
   endloop
 endfacet
 facet normal  0.000000e+00  1.000000e+00  0.000000e+00
   outer loop
     vertex  6.500000e+01  6.500000e+01  6.000000e+00
     vertex  6.500000e+01  6.500000e+01  0.000000e+00
     vertex  0.000000e+00  6.500000e+01  0.000000e+00
   endloop
 endfacet
 facet normal  0.000000e+00  1.000000e+00  0.000000e+00
   outer loop
     vertex  6.500000e+01  6.500000e+01  6.000000e+00
     vertex  0.000000e+00  6.500000e+01  0.000000e+00
     vertex  0.000000e+00  6.500000e+01  6.000000e+00
   endloop
 endfacet
 facet normal -0.000000e+00  0.000000e+00 -1.000000e+00
   outer loop
     vertex  4.482157e+00  4.407470e+00  0.000000e+00
     vertex  0.000000e+00  0.000000e+00  0.000000e+00
     vertex  4.439039e+00  4.449710e+00  0.000000e+00
   endloop
 endfacet
 facet normal  0.000000e+00 -0.000000e+00 -1.000000e+00
   outer loop
     vertex  4.397096e+00  4.493117e+00  0.000000e+00
     vertex  4.439039e+00  4.449710e+00  0.000000e+00
     vertex  0.000000e+00  0.000000e+00  0.000000e+00
   endloop
 endfacet
 facet normal -0.000000e+00  0.000000e+00 -1.000000e+00
   outer loop
     vertex  4.526418e+00  4.366428e+00  0.000000e+00
     vertex  0.000000e+00  0.000000e+00  0.000000e+00
     vertex  4.482157e+00  4.407470e+00  0.000000e+00
   endloop
 endfacet
 facet normal  0.000000e+00 -0.000000e+00 -1.000000e+00
   outer loop
     vertex  4.356359e+00  4.537658e+00  0.000000e+00
     vertex  4.397096e+00  4.493117e+00  0.000000e+00
     vertex  0.000000e+00  0.000000e+00  0.000000e+00
   endloop
 endfacet
 facet normal -0.000000e+00  0.000000e+00 -1.000000e+00
   outer loop
     vertex  4.571788e+00  4.326617e+00  0.000000e+00
     vertex  0.000000e+00  0.000000e+00  0.000000e+00
     vertex  4.526418e+00  4.366428e+00  0.000000e+00
   endloop
 endfacet
 facet normal  0.000000e+00 -0.000000e+00 -1.000000e+00
   outer loop
     vertex  4.316860e+00  4.583300e+00  0.000000e+00
     vertex  4.356359e+00  4.537658e+00  0.000000e+00
     vertex  0.000000e+00  0.000000e+00  0.000000e+00
   endloop
 endfacet
 facet normal -0.000000e+00  0.000000e+00 -1.000000e+00
   outer loop
     vertex  4.618233e+00  4.288065e+00  0.000000e+00
     vertex  0.000000e+00  0.000000e+00  0.000000e+00
     vertex  4.571788e+00  4.326617e+00  0.000000e+00
   endloop
 endfacet
 facet normal  0.000000e+00 -0.000000e+00 -1.000000e+00
   outer loop
     vertex  4.278627e+00  4.630009e+00  0.000000e+00
     vertex  4.316860e+00  4.583300e+00  0.000000e+00
     vertex  0.000000e+00  0.000000e+00  0.000000e+00
   endloop
 endfacet
 facet normal -0.000000e+00  0.000000e+00 -1.000000e+00
   outer loop
     vertex  4.665719e+00  4.250802e+00  0.000000e+00
     vertex  0.000000e+00  0.000000e+00  0.000000e+00
     vertex  4.618233e+00  4.288065e+00  0.000000e+00
   endloop
 endfacet
 facet normal  0.000000e+00 -0.000000e+00 -1.000000e+00
   outer loop
     vertex  4.241691e+00  4.677748e+00  0.000000e+00
     vertex  4.278627e+00  4.630009e+00  0.000000e+00
     vertex  0.000000e+00  0.000000e+00  0.000000e+00
   endloop
 endfacet
 facet normal -0.000000e+00  0.000000e+00 -1.000000e+00
   outer loop
     vertex  4.714209e+00  4.214856e+00  0.000000e+00
     vertex  0.000000e+00  0.000000e+00  0.000000e+00
     vertex  4.665719e+00  4.250802e+00  0.000000e+00
   endloop
 endfacet
 facet normal  0.000000e+00 -0.000000e+00 -1.000000e+00
   outer loop
     vertex  4.206078e+00  4.726484e+00  0.000000e+00
     vertex  4.241691e+00  4.677748e+00  0.000000e+00
     vertex  0.000000e+00  0.000000e+00  0.000000e+00
   endloop
 endfacet
 facet normal -0.000000e+00  0.000000e+00 -1.000000e+00
   outer loop
     vertex  4.763666e+00  4.180253e+00  0.000000e+00
     vertex  0.000000e+00  0.000000e+00  0.000000e+00
     vertex  4.714209e+00  4.214856e+00  0.000000e+00
   endloop
 endfacet
 facet normal  0.000000e+00 -0.000000e+00 -1.000000e+00
   outer loop
     vertex  4.171816e+00  4.776178e+00  0.000000e+00
     vertex  4.206078e+00  4.726484e+00  0.000000e+00
     vertex  0.000000e+00  0.000000e+00  0.000000e+00
   endloop
 endfacet
 facet normal -0.000000e+00  0.000000e+00 -1.000000e+00
   outer loop
     vertex  4.814055e+00  4.147020e+00  0.000000e+00
     vertex  0.000000e+00  0.000000e+00  0.000000e+00
     vertex  4.763666e+00  4.180253e+00  0.000000e+00
   endloop
 endfacet
 facet normal  0.000000e+00 -0.000000e+00 -1.000000e+00
   outer loop
     vertex  4.138929e+00  4.826793e+00  0.000000e+00
     vertex  4.171816e+00  4.776178e+00  0.000000e+00
     vertex  0.000000e+00  0.000000e+00  0.000000e+00
   endloop
 endfacet
 facet normal -0.000000e+00  0.000000e+00 -1.000000e+00
   outer loop
     vertex  4.865336e+00  4.115183e+00  0.000000e+00
     vertex  0.000000e+00  0.000000e+00  0.000000e+00
     vertex  4.814055e+00  4.147020e+00  0.000000e+00
   endloop
 endfacet
 facet normal  0.000000e+00 -0.000000e+00 -1.000000e+00
   outer loop
     vertex  4.107444e+00  4.878291e+00  0.000000e+00
     vertex  4.138929e+00  4.826793e+00  0.000000e+00
     vertex  0.000000e+00  0.000000e+00  0.000000e+00
   endloop
 endfacet
 facet normal -0.000000e+00  0.000000e+00 -1.000000e+00
   outer loop
     vertex  4.917471e+00  4.084764e+00  0.000000e+00
     vertex  0.000000e+00  0.000000e+00  0.000000e+00
     vertex  4.865336e+00  4.115183e+00  0.000000e+00
   endloop
 endfacet
 facet normal  0.000000e+00 -0.000000e+00 -1.000000e+00
   outer loop
     vertex  4.077383e+00  4.930634e+00  0.000000e+00
     vertex  4.107444e+00  4.878291e+00  0.000000e+00
     vertex  0.000000e+00  0.000000e+00  0.000000e+00
   endloop
 endfacet
 facet normal -0.000000e+00  0.000000e+00 -1.000000e+00
   outer loop
     vertex  4.970421e+00  4.055786e+00  0.000000e+00
     vertex  0.000000e+00  0.000000e+00  0.000000e+00
     vertex  4.917471e+00  4.084764e+00  0.000000e+00
   endloop
 endfacet
 facet normal  0.000000e+00 -0.000000e+00 -1.000000e+00
   outer loop
     vertex  4.048770e+00  4.983781e+00  0.000000e+00
     vertex  4.077383e+00  4.930634e+00  0.000000e+00
     vertex  0.000000e+00  0.000000e+00  0.000000e+00
   endloop
 endfacet
 facet normal -0.000000e+00  0.000000e+00 -1.000000e+00
   outer loop
     vertex  5.024146e+00  4.028272e+00  0.000000e+00
     vertex  0.000000e+00  0.000000e+00  0.000000e+00
     vertex  4.970421e+00  4.055786e+00  0.000000e+00
   endloop
 endfacet
 facet normal  0.000000e+00 -0.000000e+00 -1.000000e+00
   outer loop
     vertex  4.021625e+00  5.037694e+00  0.000000e+00
     vertex  4.048770e+00  4.983781e+00  0.000000e+00
     vertex  0.000000e+00  0.000000e+00  0.000000e+00
   endloop
 endfacet
 facet normal -0.000000e+00  0.000000e+00 -1.000000e+00
   outer loop
     vertex  5.078606e+00  4.002243e+00  0.000000e+00
     vertex  0.000000e+00  0.000000e+00  0.000000e+00
     vertex  5.024146e+00  4.028272e+00  0.000000e+00
   endloop
 endfacet
 facet normal  0.000000e+00 -0.000000e+00 -1.000000e+00
   outer loop
     vertex  3.995970e+00  5.092331e+00  0.000000e+00
     vertex  4.021625e+00  5.037694e+00  0.000000e+00
     vertex  0.000000e+00  0.000000e+00  0.000000e+00
   endloop
 endfacet
 facet normal -0.000000e+00  0.000000e+00 -1.000000e+00
   outer loop
     vertex  5.133759e+00  3.977717e+00  0.000000e+00
     vertex  0.000000e+00  0.000000e+00  0.000000e+00
     vertex  5.078606e+00  4.002243e+00  0.000000e+00
   endloop
 endfacet
 facet normal  0.000000e+00 -0.000000e+00 -1.000000e+00
   outer loop
     vertex  3.971823e+00  5.147651e+00  0.000000e+00
     vertex  3.995970e+00  5.092331e+00  0.000000e+00
     vertex  0.000000e+00  0.000000e+00  0.000000e+00
   endloop
 endfacet
 facet normal -0.000000e+00  0.000000e+00 -1.000000e+00
   outer loop
     vertex  5.189565e+00  3.954714e+00  0.000000e+00
     vertex  0.000000e+00  0.000000e+00  0.000000e+00
     vertex  5.133759e+00  3.977717e+00  0.000000e+00
   endloop
 endfacet
 facet normal  0.000000e+00 -0.000000e+00 -1.000000e+00
   outer loop
     vertex  3.949203e+00  5.203613e+00  0.000000e+00
     vertex  3.971823e+00  5.147651e+00  0.000000e+00
     vertex  0.000000e+00  0.000000e+00  0.000000e+00
   endloop
 endfacet
 facet normal -0.000000e+00  0.000000e+00 -1.000000e+00
   outer loop
     vertex  5.245980e+00  3.933250e+00  0.000000e+00
     vertex  0.000000e+00  0.000000e+00  0.000000e+00
     vertex  5.189565e+00  3.954714e+00  0.000000e+00
   endloop
 endfacet
 facet normal  0.000000e+00 -0.000000e+00 -1.000000e+00
   outer loop
     vertex  3.928127e+00  5.260175e+00  0.000000e+00
     vertex  3.949203e+00  5.203613e+00  0.000000e+00
     vertex  0.000000e+00  0.000000e+00  0.000000e+00
   endloop
 endfacet
 facet normal -0.000000e+00  0.000000e+00 -1.000000e+00
   outer loop
     vertex  5.302963e+00  3.913342e+00  0.000000e+00
     vertex  0.000000e+00  0.000000e+00  0.000000e+00
     vertex  5.245980e+00  3.933250e+00  0.000000e+00
   endloop
 endfacet
 facet normal  0.000000e+00 -0.000000e+00 -1.000000e+00
   outer loop
     vertex  3.908610e+00  5.317293e+00  0.000000e+00
     vertex  3.928127e+00  5.260175e+00  0.000000e+00
     vertex  0.000000e+00  0.000000e+00  0.000000e+00
   endloop
 endfacet
 facet normal -0.000000e+00  0.000000e+00 -1.000000e+00
   outer loop
     vertex  5.360471e+00  3.895005e+00  0.000000e+00
     vertex  0.000000e+00  0.000000e+00  0.000000e+00
     vertex  5.302963e+00  3.913342e+00  0.000000e+00
   endloop
 endfacet
 facet normal  0.000000e+00 -0.000000e+00 -1.000000e+00
   outer loop
     vertex  3.890668e+00  5.374925e+00  0.000000e+00
     vertex  3.908610e+00  5.317293e+00  0.000000e+00
     vertex  0.000000e+00  0.000000e+00  0.000000e+00
   endloop
 endfacet
 facet normal -0.000000e+00  0.000000e+00 -1.000000e+00
   outer loop
     vertex  5.418460e+00  3.878253e+00  0.000000e+00
     vertex  0.000000e+00  0.000000e+00  0.000000e+00
     vertex  5.360471e+00  3.895005e+00  0.000000e+00
   endloop
 endfacet
 facet normal  0.000000e+00 -0.000000e+00 -1.000000e+00
   outer loop
     vertex  3.874314e+00  5.433028e+00  0.000000e+00
     vertex  3.890668e+00  5.374925e+00  0.000000e+00
     vertex  0.000000e+00  0.000000e+00  0.000000e+00
   endloop
 endfacet
 facet normal -0.000000e+00  0.000000e+00 -1.000000e+00
   outer loop
     vertex  5.476887e+00  3.863097e+00  0.000000e+00
     vertex  0.000000e+00  0.000000e+00  0.000000e+00
     vertex  5.418460e+00  3.878253e+00  0.000000e+00
   endloop
 endfacet
 facet normal  0.000000e+00 -0.000000e+00 -1.000000e+00
   outer loop
     vertex  3.859559e+00  5.491557e+00  0.000000e+00
     vertex  3.874314e+00  5.433028e+00  0.000000e+00
     vertex  0.000000e+00  0.000000e+00  0.000000e+00
   endloop
 endfacet
 facet normal -0.000000e+00  0.000000e+00 -1.000000e+00
   outer loop
     vertex  5.535708e+00  3.849550e+00  0.000000e+00
     vertex  0.000000e+00  0.000000e+00  0.000000e+00
     vertex  5.476887e+00  3.863097e+00  0.000000e+00
   endloop
 endfacet
 facet normal  0.000000e+00 -0.000000e+00 -1.000000e+00
   outer loop
     vertex  3.846416e+00  5.550470e+00  0.000000e+00
     vertex  3.859559e+00  5.491557e+00  0.000000e+00
     vertex  0.000000e+00  0.000000e+00  0.000000e+00
   endloop
 endfacet
 facet normal -0.000000e+00  0.000000e+00 -1.000000e+00
   outer loop
     vertex  5.594879e+00  3.837622e+00  0.000000e+00
     vertex  0.000000e+00  0.000000e+00  0.000000e+00
     vertex  5.535708e+00  3.849550e+00  0.000000e+00
   endloop
 endfacet
 facet normal  0.000000e+00 -0.000000e+00 -1.000000e+00
   outer loop
     vertex  3.834894e+00  5.609720e+00  0.000000e+00
     vertex  3.846416e+00  5.550470e+00  0.000000e+00
     vertex  0.000000e+00  0.000000e+00  0.000000e+00
   endloop
 endfacet
 facet normal -0.000000e+00  0.000000e+00 -1.000000e+00
   outer loop
     vertex  5.654354e+00  3.827322e+00  0.000000e+00
     vertex  0.000000e+00  0.000000e+00  0.000000e+00
     vertex  5.594879e+00  3.837622e+00  0.000000e+00
   endloop
 endfacet
 facet normal  0.000000e+00 -0.000000e+00 -1.000000e+00
   outer loop
     vertex  3.825002e+00  5.669265e+00  0.000000e+00
     vertex  3.834894e+00  5.609720e+00  0.000000e+00
     vertex  0.000000e+00  0.000000e+00  0.000000e+00
   endloop
 endfacet
 facet normal -0.000000e+00  0.000000e+00 -1.000000e+00
   outer loop
     vertex  5.714089e+00  3.818658e+00  0.000000e+00
     vertex  0.000000e+00  0.000000e+00  0.000000e+00
     vertex  5.654354e+00  3.827322e+00  0.000000e+00
   endloop
 endfacet
 facet normal  0.000000e+00 -0.000000e+00 -1.000000e+00
   outer loop
     vertex  3.816748e+00  5.729058e+00  0.000000e+00
     vertex  3.825002e+00  5.669265e+00  0.000000e+00
     vertex  0.000000e+00  0.000000e+00  0.000000e+00
   endloop
 endfacet
 facet normal -0.000000e+00  0.000000e+00 -1.000000e+00
   outer loop
     vertex  5.774040e+00  3.811635e+00  0.000000e+00
     vertex  0.000000e+00  0.000000e+00  0.000000e+00
     vertex  5.714089e+00  3.818658e+00  0.000000e+00
   endloop
 endfacet
 facet normal  0.000000e+00 -0.000000e+00 -1.000000e+00
   outer loop
     vertex  3.810136e+00  5.789056e+00  0.000000e+00
     vertex  3.816748e+00  5.729058e+00  0.000000e+00
     vertex  0.000000e+00  0.000000e+00  0.000000e+00
   endloop
 endfacet
 facet normal -0.000000e+00  0.000000e+00 -1.000000e+00
   outer loop
     vertex  5.834161e+00  3.806260e+00  0.000000e+00
     vertex  0.000000e+00  0.000000e+00  0.000000e+00
     vertex  5.774040e+00  3.811635e+00  0.000000e+00
   endloop
 endfacet
 facet normal  0.000000e+00 -0.000000e+00 -1.000000e+00
   outer loop
     vertex  3.805174e+00  5.849212e+00  0.000000e+00
     vertex  3.810136e+00  5.789056e+00  0.000000e+00
     vertex  0.000000e+00  0.000000e+00  0.000000e+00
   endloop
 endfacet
 facet normal -0.000000e+00  0.000000e+00 -1.000000e+00
   outer loop
     vertex  5.894406e+00  3.802536e+00  0.000000e+00
     vertex  0.000000e+00  0.000000e+00  0.000000e+00
     vertex  5.834161e+00  3.806260e+00  0.000000e+00
   endloop
 endfacet
 facet normal  0.000000e+00 -0.000000e+00 -1.000000e+00
   outer loop
     vertex  3.801863e+00  5.909482e+00  0.000000e+00
     vertex  3.805174e+00  5.849212e+00  0.000000e+00
     vertex  0.000000e+00  0.000000e+00  0.000000e+00
   endloop
 endfacet
 facet normal -0.000000e+00  0.000000e+00 -1.000000e+00
   outer loop
     vertex  5.954731e+00  3.800466e+00  0.000000e+00
     vertex  0.000000e+00  0.000000e+00  0.000000e+00
     vertex  5.894406e+00  3.802536e+00  0.000000e+00
   endloop
 endfacet
 facet normal  0.000000e+00 -0.000000e+00 -1.000000e+00
   outer loop
     vertex  3.800207e+00  5.969820e+00  0.000000e+00
     vertex  3.801863e+00  5.909482e+00  0.000000e+00
     vertex  0.000000e+00  0.000000e+00  0.000000e+00
   endloop
 endfacet
 facet normal -0.000000e+00  0.000000e+00 -1.000000e+00
   outer loop
     vertex  6.015091e+00  3.800052e+00  0.000000e+00
     vertex  0.000000e+00  0.000000e+00  0.000000e+00
     vertex  5.954731e+00  3.800466e+00  0.000000e+00
   endloop
 endfacet
 facet normal  0.000000e+00 -0.000000e+00 -1.000000e+00
   outer loop
     vertex  3.800207e+00  6.030180e+00  0.000000e+00
     vertex  3.800207e+00  5.969820e+00  0.000000e+00
     vertex  0.000000e+00  0.000000e+00  0.000000e+00
   endloop
 endfacet
 facet normal  0.000000e+00  0.000000e+00 -1.000000e+00
   outer loop
     vertex  6.075438e+00  3.801294e+00  0.000000e+00
     vertex  0.000000e+00  0.000000e+00  0.000000e+00
     vertex  6.015091e+00  3.800052e+00  0.000000e+00
   endloop
 endfacet
 facet normal  0.000000e+00  0.000000e+00 -1.000000e+00
   outer loop
     vertex  3.801863e+00  6.090518e+00  0.000000e+00
     vertex  3.800207e+00  6.030180e+00  0.000000e+00
     vertex  0.000000e+00  0.000000e+00  0.000000e+00
   endloop
 endfacet
 facet normal  0.000000e+00  0.000000e+00 -1.000000e+00
   outer loop
     vertex  6.135729e+00  3.804191e+00  0.000000e+00
     vertex  0.000000e+00  0.000000e+00  0.000000e+00
     vertex  6.075438e+00  3.801294e+00  0.000000e+00
   endloop
 endfacet
 facet normal  0.000000e+00  0.000000e+00 -1.000000e+00
   outer loop
     vertex  3.805174e+00  6.150788e+00  0.000000e+00
     vertex  3.801863e+00  6.090518e+00  0.000000e+00
     vertex  0.000000e+00  0.000000e+00  0.000000e+00
   endloop
 endfacet
 facet normal  0.000000e+00  0.000000e+00 -1.000000e+00
   outer loop
     vertex  6.195918e+00  3.808741e+00  0.000000e+00
     vertex  0.000000e+00  0.000000e+00  0.000000e+00
     vertex  6.135729e+00  3.804191e+00  0.000000e+00
   endloop
 endfacet
 facet normal  0.000000e+00  0.000000e+00 -1.000000e+00
   outer loop
     vertex  3.810136e+00  6.210944e+00  0.000000e+00
     vertex  3.805174e+00  6.150788e+00  0.000000e+00
     vertex  0.000000e+00  0.000000e+00  0.000000e+00
   endloop
 endfacet
 facet normal  0.000000e+00  0.000000e+00 -1.000000e+00
   outer loop
     vertex  6.255960e+00  3.814941e+00  0.000000e+00
     vertex  0.000000e+00  0.000000e+00  0.000000e+00
     vertex  6.195918e+00  3.808741e+00  0.000000e+00
   endloop
 endfacet
 facet normal  0.000000e+00  0.000000e+00 -1.000000e+00
   outer loop
     vertex  3.816748e+00  6.270942e+00  0.000000e+00
     vertex  3.810136e+00  6.210944e+00  0.000000e+00
     vertex  0.000000e+00  0.000000e+00  0.000000e+00
   endloop
 endfacet
 facet normal  0.000000e+00  0.000000e+00 -1.000000e+00
   outer loop
     vertex  6.315808e+00  3.822785e+00  0.000000e+00
     vertex  0.000000e+00  0.000000e+00  0.000000e+00
     vertex  6.255960e+00  3.814941e+00  0.000000e+00
   endloop
 endfacet
 facet normal  0.000000e+00  0.000000e+00 -1.000000e+00
   outer loop
     vertex  3.825002e+00  6.330735e+00  0.000000e+00
     vertex  3.816748e+00  6.270942e+00  0.000000e+00
     vertex  0.000000e+00  0.000000e+00  0.000000e+00
   endloop
 endfacet
 facet normal  0.000000e+00  0.000000e+00 -1.000000e+00
   outer loop
     vertex  6.375419e+00  3.832268e+00  0.000000e+00
     vertex  0.000000e+00  0.000000e+00  0.000000e+00
     vertex  6.315808e+00  3.822785e+00  0.000000e+00
   endloop
 endfacet
 facet normal  0.000000e+00  0.000000e+00 -1.000000e+00
   outer loop
     vertex  3.834894e+00  6.390280e+00  0.000000e+00
     vertex  3.825002e+00  6.330735e+00  0.000000e+00
     vertex  0.000000e+00  0.000000e+00  0.000000e+00
   endloop
 endfacet
 facet normal  0.000000e+00  0.000000e+00 -1.000000e+00
   outer loop
     vertex  6.434748e+00  3.843384e+00  0.000000e+00
     vertex  0.000000e+00  0.000000e+00  0.000000e+00
     vertex  6.375419e+00  3.832268e+00  0.000000e+00
   endloop
 endfacet
 facet normal  0.000000e+00  0.000000e+00 -1.000000e+00
   outer loop
     vertex  3.846416e+00  6.449530e+00  0.000000e+00
     vertex  3.834894e+00  6.390280e+00  0.000000e+00
     vertex  0.000000e+00  0.000000e+00  0.000000e+00
   endloop
 endfacet
 facet normal  0.000000e+00  0.000000e+00 -1.000000e+00
   outer loop
     vertex  6.493749e+00  3.856122e+00  0.000000e+00
     vertex  0.000000e+00  0.000000e+00  0.000000e+00
     vertex  6.434748e+00  3.843384e+00  0.000000e+00
   endloop
 endfacet
 facet normal  0.000000e+00  0.000000e+00 -1.000000e+00
   outer loop
     vertex  3.859559e+00  6.508443e+00  0.000000e+00
     vertex  3.846416e+00  6.449530e+00  0.000000e+00
     vertex  0.000000e+00  0.000000e+00  0.000000e+00
   endloop
 endfacet
 facet normal  0.000000e+00  0.000000e+00 -1.000000e+00
   outer loop
     vertex  6.552378e+00  3.870475e+00  0.000000e+00
     vertex  0.000000e+00  0.000000e+00  0.000000e+00
     vertex  6.493749e+00  3.856122e+00  0.000000e+00
   endloop
 endfacet
 facet normal  0.000000e+00  0.000000e+00 -1.000000e+00
   outer loop
     vertex  3.874314e+00  6.566972e+00  0.000000e+00
     vertex  3.859559e+00  6.508443e+00  0.000000e+00
     vertex  0.000000e+00  0.000000e+00  0.000000e+00
   endloop
 endfacet
 facet normal  0.000000e+00  0.000000e+00 -1.000000e+00
   outer loop
     vertex  6.610592e+00  3.886430e+00  0.000000e+00
     vertex  0.000000e+00  0.000000e+00  0.000000e+00
     vertex  6.552378e+00  3.870475e+00  0.000000e+00
   endloop
 endfacet
 facet normal  0.000000e+00  0.000000e+00 -1.000000e+00
   outer loop
     vertex  3.890668e+00  6.625075e+00  0.000000e+00
     vertex  3.874314e+00  6.566972e+00  0.000000e+00
     vertex  0.000000e+00  0.000000e+00  0.000000e+00
   endloop
 endfacet
 facet normal  0.000000e+00  0.000000e+00 -1.000000e+00
   outer loop
     vertex  6.668346e+00  3.903977e+00  0.000000e+00
     vertex  0.000000e+00  0.000000e+00  0.000000e+00
     vertex  6.610592e+00  3.886430e+00  0.000000e+00
   endloop
 endfacet
 facet normal  0.000000e+00  0.000000e+00 -1.000000e+00
   outer loop
     vertex  3.908610e+00  6.682707e+00  0.000000e+00
     vertex  3.890668e+00  6.625075e+00  0.000000e+00
     vertex  0.000000e+00  0.000000e+00  0.000000e+00
   endloop
 endfacet
 facet normal  0.000000e+00  0.000000e+00 -1.000000e+00
   outer loop
     vertex  6.725596e+00  3.923101e+00  0.000000e+00
     vertex  0.000000e+00  0.000000e+00  0.000000e+00
     vertex  6.668346e+00  3.903977e+00  0.000000e+00
   endloop
 endfacet
 facet normal  0.000000e+00  0.000000e+00 -1.000000e+00
   outer loop
     vertex  3.928127e+00  6.739825e+00  0.000000e+00
     vertex  3.908610e+00  6.682707e+00  0.000000e+00
     vertex  0.000000e+00  0.000000e+00  0.000000e+00
   endloop
 endfacet
 facet normal  0.000000e+00  0.000000e+00 -1.000000e+00
   outer loop
     vertex  6.782301e+00  3.943789e+00  0.000000e+00
     vertex  0.000000e+00  0.000000e+00  0.000000e+00
     vertex  6.725596e+00  3.923101e+00  0.000000e+00
   endloop
 endfacet
 facet normal  0.000000e+00  0.000000e+00 -1.000000e+00
   outer loop
     vertex  3.949203e+00  6.796387e+00  0.000000e+00
     vertex  3.928127e+00  6.739825e+00  0.000000e+00
     vertex  0.000000e+00  0.000000e+00  0.000000e+00
   endloop
 endfacet
 facet normal  0.000000e+00  0.000000e+00 -1.000000e+00
   outer loop
     vertex  6.838417e+00  3.966024e+00  0.000000e+00
     vertex  0.000000e+00  0.000000e+00  0.000000e+00
     vertex  6.782301e+00  3.943789e+00  0.000000e+00
   endloop
 endfacet
 facet normal  0.000000e+00  0.000000e+00 -1.000000e+00
   outer loop
     vertex  3.971823e+00  6.852349e+00  0.000000e+00
     vertex  3.949203e+00  6.796387e+00  0.000000e+00
     vertex  0.000000e+00  0.000000e+00  0.000000e+00
   endloop
 endfacet
 facet normal  0.000000e+00  0.000000e+00 -1.000000e+00
   outer loop
     vertex  6.893901e+00  3.989791e+00  0.000000e+00
     vertex  0.000000e+00  0.000000e+00  0.000000e+00
     vertex  6.838417e+00  3.966024e+00  0.000000e+00
   endloop
 endfacet
 facet normal  0.000000e+00  0.000000e+00 -1.000000e+00
   outer loop
     vertex  3.995970e+00  6.907669e+00  0.000000e+00
     vertex  3.971823e+00  6.852349e+00  0.000000e+00
     vertex  0.000000e+00  0.000000e+00  0.000000e+00
   endloop
 endfacet
 facet normal  0.000000e+00  0.000000e+00 -1.000000e+00
   outer loop
     vertex  6.948713e+00  4.015071e+00  0.000000e+00
     vertex  0.000000e+00  0.000000e+00  0.000000e+00
     vertex  6.893901e+00  3.989791e+00  0.000000e+00
   endloop
 endfacet
 facet normal  0.000000e+00  0.000000e+00 -1.000000e+00
   outer loop
     vertex  4.021625e+00  6.962306e+00  0.000000e+00
     vertex  3.995970e+00  6.907669e+00  0.000000e+00
     vertex  0.000000e+00  0.000000e+00  0.000000e+00
   endloop
 endfacet
 facet normal -0.000000e+00  0.000000e+00 -1.000000e+00
   outer loop
     vertex  5.743904e+01  4.449710e+00  0.000000e+00
     vertex  7.539547e+00  4.428442e+00  0.000000e+00
     vertex  7.582082e+00  4.471269e+00  0.000000e+00
   endloop
 endfacet
 facet normal -0.000000e+00  0.000000e+00 -1.000000e+00
   outer loop
     vertex  4.482157e+00  5.740747e+01  0.000000e+00
     vertex  4.439039e+00  7.550290e+00  0.000000e+00
     vertex  4.439039e+00  5.744971e+01  0.000000e+00
   endloop
 endfacet
 facet normal  0.000000e+00 -0.000000e+00 -1.000000e+00
   outer loop
     vertex  4.482157e+00  5.740747e+01  0.000000e+00
     vertex  4.526418e+00  7.633572e+00  0.000000e+00
     vertex  4.482157e+00  7.592530e+00  0.000000e+00
   endloop
 endfacet
 facet normal  0.000000e+00  0.000000e+00 -1.000000e+00
   outer loop
     vertex  4.482157e+00  5.740747e+01  0.000000e+00
     vertex  4.482157e+00  7.592530e+00  0.000000e+00
     vertex  4.439039e+00  7.550290e+00  0.000000e+00
   endloop
 endfacet
 facet normal -0.000000e+00  0.000000e+00 -1.000000e+00
   outer loop
     vertex  5.748216e+01  4.407470e+00  0.000000e+00
     vertex  7.495853e+00  4.386797e+00  0.000000e+00
     vertex  7.539547e+00  4.428442e+00  0.000000e+00
   endloop
 endfacet
 facet normal  0.000000e+00  0.000000e+00 -1.000000e+00
   outer loop
     vertex  5.748216e+01  4.407470e+00  0.000000e+00
     vertex  7.539547e+00  4.428442e+00  0.000000e+00
     vertex  5.743904e+01  4.449710e+00  0.000000e+00
   endloop
 endfacet
 facet normal -0.000000e+00  0.000000e+00 -1.000000e+00
   outer loop
     vertex  5.739710e+01  4.493117e+00  0.000000e+00
     vertex  7.582082e+00  4.471269e+00  0.000000e+00
     vertex  7.623425e+00  4.515247e+00  0.000000e+00
   endloop
 endfacet
 facet normal  0.000000e+00 -0.000000e+00 -1.000000e+00
   outer loop
     vertex  5.739710e+01  4.493117e+00  0.000000e+00
     vertex  5.743904e+01  4.449710e+00  0.000000e+00
     vertex  7.582082e+00  4.471269e+00  0.000000e+00
   endloop
 endfacet
 facet normal  0.000000e+00  0.000000e+00 -1.000000e+00
   outer loop
     vertex  4.397096e+00  5.749312e+01  0.000000e+00
     vertex  4.439039e+00  5.744971e+01  0.000000e+00
     vertex  4.439039e+00  7.550290e+00  0.000000e+00
   endloop
 endfacet
 facet normal  0.000000e+00 -0.000000e+00 -1.000000e+00
   outer loop
     vertex  4.397096e+00  5.749312e+01  0.000000e+00
     vertex  4.439039e+00  7.550290e+00  0.000000e+00
     vertex  4.397096e+00  7.506883e+00  0.000000e+00
   endloop
 endfacet
 facet normal  0.000000e+00  0.000000e+00 -1.000000e+00
   outer loop
     vertex  4.397096e+00  5.749312e+01  0.000000e+00
     vertex  4.397096e+00  7.506883e+00  0.000000e+00
     vertex  4.356359e+00  7.462342e+00  0.000000e+00
   endloop
 endfacet
 facet normal -0.000000e+00  0.000000e+00 -1.000000e+00
   outer loop
     vertex  5.752642e+01  4.366428e+00  0.000000e+00
     vertex  7.451033e+00  4.346367e+00  0.000000e+00
     vertex  7.495853e+00  4.386797e+00  0.000000e+00
   endloop
 endfacet
 facet normal  0.000000e+00  0.000000e+00 -1.000000e+00
   outer loop
     vertex  5.752642e+01  4.366428e+00  0.000000e+00
     vertex  7.495853e+00  4.386797e+00  0.000000e+00
     vertex  5.748216e+01  4.407470e+00  0.000000e+00
   endloop
 endfacet
 facet normal -0.000000e+00  0.000000e+00 -1.000000e+00
   outer loop
     vertex  4.526418e+00  5.736643e+01  0.000000e+00
     vertex  4.526418e+00  7.633572e+00  0.000000e+00
     vertex  4.482157e+00  5.740747e+01  0.000000e+00
   endloop
 endfacet
 facet normal  0.000000e+00 -0.000000e+00 -1.000000e+00
   outer loop
     vertex  4.526418e+00  5.736643e+01  0.000000e+00
     vertex  4.571788e+00  7.673383e+00  0.000000e+00
     vertex  4.526418e+00  7.633572e+00  0.000000e+00
   endloop
 endfacet
 facet normal  0.000000e+00 -0.000000e+00 -1.000000e+00
   outer loop
     vertex  4.356359e+00  5.753766e+01  0.000000e+00
     vertex  4.397096e+00  5.749312e+01  0.000000e+00
     vertex  4.356359e+00  7.462342e+00  0.000000e+00
   endloop
 endfacet
 facet normal -0.000000e+00  0.000000e+00 -1.000000e+00
   outer loop
     vertex  5.735636e+01  4.537658e+00  0.000000e+00
     vertex  7.623425e+00  4.515247e+00  0.000000e+00
     vertex  7.663547e+00  4.560343e+00  0.000000e+00
   endloop
 endfacet
 facet normal  0.000000e+00 -0.000000e+00 -1.000000e+00
   outer loop
     vertex  5.735636e+01  4.537658e+00  0.000000e+00
     vertex  5.739710e+01  4.493117e+00  0.000000e+00
     vertex  7.623425e+00  4.515247e+00  0.000000e+00
   endloop
 endfacet
 facet normal -0.000000e+00  0.000000e+00 -1.000000e+00
   outer loop
     vertex  5.757179e+01  4.326617e+00  0.000000e+00
     vertex  7.405121e+00  4.307182e+00  0.000000e+00
     vertex  7.451033e+00  4.346367e+00  0.000000e+00
   endloop
 endfacet
 facet normal  0.000000e+00  0.000000e+00 -1.000000e+00
   outer loop
     vertex  5.757179e+01  4.326617e+00  0.000000e+00
     vertex  7.451033e+00  4.346367e+00  0.000000e+00
     vertex  5.752642e+01  4.366428e+00  0.000000e+00
   endloop
 endfacet
 facet normal -0.000000e+00  0.000000e+00 -1.000000e+00
   outer loop
     vertex  4.571788e+00  5.732662e+01  0.000000e+00
     vertex  4.571788e+00  7.673383e+00  0.000000e+00
     vertex  4.526418e+00  5.736643e+01  0.000000e+00
   endloop
 endfacet
 facet normal  0.000000e+00  0.000000e+00 -1.000000e+00
   outer loop
     vertex  4.316860e+00  5.758330e+01  0.000000e+00
     vertex  4.356359e+00  5.753766e+01  0.000000e+00
     vertex  4.356359e+00  7.462342e+00  0.000000e+00
   endloop
 endfacet
 facet normal  0.000000e+00 -0.000000e+00 -1.000000e+00
   outer loop
     vertex  4.316860e+00  5.758330e+01  0.000000e+00
     vertex  4.356359e+00  7.462342e+00  0.000000e+00
     vertex  4.316860e+00  7.416700e+00  0.000000e+00
   endloop
 endfacet
 facet normal -0.000000e+00  0.000000e+00 -1.000000e+00
   outer loop
     vertex  5.731686e+01  4.583300e+00  0.000000e+00
     vertex  7.663547e+00  4.560343e+00  0.000000e+00
     vertex  7.702417e+00  4.606523e+00  0.000000e+00
   endloop
 endfacet
 facet normal  0.000000e+00 -0.000000e+00 -1.000000e+00
   outer loop
     vertex  5.731686e+01  4.583300e+00  0.000000e+00
     vertex  5.735636e+01  4.537658e+00  0.000000e+00
     vertex  7.663547e+00  4.560343e+00  0.000000e+00
   endloop
 endfacet
 facet normal  0.000000e+00  0.000000e+00 -1.000000e+00
   outer loop
     vertex  4.618233e+00  5.728807e+01  0.000000e+00
     vertex  4.618233e+00  7.711935e+00  0.000000e+00
     vertex  4.571788e+00  7.673383e+00  0.000000e+00
   endloop
 endfacet
 facet normal -0.000000e+00  0.000000e+00 -1.000000e+00
   outer loop
     vertex  4.618233e+00  5.728807e+01  0.000000e+00
     vertex  4.571788e+00  7.673383e+00  0.000000e+00
     vertex  4.571788e+00  5.732662e+01  0.000000e+00
   endloop
 endfacet
 facet normal  0.000000e+00  0.000000e+00 -1.000000e+00
   outer loop
     vertex  5.761823e+01  4.288065e+00  0.000000e+00
     vertex  7.405121e+00  4.307182e+00  0.000000e+00
     vertex  5.757179e+01  4.326617e+00  0.000000e+00
   endloop
 endfacet
 facet normal -0.000000e+00  0.000000e+00 -1.000000e+00
   outer loop
     vertex  5.761823e+01  4.288065e+00  0.000000e+00
     vertex  7.358152e+00  4.269271e+00  0.000000e+00
     vertex  7.405121e+00  4.307182e+00  0.000000e+00
   endloop
 endfacet
 facet normal  0.000000e+00  0.000000e+00 -1.000000e+00
   outer loop
     vertex  4.278627e+00  5.763001e+01  0.000000e+00
     vertex  4.316860e+00  5.758330e+01  0.000000e+00
     vertex  4.316860e+00  7.416700e+00  0.000000e+00
   endloop
 endfacet
 facet normal  0.000000e+00 -0.000000e+00 -1.000000e+00
   outer loop
     vertex  4.278627e+00  5.763001e+01  0.000000e+00
     vertex  4.316860e+00  7.416700e+00  0.000000e+00
     vertex  4.278627e+00  7.369991e+00  0.000000e+00
   endloop
 endfacet
 facet normal -0.000000e+00  0.000000e+00 -1.000000e+00
   outer loop
     vertex  5.727863e+01  4.630009e+00  0.000000e+00
     vertex  7.702417e+00  4.606523e+00  0.000000e+00
     vertex  7.740005e+00  4.653752e+00  0.000000e+00
   endloop
 endfacet
 facet normal  0.000000e+00 -0.000000e+00 -1.000000e+00
   outer loop
     vertex  5.727863e+01  4.630009e+00  0.000000e+00
     vertex  5.731686e+01  4.583300e+00  0.000000e+00
     vertex  7.702417e+00  4.606523e+00  0.000000e+00
   endloop
 endfacet
 facet normal  0.000000e+00  0.000000e+00 -1.000000e+00
   outer loop
     vertex  5.766572e+01  4.250802e+00  0.000000e+00
     vertex  7.358152e+00  4.269271e+00  0.000000e+00
     vertex  5.761823e+01  4.288065e+00  0.000000e+00
   endloop
 endfacet
 facet normal -0.000000e+00  0.000000e+00 -1.000000e+00
   outer loop
     vertex  5.766572e+01  4.250802e+00  0.000000e+00
     vertex  7.310160e+00  4.232663e+00  0.000000e+00
     vertex  7.358152e+00  4.269271e+00  0.000000e+00
   endloop
 endfacet
 facet normal -0.000000e+00  0.000000e+00 -1.000000e+00
   outer loop
     vertex  4.665719e+00  5.725080e+01  0.000000e+00
     vertex  4.618233e+00  7.711935e+00  0.000000e+00
     vertex  4.618233e+00  5.728807e+01  0.000000e+00
   endloop
 endfacet
 facet normal  0.000000e+00  0.000000e+00 -1.000000e+00
   outer loop
     vertex  4.665719e+00  5.725080e+01  0.000000e+00
     vertex  4.665719e+00  7.749198e+00  0.000000e+00
     vertex  4.618233e+00  7.711935e+00  0.000000e+00
   endloop
 endfacet
 facet normal -0.000000e+00  0.000000e+00 -1.000000e+00
   outer loop
     vertex  5.724169e+01  4.677748e+00  0.000000e+00
     vertex  7.740005e+00  4.653752e+00  0.000000e+00
     vertex  7.776283e+00  4.701994e+00  0.000000e+00
   endloop
 endfacet
 facet normal  0.000000e+00 -0.000000e+00 -1.000000e+00
   outer loop
     vertex  5.724169e+01  4.677748e+00  0.000000e+00
     vertex  5.727863e+01  4.630009e+00  0.000000e+00
     vertex  7.740005e+00  4.653752e+00  0.000000e+00
   endloop
 endfacet
 facet normal  0.000000e+00 -0.000000e+00 -1.000000e+00
   outer loop
     vertex  4.241691e+00  5.767775e+01  0.000000e+00
     vertex  4.278627e+00  7.369991e+00  0.000000e+00
     vertex  4.241691e+00  7.322252e+00  0.000000e+00
   endloop
 endfacet
 facet normal  0.000000e+00  0.000000e+00 -1.000000e+00
   outer loop
     vertex  4.241691e+00  5.767775e+01  0.000000e+00
     vertex  4.278627e+00  5.763001e+01  0.000000e+00
     vertex  4.278627e+00  7.369991e+00  0.000000e+00
   endloop
 endfacet
 facet normal  0.000000e+00  0.000000e+00 -1.000000e+00
   outer loop
     vertex  5.771421e+01  4.214856e+00  0.000000e+00
     vertex  7.310160e+00  4.232663e+00  0.000000e+00
     vertex  5.766572e+01  4.250802e+00  0.000000e+00
   endloop
 endfacet
 facet normal -0.000000e+00  0.000000e+00 -1.000000e+00
   outer loop
     vertex  5.771421e+01  4.214856e+00  0.000000e+00
     vertex  7.261181e+00  4.197385e+00  0.000000e+00
     vertex  7.310160e+00  4.232663e+00  0.000000e+00
   endloop
 endfacet
 facet normal -0.000000e+00  0.000000e+00 -1.000000e+00
   outer loop
     vertex  4.714209e+00  5.721486e+01  0.000000e+00
     vertex  4.665719e+00  7.749198e+00  0.000000e+00
     vertex  4.665719e+00  5.725080e+01  0.000000e+00
   endloop
 endfacet
 facet normal  0.000000e+00  0.000000e+00 -1.000000e+00
   outer loop
     vertex  4.714209e+00  5.721486e+01  0.000000e+00
     vertex  4.714209e+00  7.785144e+00  0.000000e+00
     vertex  4.665719e+00  7.749198e+00  0.000000e+00
   endloop
 endfacet
 facet normal  0.000000e+00  0.000000e+00 -1.000000e+00
   outer loop
     vertex  4.206078e+00  5.772648e+01  0.000000e+00
     vertex  4.241691e+00  5.767775e+01  0.000000e+00
     vertex  4.241691e+00  7.322252e+00  0.000000e+00
   endloop
 endfacet
 facet normal  0.000000e+00 -0.000000e+00 -1.000000e+00
   outer loop
     vertex  4.206078e+00  5.772648e+01  0.000000e+00
     vertex  4.241691e+00  7.322252e+00  0.000000e+00
     vertex  4.206078e+00  7.273516e+00  0.000000e+00
   endloop
 endfacet
 facet normal -0.000000e+00  0.000000e+00 -1.000000e+00
   outer loop
     vertex  5.720608e+01  4.726484e+00  0.000000e+00
     vertex  7.776283e+00  4.701994e+00  0.000000e+00
     vertex  7.811224e+00  4.751213e+00  0.000000e+00
   endloop
 endfacet
 facet normal  0.000000e+00 -0.000000e+00 -1.000000e+00
   outer loop
     vertex  5.720608e+01  4.726484e+00  0.000000e+00
     vertex  5.724169e+01  4.677748e+00  0.000000e+00
     vertex  7.776283e+00  4.701994e+00  0.000000e+00
   endloop
 endfacet
 facet normal -0.000000e+00  0.000000e+00 -1.000000e+00
   outer loop
     vertex  4.763666e+00  5.718025e+01  0.000000e+00
     vertex  4.714209e+00  7.785144e+00  0.000000e+00
     vertex  4.714209e+00  5.721486e+01  0.000000e+00
   endloop
 endfacet
 facet normal  0.000000e+00  0.000000e+00 -1.000000e+00
   outer loop
     vertex  4.763666e+00  5.718025e+01  0.000000e+00
     vertex  4.763666e+00  7.819747e+00  0.000000e+00
     vertex  4.714209e+00  7.785144e+00  0.000000e+00
   endloop
 endfacet
 facet normal  0.000000e+00  0.000000e+00 -1.000000e+00
   outer loop
     vertex  5.776367e+01  4.180253e+00  0.000000e+00
     vertex  7.261181e+00  4.197385e+00  0.000000e+00
     vertex  5.771421e+01  4.214856e+00  0.000000e+00
   endloop
 endfacet
 facet normal -0.000000e+00  0.000000e+00 -1.000000e+00
   outer loop
     vertex  5.776367e+01  4.180253e+00  0.000000e+00
     vertex  7.211254e+00  4.163464e+00  0.000000e+00
     vertex  7.261181e+00  4.197385e+00  0.000000e+00
   endloop
 endfacet
 facet normal  0.000000e+00  0.000000e+00 -1.000000e+00
   outer loop
     vertex  4.171816e+00  5.777618e+01  0.000000e+00
     vertex  4.206078e+00  5.772648e+01  0.000000e+00
     vertex  4.206078e+00  7.273516e+00  0.000000e+00
   endloop
 endfacet
 facet normal  0.000000e+00 -0.000000e+00 -1.000000e+00
   outer loop
     vertex  4.171816e+00  5.777618e+01  0.000000e+00
     vertex  4.206078e+00  7.273516e+00  0.000000e+00
     vertex  4.171816e+00  7.223822e+00  0.000000e+00
   endloop
 endfacet
 facet normal  0.000000e+00 -0.000000e+00 -1.000000e+00
   outer loop
     vertex  5.717182e+01  4.776178e+00  0.000000e+00
     vertex  5.720608e+01  4.726484e+00  0.000000e+00
     vertex  7.811224e+00  4.751213e+00  0.000000e+00
   endloop
 endfacet
 facet normal -0.000000e+00  0.000000e+00 -1.000000e+00
   outer loop
     vertex  5.717182e+01  4.776178e+00  0.000000e+00
     vertex  7.811224e+00  4.751213e+00  0.000000e+00
     vertex  7.844801e+00  4.801372e+00  0.000000e+00
   endloop
 endfacet
 facet normal -0.000000e+00  0.000000e+00 -1.000000e+00
   outer loop
     vertex  4.814055e+00  5.714702e+01  0.000000e+00
     vertex  4.763666e+00  7.819747e+00  0.000000e+00
     vertex  4.763666e+00  5.718025e+01  0.000000e+00
   endloop
 endfacet
 facet normal  0.000000e+00 -0.000000e+00 -1.000000e+00
   outer loop
     vertex  4.814055e+00  5.714702e+01  0.000000e+00
     vertex  4.865336e+00  7.884817e+00  0.000000e+00
     vertex  4.814055e+00  7.852980e+00  0.000000e+00
   endloop
 endfacet
 facet normal  0.000000e+00  0.000000e+00 -1.000000e+00
   outer loop
     vertex  4.814055e+00  5.714702e+01  0.000000e+00
     vertex  4.814055e+00  7.852980e+00  0.000000e+00
     vertex  4.763666e+00  7.819747e+00  0.000000e+00
   endloop
 endfacet
 facet normal  0.000000e+00  0.000000e+00 -1.000000e+00
   outer loop
     vertex  5.781405e+01  4.147020e+00  0.000000e+00
     vertex  7.211254e+00  4.163464e+00  0.000000e+00
     vertex  5.776367e+01  4.180253e+00  0.000000e+00
   endloop
 endfacet
 facet normal -0.000000e+00  0.000000e+00 -1.000000e+00
   outer loop
     vertex  5.781405e+01  4.147020e+00  0.000000e+00
     vertex  7.160414e+00  4.130926e+00  0.000000e+00
     vertex  7.211254e+00  4.163464e+00  0.000000e+00
   endloop
 endfacet
 facet normal  0.000000e+00  0.000000e+00 -1.000000e+00
   outer loop
     vertex  4.138929e+00  5.782679e+01  0.000000e+00
     vertex  4.171816e+00  5.777618e+01  0.000000e+00
     vertex  4.171816e+00  7.223822e+00  0.000000e+00
   endloop
 endfacet
 facet normal  0.000000e+00 -0.000000e+00 -1.000000e+00
   outer loop
     vertex  4.138929e+00  5.782679e+01  0.000000e+00
     vertex  4.171816e+00  7.223822e+00  0.000000e+00
     vertex  4.138929e+00  7.173207e+00  0.000000e+00
   endloop
 endfacet
 facet normal -0.000000e+00  0.000000e+00 -1.000000e+00
   outer loop
     vertex  5.713893e+01  4.826793e+00  0.000000e+00
     vertex  7.844801e+00  4.801372e+00  0.000000e+00
     vertex  7.876990e+00  4.852434e+00  0.000000e+00
   endloop
 endfacet
 facet normal  0.000000e+00 -0.000000e+00 -1.000000e+00
   outer loop
     vertex  5.713893e+01  4.826793e+00  0.000000e+00
     vertex  5.717182e+01  4.776178e+00  0.000000e+00
     vertex  7.844801e+00  4.801372e+00  0.000000e+00
   endloop
 endfacet
 facet normal -0.000000e+00  0.000000e+00 -1.000000e+00
   outer loop
     vertex  4.865336e+00  5.711518e+01  0.000000e+00
     vertex  4.865336e+00  7.884817e+00  0.000000e+00
     vertex  4.814055e+00  5.714702e+01  0.000000e+00
   endloop
 endfacet
 facet normal  0.000000e+00  0.000000e+00 -1.000000e+00
   outer loop
     vertex  5.786534e+01  4.115183e+00  0.000000e+00
     vertex  7.160414e+00  4.130926e+00  0.000000e+00
     vertex  5.781405e+01  4.147020e+00  0.000000e+00
   endloop
 endfacet
 facet normal -0.000000e+00  0.000000e+00 -1.000000e+00
   outer loop
     vertex  5.786534e+01  4.115183e+00  0.000000e+00
     vertex  7.108701e+00  4.099794e+00  0.000000e+00
     vertex  7.160414e+00  4.130926e+00  0.000000e+00
   endloop
 endfacet
 facet normal -0.000000e+00  0.000000e+00 -1.000000e+00
   outer loop
     vertex  5.710744e+01  4.878291e+00  0.000000e+00
     vertex  7.876990e+00  4.852434e+00  0.000000e+00
     vertex  7.907766e+00  4.904359e+00  0.000000e+00
   endloop
 endfacet
 facet normal  0.000000e+00 -0.000000e+00 -1.000000e+00
   outer loop
     vertex  5.710744e+01  4.878291e+00  0.000000e+00
     vertex  5.713893e+01  4.826793e+00  0.000000e+00
     vertex  7.876990e+00  4.852434e+00  0.000000e+00
   endloop
 endfacet
 facet normal  0.000000e+00  0.000000e+00 -1.000000e+00
   outer loop
     vertex  4.107444e+00  5.787829e+01  0.000000e+00
     vertex  4.138929e+00  5.782679e+01  0.000000e+00
     vertex  4.138929e+00  7.173207e+00  0.000000e+00
   endloop
 endfacet
 facet normal  0.000000e+00 -0.000000e+00 -1.000000e+00
   outer loop
     vertex  4.107444e+00  5.787829e+01  0.000000e+00
     vertex  4.138929e+00  7.173207e+00  0.000000e+00
     vertex  4.107444e+00  7.121709e+00  0.000000e+00
   endloop
 endfacet
 facet normal  0.000000e+00  0.000000e+00 -1.000000e+00
   outer loop
     vertex  4.107444e+00  5.787829e+01  0.000000e+00
     vertex  4.107444e+00  7.121709e+00  0.000000e+00
     vertex  4.077383e+00  7.069366e+00  0.000000e+00
   endloop
 endfacet
 facet normal  0.000000e+00  0.000000e+00 -1.000000e+00
   outer loop
     vertex  5.791747e+01  4.084764e+00  0.000000e+00
     vertex  7.108701e+00  4.099794e+00  0.000000e+00
     vertex  5.786534e+01  4.115183e+00  0.000000e+00
   endloop
 endfacet
 facet normal -0.000000e+00  0.000000e+00 -1.000000e+00
   outer loop
     vertex  5.791747e+01  4.084764e+00  0.000000e+00
     vertex  7.056153e+00  4.070093e+00  0.000000e+00
     vertex  7.108701e+00  4.099794e+00  0.000000e+00
   endloop
 endfacet
 facet normal -0.000000e+00  0.000000e+00 -1.000000e+00
   outer loop
     vertex  4.917471e+00  5.708476e+01  0.000000e+00
     vertex  4.865336e+00  7.884817e+00  0.000000e+00
     vertex  4.865336e+00  5.711518e+01  0.000000e+00
   endloop
 endfacet
 facet normal  0.000000e+00  0.000000e+00 -1.000000e+00
   outer loop
     vertex  4.917471e+00  5.708476e+01  0.000000e+00
     vertex  4.917471e+00  7.915236e+00  0.000000e+00
     vertex  4.865336e+00  7.884817e+00  0.000000e+00
   endloop
 endfacet
 facet normal  0.000000e+00 -0.000000e+00 -1.000000e+00
   outer loop
     vertex  4.077383e+00  5.793063e+01  0.000000e+00
     vertex  4.107444e+00  5.787829e+01  0.000000e+00
     vertex  4.077383e+00  7.069366e+00  0.000000e+00
   endloop
 endfacet
 facet normal -0.000000e+00  0.000000e+00 -1.000000e+00
   outer loop
     vertex  5.707738e+01  4.930634e+00  0.000000e+00
     vertex  7.907766e+00  4.904359e+00  0.000000e+00
     vertex  7.937106e+00  4.957109e+00  0.000000e+00
   endloop
 endfacet
 facet normal  0.000000e+00 -0.000000e+00 -1.000000e+00
   outer loop
     vertex  5.707738e+01  4.930634e+00  0.000000e+00
     vertex  5.710744e+01  4.878291e+00  0.000000e+00
     vertex  7.907766e+00  4.904359e+00  0.000000e+00
   endloop
 endfacet
 facet normal -0.000000e+00  0.000000e+00 -1.000000e+00
   outer loop
     vertex  4.970421e+00  5.705579e+01  0.000000e+00
     vertex  4.917471e+00  7.915236e+00  0.000000e+00
     vertex  4.917471e+00  5.708476e+01  0.000000e+00
   endloop
 endfacet
 facet normal  0.000000e+00  0.000000e+00 -1.000000e+00
   outer loop
     vertex  4.970421e+00  5.705579e+01  0.000000e+00
     vertex  4.970421e+00  7.944214e+00  0.000000e+00
     vertex  4.917471e+00  7.915236e+00  0.000000e+00
   endloop
 endfacet
 facet normal  0.000000e+00  0.000000e+00 -1.000000e+00
   outer loop
     vertex  5.797042e+01  4.055786e+00  0.000000e+00
     vertex  7.056153e+00  4.070093e+00  0.000000e+00
     vertex  5.791747e+01  4.084764e+00  0.000000e+00
   endloop
 endfacet
 facet normal -0.000000e+00  0.000000e+00 -1.000000e+00
   outer loop
     vertex  5.797042e+01  4.055786e+00  0.000000e+00
     vertex  7.002811e+00  4.041845e+00  0.000000e+00
     vertex  7.056153e+00  4.070093e+00  0.000000e+00
   endloop
 endfacet
 facet normal  0.000000e+00 -0.000000e+00 -1.000000e+00
   outer loop
     vertex  4.048770e+00  5.798378e+01  0.000000e+00
     vertex  4.077383e+00  7.069366e+00  0.000000e+00
     vertex  4.048770e+00  7.016219e+00  0.000000e+00
   endloop
 endfacet
 facet normal  0.000000e+00  0.000000e+00 -1.000000e+00
   outer loop
     vertex  4.048770e+00  5.798378e+01  0.000000e+00
     vertex  4.048770e+00  7.016219e+00  0.000000e+00
     vertex  4.021625e+00  6.962306e+00  0.000000e+00
   endloop
 endfacet
 facet normal  0.000000e+00  0.000000e+00 -1.000000e+00
   outer loop
     vertex  4.048770e+00  5.798378e+01  0.000000e+00
     vertex  4.077383e+00  5.793063e+01  0.000000e+00
     vertex  4.077383e+00  7.069366e+00  0.000000e+00
   endloop
 endfacet
 facet normal -0.000000e+00  0.000000e+00 -1.000000e+00
   outer loop
     vertex  5.704877e+01  4.983781e+00  0.000000e+00
     vertex  7.937106e+00  4.957109e+00  0.000000e+00
     vertex  7.964987e+00  5.010644e+00  0.000000e+00
   endloop
 endfacet
 facet normal  0.000000e+00 -0.000000e+00 -1.000000e+00
   outer loop
     vertex  5.704877e+01  4.983781e+00  0.000000e+00
     vertex  5.707738e+01  4.930634e+00  0.000000e+00
     vertex  7.937106e+00  4.957109e+00  0.000000e+00
   endloop
 endfacet
 facet normal -0.000000e+00  0.000000e+00 -1.000000e+00
   outer loop
     vertex  5.024146e+00  5.702827e+01  0.000000e+00
     vertex  4.970421e+00  7.944214e+00  0.000000e+00
     vertex  4.970421e+00  5.705579e+01  0.000000e+00
   endloop
 endfacet
 facet normal  0.000000e+00  0.000000e+00 -1.000000e+00
   outer loop
     vertex  5.024146e+00  5.702827e+01  0.000000e+00
     vertex  5.024146e+00  7.971728e+00  0.000000e+00
     vertex  4.970421e+00  7.944214e+00  0.000000e+00
   endloop
 endfacet
 facet normal  0.000000e+00  0.000000e+00 -1.000000e+00
   outer loop
     vertex  5.802415e+01  4.028272e+00  0.000000e+00
     vertex  7.002811e+00  4.041845e+00  0.000000e+00
     vertex  5.797042e+01  4.055786e+00  0.000000e+00
   endloop
 endfacet
 facet normal -0.000000e+00  0.000000e+00 -1.000000e+00
   outer loop
     vertex  5.802415e+01  4.028272e+00  0.000000e+00
     vertex  6.948713e+00  4.015071e+00  0.000000e+00
     vertex  7.002811e+00  4.041845e+00  0.000000e+00
   endloop
 endfacet
 facet normal  0.000000e+00  0.000000e+00 -1.000000e+00
   outer loop
     vertex  5.802415e+01  4.028272e+00  0.000000e+00
     vertex  0.000000e+00  0.000000e+00  0.000000e+00
     vertex  6.948713e+00  4.015071e+00  0.000000e+00
   endloop
 endfacet
 facet normal  0.000000e+00 -0.000000e+00 -1.000000e+00
   outer loop
     vertex  5.702163e+01  5.037694e+00  0.000000e+00
     vertex  5.704877e+01  4.983781e+00  0.000000e+00
     vertex  7.964987e+00  5.010644e+00  0.000000e+00
   endloop
 endfacet
 facet normal -0.000000e+00  0.000000e+00 -1.000000e+00
   outer loop
     vertex  5.702163e+01  5.037694e+00  0.000000e+00
     vertex  7.964987e+00  5.010644e+00  0.000000e+00
     vertex  7.991390e+00  5.064924e+00  0.000000e+00
   endloop
 endfacet
 facet normal  0.000000e+00 -0.000000e+00 -1.000000e+00
   outer loop
     vertex  4.021625e+00  5.803769e+01  0.000000e+00
     vertex  4.048770e+00  5.798378e+01  0.000000e+00
     vertex  4.021625e+00  6.962306e+00  0.000000e+00
   endloop
 endfacet
 facet normal -0.000000e+00  0.000000e+00 -1.000000e+00
   outer loop
     vertex  5.078606e+00  5.700224e+01  0.000000e+00
     vertex  5.024146e+00  7.971728e+00  0.000000e+00
     vertex  5.024146e+00  5.702827e+01  0.000000e+00
   endloop
 endfacet
 facet normal  0.000000e+00  0.000000e+00 -1.000000e+00
   outer loop
     vertex  5.078606e+00  5.700224e+01  0.000000e+00
     vertex  5.078606e+00  7.997757e+00  0.000000e+00
     vertex  5.024146e+00  7.971728e+00  0.000000e+00
   endloop
 endfacet
 facet normal  0.000000e+00 -0.000000e+00 -1.000000e+00
   outer loop
     vertex  5.699597e+01  5.092331e+00  0.000000e+00
     vertex  5.702163e+01  5.037694e+00  0.000000e+00
     vertex  7.991390e+00  5.064924e+00  0.000000e+00
   endloop
 endfacet
 facet normal -0.000000e+00  0.000000e+00 -1.000000e+00
   outer loop
     vertex  5.699597e+01  5.092331e+00  0.000000e+00
     vertex  7.991390e+00  5.064924e+00  0.000000e+00
     vertex  8.016293e+00  5.119908e+00  0.000000e+00
   endloop
 endfacet
 facet normal -0.000000e+00  0.000000e+00 -1.000000e+00
   outer loop
     vertex  5.133759e+00  5.697772e+01  0.000000e+00
     vertex  5.078606e+00  7.997757e+00  0.000000e+00
     vertex  5.078606e+00  5.700224e+01  0.000000e+00
   endloop
 endfacet
 facet normal  0.000000e+00  0.000000e+00 -1.000000e+00
   outer loop
     vertex  5.133759e+00  5.697772e+01  0.000000e+00
     vertex  5.133759e+00  8.022283e+00  0.000000e+00
     vertex  5.078606e+00  7.997757e+00  0.000000e+00
   endloop
 endfacet
 facet normal -0.000000e+00  0.000000e+00 -1.000000e+00
   outer loop
     vertex  5.697182e+01  5.147651e+00  0.000000e+00
     vertex  8.016293e+00  5.119908e+00  0.000000e+00
     vertex  8.039679e+00  5.175555e+00  0.000000e+00
   endloop
 endfacet
 facet normal  0.000000e+00 -0.000000e+00 -1.000000e+00
   outer loop
     vertex  5.697182e+01  5.147651e+00  0.000000e+00
     vertex  5.699597e+01  5.092331e+00  0.000000e+00
     vertex  8.016293e+00  5.119908e+00  0.000000e+00
   endloop
 endfacet
 facet normal -0.000000e+00  0.000000e+00 -1.000000e+00
   outer loop
     vertex  5.189565e+00  5.695471e+01  0.000000e+00
     vertex  5.133759e+00  8.022283e+00  0.000000e+00
     vertex  5.133759e+00  5.697772e+01  0.000000e+00
   endloop
 endfacet
 facet normal  0.000000e+00  0.000000e+00 -1.000000e+00
   outer loop
     vertex  5.189565e+00  5.695471e+01  0.000000e+00
     vertex  5.189565e+00  8.045286e+00  0.000000e+00
     vertex  5.133759e+00  8.022283e+00  0.000000e+00
   endloop
 endfacet
 facet normal  0.000000e+00 -0.000000e+00 -1.000000e+00
   outer loop
     vertex  5.694920e+01  5.203613e+00  0.000000e+00
     vertex  5.697182e+01  5.147651e+00  0.000000e+00
     vertex  8.039679e+00  5.175555e+00  0.000000e+00
   endloop
 endfacet
 facet normal -0.000000e+00  0.000000e+00 -1.000000e+00
   outer loop
     vertex  5.694920e+01  5.203613e+00  0.000000e+00
     vertex  8.039679e+00  5.175555e+00  0.000000e+00
     vertex  8.061529e+00  5.231822e+00  0.000000e+00
   endloop
 endfacet
 facet normal  0.000000e+00 -0.000000e+00 -1.000000e+00
   outer loop
     vertex  5.245980e+00  5.693325e+01  0.000000e+00
     vertex  5.302963e+00  8.086658e+00  0.000000e+00
     vertex  5.245980e+00  8.066750e+00  0.000000e+00
   endloop
 endfacet
 facet normal  0.000000e+00  0.000000e+00 -1.000000e+00
   outer loop
     vertex  5.245980e+00  5.693325e+01  0.000000e+00
     vertex  5.245980e+00  8.066750e+00  0.000000e+00
     vertex  5.189565e+00  8.045286e+00  0.000000e+00
   endloop
 endfacet
 facet normal -0.000000e+00  0.000000e+00 -1.000000e+00
   outer loop
     vertex  5.245980e+00  5.693325e+01  0.000000e+00
     vertex  5.189565e+00  8.045286e+00  0.000000e+00
     vertex  5.189565e+00  5.695471e+01  0.000000e+00
   endloop
 endfacet
 facet normal -0.000000e+00  0.000000e+00 -1.000000e+00
   outer loop
     vertex  5.692813e+01  5.260175e+00  0.000000e+00
     vertex  8.061529e+00  5.231822e+00  0.000000e+00
     vertex  8.081827e+00  5.288667e+00  0.000000e+00
   endloop
 endfacet
 facet normal  0.000000e+00 -0.000000e+00 -1.000000e+00
   outer loop
     vertex  5.692813e+01  5.260175e+00  0.000000e+00
     vertex  5.694920e+01  5.203613e+00  0.000000e+00
     vertex  8.061529e+00  5.231822e+00  0.000000e+00
   endloop
 endfacet
 facet normal -0.000000e+00  0.000000e+00 -1.000000e+00
   outer loop
     vertex  5.302963e+00  5.691334e+01  0.000000e+00
     vertex  5.302963e+00  8.086658e+00  0.000000e+00
     vertex  5.245980e+00  5.693325e+01  0.000000e+00
   endloop
 endfacet
 facet normal -0.000000e+00  0.000000e+00 -1.000000e+00
   outer loop
     vertex  5.690861e+01  5.317293e+00  0.000000e+00
     vertex  8.081827e+00  5.288667e+00  0.000000e+00
     vertex  8.100559e+00  5.346047e+00  0.000000e+00
   endloop
 endfacet
 facet normal  0.000000e+00 -0.000000e+00 -1.000000e+00
   outer loop
     vertex  5.690861e+01  5.317293e+00  0.000000e+00
     vertex  5.692813e+01  5.260175e+00  0.000000e+00
     vertex  8.081827e+00  5.288667e+00  0.000000e+00
   endloop
 endfacet
 facet normal -0.000000e+00  0.000000e+00 -1.000000e+00
   outer loop
     vertex  5.360471e+00  5.689501e+01  0.000000e+00
     vertex  5.302963e+00  8.086658e+00  0.000000e+00
     vertex  5.302963e+00  5.691334e+01  0.000000e+00
   endloop
 endfacet
 facet normal  0.000000e+00  0.000000e+00 -1.000000e+00
   outer loop
     vertex  5.360471e+00  5.689501e+01  0.000000e+00
     vertex  5.360471e+00  8.104995e+00  0.000000e+00
     vertex  5.302963e+00  8.086658e+00  0.000000e+00
   endloop
 endfacet
 facet normal -0.000000e+00  0.000000e+00 -1.000000e+00
   outer loop
     vertex  5.689067e+01  5.374925e+00  0.000000e+00
     vertex  8.100559e+00  5.346047e+00  0.000000e+00
     vertex  8.117708e+00  5.403920e+00  0.000000e+00
   endloop
 endfacet
 facet normal  0.000000e+00 -0.000000e+00 -1.000000e+00
   outer loop
     vertex  5.689067e+01  5.374925e+00  0.000000e+00
     vertex  5.690861e+01  5.317293e+00  0.000000e+00
     vertex  8.100559e+00  5.346047e+00  0.000000e+00
   endloop
 endfacet
 facet normal -0.000000e+00  0.000000e+00 -1.000000e+00
   outer loop
     vertex  5.418460e+00  5.687825e+01  0.000000e+00
     vertex  5.360471e+00  8.104995e+00  0.000000e+00
     vertex  5.360471e+00  5.689501e+01  0.000000e+00
   endloop
 endfacet
 facet normal  0.000000e+00  0.000000e+00 -1.000000e+00
   outer loop
     vertex  5.418460e+00  5.687825e+01  0.000000e+00
     vertex  5.418460e+00  8.121747e+00  0.000000e+00
     vertex  5.360471e+00  8.104995e+00  0.000000e+00
   endloop
 endfacet
 facet normal  0.000000e+00 -0.000000e+00 -1.000000e+00
   outer loop
     vertex  5.687431e+01  5.433028e+00  0.000000e+00
     vertex  5.689067e+01  5.374925e+00  0.000000e+00
     vertex  8.117708e+00  5.403920e+00  0.000000e+00
   endloop
 endfacet
 facet normal -0.000000e+00  0.000000e+00 -1.000000e+00
   outer loop
     vertex  5.687431e+01  5.433028e+00  0.000000e+00
     vertex  8.117708e+00  5.403920e+00  0.000000e+00
     vertex  8.133264e+00  5.462242e+00  0.000000e+00
   endloop
 endfacet
 facet normal -0.000000e+00  0.000000e+00 -1.000000e+00
   outer loop
     vertex  5.476887e+00  5.686310e+01  0.000000e+00
     vertex  5.418460e+00  8.121747e+00  0.000000e+00
     vertex  5.418460e+00  5.687825e+01  0.000000e+00
   endloop
 endfacet
 facet normal  0.000000e+00 -0.000000e+00 -1.000000e+00
   outer loop
     vertex  5.476887e+00  5.686310e+01  0.000000e+00
     vertex  5.535708e+00  8.150450e+00  0.000000e+00
     vertex  5.476887e+00  8.136903e+00  0.000000e+00
   endloop
 endfacet
 facet normal  0.000000e+00  0.000000e+00 -1.000000e+00
   outer loop
     vertex  5.476887e+00  5.686310e+01  0.000000e+00
     vertex  5.476887e+00  8.136903e+00  0.000000e+00
     vertex  5.418460e+00  8.121747e+00  0.000000e+00
   endloop
 endfacet
 facet normal -0.000000e+00  0.000000e+00 -1.000000e+00
   outer loop
     vertex  5.685956e+01  5.491557e+00  0.000000e+00
     vertex  8.133264e+00  5.462242e+00  0.000000e+00
     vertex  8.147214e+00  5.520969e+00  0.000000e+00
   endloop
 endfacet
 facet normal  0.000000e+00 -0.000000e+00 -1.000000e+00
   outer loop
     vertex  5.685956e+01  5.491557e+00  0.000000e+00
     vertex  5.687431e+01  5.433028e+00  0.000000e+00
     vertex  8.133264e+00  5.462242e+00  0.000000e+00
   endloop
 endfacet
 facet normal -0.000000e+00  0.000000e+00 -1.000000e+00
   outer loop
     vertex  5.535708e+00  5.684955e+01  0.000000e+00
     vertex  5.535708e+00  8.150450e+00  0.000000e+00
     vertex  5.476887e+00  5.686310e+01  0.000000e+00
   endloop
 endfacet
 facet normal  0.000000e+00 -0.000000e+00 -1.000000e+00
   outer loop
     vertex  5.684642e+01  5.550470e+00  0.000000e+00
     vertex  5.685956e+01  5.491557e+00  0.000000e+00
     vertex  8.147214e+00  5.520969e+00  0.000000e+00
   endloop
 endfacet
 facet normal -0.000000e+00  0.000000e+00 -1.000000e+00
   outer loop
     vertex  5.684642e+01  5.550470e+00  0.000000e+00
     vertex  8.147214e+00  5.520969e+00  0.000000e+00
     vertex  8.159548e+00  5.580056e+00  0.000000e+00
   endloop
 endfacet
 facet normal  0.000000e+00  0.000000e+00 -1.000000e+00
   outer loop
     vertex  5.594879e+00  5.683762e+01  0.000000e+00
     vertex  5.594879e+00  8.162378e+00  0.000000e+00
     vertex  5.535708e+00  8.150450e+00  0.000000e+00
   endloop
 endfacet
 facet normal -0.000000e+00  0.000000e+00 -1.000000e+00
   outer loop
     vertex  5.594879e+00  5.683762e+01  0.000000e+00
     vertex  5.535708e+00  8.150450e+00  0.000000e+00
     vertex  5.535708e+00  5.684955e+01  0.000000e+00
   endloop
 endfacet
 facet normal -0.000000e+00  0.000000e+00 -1.000000e+00
   outer loop
     vertex  5.683489e+01  5.609720e+00  0.000000e+00
     vertex  8.159548e+00  5.580056e+00  0.000000e+00
     vertex  8.170256e+00  5.639459e+00  0.000000e+00
   endloop
 endfacet
 facet normal  0.000000e+00 -0.000000e+00 -1.000000e+00
   outer loop
     vertex  5.683489e+01  5.609720e+00  0.000000e+00
     vertex  5.684642e+01  5.550470e+00  0.000000e+00
     vertex  8.159548e+00  5.580056e+00  0.000000e+00
   endloop
 endfacet
 facet normal -0.000000e+00  0.000000e+00 -1.000000e+00
   outer loop
     vertex  5.654354e+00  5.682732e+01  0.000000e+00
     vertex  5.594879e+00  8.162378e+00  0.000000e+00
     vertex  5.594879e+00  5.683762e+01  0.000000e+00
   endloop
 endfacet
 facet normal  0.000000e+00 -0.000000e+00 -1.000000e+00
   outer loop
     vertex  5.654354e+00  5.682732e+01  0.000000e+00
     vertex  5.714089e+00  8.181342e+00  0.000000e+00
     vertex  5.654354e+00  8.172678e+00  0.000000e+00
   endloop
 endfacet
 facet normal  0.000000e+00  0.000000e+00 -1.000000e+00
   outer loop
     vertex  5.654354e+00  5.682732e+01  0.000000e+00
     vertex  5.654354e+00  8.172678e+00  0.000000e+00
     vertex  5.594879e+00  8.162378e+00  0.000000e+00
   endloop
 endfacet
 facet normal -0.000000e+00  0.000000e+00 -1.000000e+00
   outer loop
     vertex  5.682500e+01  5.669265e+00  0.000000e+00
     vertex  8.170256e+00  5.639459e+00  0.000000e+00
     vertex  8.179330e+00  5.699133e+00  0.000000e+00
   endloop
 endfacet
 facet normal  0.000000e+00 -0.000000e+00 -1.000000e+00
   outer loop
     vertex  5.682500e+01  5.669265e+00  0.000000e+00
     vertex  5.683489e+01  5.609720e+00  0.000000e+00
     vertex  8.170256e+00  5.639459e+00  0.000000e+00
   endloop
 endfacet
 facet normal -0.000000e+00  0.000000e+00 -1.000000e+00
   outer loop
     vertex  5.714089e+00  5.681866e+01  0.000000e+00
     vertex  5.714089e+00  8.181342e+00  0.000000e+00
     vertex  5.654354e+00  5.682732e+01  0.000000e+00
   endloop
 endfacet
 facet normal  0.000000e+00 -0.000000e+00 -1.000000e+00
   outer loop
     vertex  5.681675e+01  5.729058e+00  0.000000e+00
     vertex  5.682500e+01  5.669265e+00  0.000000e+00
     vertex  8.179330e+00  5.699133e+00  0.000000e+00
   endloop
 endfacet
 facet normal -0.000000e+00  0.000000e+00 -1.000000e+00
   outer loop
     vertex  5.681675e+01  5.729058e+00  0.000000e+00
     vertex  8.179330e+00  5.699133e+00  0.000000e+00
     vertex  8.186764e+00  5.759035e+00  0.000000e+00
   endloop
 endfacet
 facet normal -0.000000e+00  0.000000e+00 -1.000000e+00
   outer loop
     vertex  5.774040e+00  5.681163e+01  0.000000e+00
     vertex  5.714089e+00  8.181342e+00  0.000000e+00
     vertex  5.714089e+00  5.681866e+01  0.000000e+00
   endloop
 endfacet
 facet normal  0.000000e+00  0.000000e+00 -1.000000e+00
   outer loop
     vertex  5.774040e+00  5.681163e+01  0.000000e+00
     vertex  5.774040e+00  8.188365e+00  0.000000e+00
     vertex  5.714089e+00  8.181342e+00  0.000000e+00
   endloop
 endfacet
 facet normal -0.000000e+00  0.000000e+00 -1.000000e+00
   outer loop
     vertex  5.681014e+01  5.789056e+00  0.000000e+00
     vertex  8.186764e+00  5.759035e+00  0.000000e+00
     vertex  8.192551e+00  5.819117e+00  0.000000e+00
   endloop
 endfacet
 facet normal  0.000000e+00 -0.000000e+00 -1.000000e+00
   outer loop
     vertex  5.681014e+01  5.789056e+00  0.000000e+00
     vertex  5.681675e+01  5.729058e+00  0.000000e+00
     vertex  8.186764e+00  5.759035e+00  0.000000e+00
   endloop
 endfacet
 facet normal  0.000000e+00  0.000000e+00 -1.000000e+00
   outer loop
     vertex  5.834161e+00  5.680626e+01  0.000000e+00
     vertex  5.834161e+00  8.193740e+00  0.000000e+00
     vertex  5.774040e+00  8.188365e+00  0.000000e+00
   endloop
 endfacet
 facet normal -0.000000e+00  0.000000e+00 -1.000000e+00
   outer loop
     vertex  5.834161e+00  5.680626e+01  0.000000e+00
     vertex  5.774040e+00  8.188365e+00  0.000000e+00
     vertex  5.774040e+00  5.681163e+01  0.000000e+00
   endloop
 endfacet
 facet normal -0.000000e+00  0.000000e+00 -1.000000e+00
   outer loop
     vertex  5.680517e+01  5.849212e+00  0.000000e+00
     vertex  8.192551e+00  5.819117e+00  0.000000e+00
     vertex  8.196688e+00  5.879336e+00  0.000000e+00
   endloop
 endfacet
 facet normal  0.000000e+00 -0.000000e+00 -1.000000e+00
   outer loop
     vertex  5.680517e+01  5.849212e+00  0.000000e+00
     vertex  5.681014e+01  5.789056e+00  0.000000e+00
     vertex  8.192551e+00  5.819117e+00  0.000000e+00
   endloop
 endfacet
 facet normal  0.000000e+00  0.000000e+00 -1.000000e+00
   outer loop
     vertex  5.894406e+00  5.680254e+01  0.000000e+00
     vertex  5.894406e+00  8.197464e+00  0.000000e+00
     vertex  5.834161e+00  8.193740e+00  0.000000e+00
   endloop
 endfacet
 facet normal -0.000000e+00  0.000000e+00 -1.000000e+00
   outer loop
     vertex  5.894406e+00  5.680254e+01  0.000000e+00
     vertex  5.834161e+00  8.193740e+00  0.000000e+00
     vertex  5.834161e+00  5.680626e+01  0.000000e+00
   endloop
 endfacet
 facet normal -0.000000e+00  0.000000e+00 -1.000000e+00
   outer loop
     vertex  5.680186e+01  5.909482e+00  0.000000e+00
     vertex  8.196688e+00  5.879336e+00  0.000000e+00
     vertex  8.199172e+00  5.939645e+00  0.000000e+00
   endloop
 endfacet
 facet normal  0.000000e+00 -0.000000e+00 -1.000000e+00
   outer loop
     vertex  5.680186e+01  5.909482e+00  0.000000e+00
     vertex  5.680517e+01  5.849212e+00  0.000000e+00
     vertex  8.196688e+00  5.879336e+00  0.000000e+00
   endloop
 endfacet
 facet normal -0.000000e+00  0.000000e+00 -1.000000e+00
   outer loop
     vertex  5.954731e+00  5.680047e+01  0.000000e+00
     vertex  5.894406e+00  8.197464e+00  0.000000e+00
     vertex  5.894406e+00  5.680254e+01  0.000000e+00
   endloop
 endfacet
 facet normal  0.000000e+00  0.000000e+00 -1.000000e+00
   outer loop
     vertex  5.954731e+00  5.680047e+01  0.000000e+00
     vertex  5.954731e+00  8.199534e+00  0.000000e+00
     vertex  5.894406e+00  8.197464e+00  0.000000e+00
   endloop
 endfacet
 facet normal  0.000000e+00 -0.000000e+00 -1.000000e+00
   outer loop
     vertex  5.680021e+01  5.969820e+00  0.000000e+00
     vertex  5.680186e+01  5.909482e+00  0.000000e+00
     vertex  8.199172e+00  5.939645e+00  0.000000e+00
   endloop
 endfacet
 facet normal -0.000000e+00  0.000000e+00 -1.000000e+00
   outer loop
     vertex  5.680021e+01  5.969820e+00  0.000000e+00
     vertex  8.199172e+00  5.939645e+00  0.000000e+00
     vertex  8.200000e+00  6.000000e+00  0.000000e+00
   endloop
 endfacet
 facet normal  0.000000e+00  0.000000e+00 -1.000000e+00
   outer loop
     vertex  6.015091e+00  5.680005e+01  0.000000e+00
     vertex  6.015091e+00  8.199948e+00  0.000000e+00
     vertex  5.954731e+00  8.199534e+00  0.000000e+00
   endloop
 endfacet
 facet normal -0.000000e+00  0.000000e+00 -1.000000e+00
   outer loop
     vertex  6.015091e+00  5.680005e+01  0.000000e+00
     vertex  5.954731e+00  8.199534e+00  0.000000e+00
     vertex  5.954731e+00  5.680047e+01  0.000000e+00
   endloop
 endfacet
 facet normal -0.000000e+00  0.000000e+00 -1.000000e+00
   outer loop
     vertex  5.680021e+01  6.030180e+00  0.000000e+00
     vertex  8.200000e+00  6.000000e+00  0.000000e+00
     vertex  8.199172e+00  6.060355e+00  0.000000e+00
   endloop
 endfacet
 facet normal  0.000000e+00 -0.000000e+00 -1.000000e+00
   outer loop
     vertex  5.680021e+01  6.030180e+00  0.000000e+00
     vertex  5.680021e+01  5.969820e+00  0.000000e+00
     vertex  8.200000e+00  6.000000e+00  0.000000e+00
   endloop
 endfacet
 facet normal  0.000000e+00  0.000000e+00 -1.000000e+00
   outer loop
     vertex  6.075438e+00  5.680129e+01  0.000000e+00
     vertex  6.015091e+00  8.199948e+00  0.000000e+00
     vertex  6.015091e+00  5.680005e+01  0.000000e+00
   endloop
 endfacet
 facet normal  0.000000e+00 -0.000000e+00 -1.000000e+00
   outer loop
     vertex  6.075438e+00  5.680129e+01  0.000000e+00
     vertex  6.135729e+00  8.195809e+00  0.000000e+00
     vertex  6.075438e+00  8.198706e+00  0.000000e+00
   endloop
 endfacet
 facet normal  0.000000e+00  0.000000e+00 -1.000000e+00
   outer loop
     vertex  6.075438e+00  5.680129e+01  0.000000e+00
     vertex  6.075438e+00  8.198706e+00  0.000000e+00
     vertex  6.015091e+00  8.199948e+00  0.000000e+00
   endloop
 endfacet
 facet normal -0.000000e+00  0.000000e+00 -1.000000e+00
   outer loop
     vertex  5.680186e+01  6.090518e+00  0.000000e+00
     vertex  8.199172e+00  6.060355e+00  0.000000e+00
     vertex  8.196688e+00  6.120664e+00  0.000000e+00
   endloop
 endfacet
 facet normal  0.000000e+00  0.000000e+00 -1.000000e+00
   outer loop
     vertex  5.680186e+01  6.090518e+00  0.000000e+00
     vertex  5.680021e+01  6.030180e+00  0.000000e+00
     vertex  8.199172e+00  6.060355e+00  0.000000e+00
   endloop
 endfacet
 facet normal  0.000000e+00  0.000000e+00 -1.000000e+00
   outer loop
     vertex  6.135729e+00  5.680419e+01  0.000000e+00
     vertex  6.135729e+00  8.195809e+00  0.000000e+00
     vertex  6.075438e+00  5.680129e+01  0.000000e+00
   endloop
 endfacet
 facet normal -0.000000e+00  0.000000e+00 -1.000000e+00
   outer loop
     vertex  5.680517e+01  6.150788e+00  0.000000e+00
     vertex  8.196688e+00  6.120664e+00  0.000000e+00
     vertex  8.192551e+00  6.180883e+00  0.000000e+00
   endloop
 endfacet
 facet normal  0.000000e+00  0.000000e+00 -1.000000e+00
   outer loop
     vertex  5.680517e+01  6.150788e+00  0.000000e+00
     vertex  5.680186e+01  6.090518e+00  0.000000e+00
     vertex  8.196688e+00  6.120664e+00  0.000000e+00
   endloop
 endfacet
 facet normal  0.000000e+00  0.000000e+00 -1.000000e+00
   outer loop
     vertex  6.195918e+00  5.680874e+01  0.000000e+00
     vertex  6.135729e+00  8.195809e+00  0.000000e+00
     vertex  6.135729e+00  5.680419e+01  0.000000e+00
   endloop
 endfacet
 facet normal  0.000000e+00  0.000000e+00 -1.000000e+00
   outer loop
     vertex  6.195918e+00  5.680874e+01  0.000000e+00
     vertex  6.195918e+00  8.191259e+00  0.000000e+00
     vertex  6.135729e+00  8.195809e+00  0.000000e+00
   endloop
 endfacet
 facet normal -0.000000e+00  0.000000e+00 -1.000000e+00
   outer loop
     vertex  5.681014e+01  6.210944e+00  0.000000e+00
     vertex  8.192551e+00  6.180883e+00  0.000000e+00
     vertex  8.186764e+00  6.240965e+00  0.000000e+00
   endloop
 endfacet
 facet normal  0.000000e+00  0.000000e+00 -1.000000e+00
   outer loop
     vertex  5.681014e+01  6.210944e+00  0.000000e+00
     vertex  5.680517e+01  6.150788e+00  0.000000e+00
     vertex  8.192551e+00  6.180883e+00  0.000000e+00
   endloop
 endfacet
 facet normal  0.000000e+00  0.000000e+00 -1.000000e+00
   outer loop
     vertex  6.255960e+00  5.681494e+01  0.000000e+00
     vertex  6.195918e+00  8.191259e+00  0.000000e+00
     vertex  6.195918e+00  5.680874e+01  0.000000e+00
   endloop
 endfacet
 facet normal  0.000000e+00 -0.000000e+00 -1.000000e+00
   outer loop
     vertex  6.255960e+00  5.681494e+01  0.000000e+00
     vertex  6.315808e+00  8.177215e+00  0.000000e+00
     vertex  6.255960e+00  8.185059e+00  0.000000e+00
   endloop
 endfacet
 facet normal  0.000000e+00  0.000000e+00 -1.000000e+00
   outer loop
     vertex  6.255960e+00  5.681494e+01  0.000000e+00
     vertex  6.255960e+00  8.185059e+00  0.000000e+00
     vertex  6.195918e+00  8.191259e+00  0.000000e+00
   endloop
 endfacet
 facet normal -0.000000e+00  0.000000e+00 -1.000000e+00
   outer loop
     vertex  5.681675e+01  6.270942e+00  0.000000e+00
     vertex  8.186764e+00  6.240965e+00  0.000000e+00
     vertex  8.179330e+00  6.300867e+00  0.000000e+00
   endloop
 endfacet
 facet normal  0.000000e+00  0.000000e+00 -1.000000e+00
   outer loop
     vertex  5.681675e+01  6.270942e+00  0.000000e+00
     vertex  5.681014e+01  6.210944e+00  0.000000e+00
     vertex  8.186764e+00  6.240965e+00  0.000000e+00
   endloop
 endfacet
 facet normal  0.000000e+00  0.000000e+00 -1.000000e+00
   outer loop
     vertex  6.315808e+00  5.682278e+01  0.000000e+00
     vertex  6.315808e+00  8.177215e+00  0.000000e+00
     vertex  6.255960e+00  5.681494e+01  0.000000e+00
   endloop
 endfacet
 facet normal  0.000000e+00 -0.000000e+00 -1.000000e+00
   outer loop
     vertex  6.315808e+00  5.682278e+01  0.000000e+00
     vertex  6.375419e+00  8.167732e+00  0.000000e+00
     vertex  6.315808e+00  8.177215e+00  0.000000e+00
   endloop
 endfacet
 facet normal -0.000000e+00  0.000000e+00 -1.000000e+00
   outer loop
     vertex  5.682500e+01  6.330735e+00  0.000000e+00
     vertex  8.179330e+00  6.300867e+00  0.000000e+00
     vertex  8.170256e+00  6.360541e+00  0.000000e+00
   endloop
 endfacet
 facet normal  0.000000e+00  0.000000e+00 -1.000000e+00
   outer loop
     vertex  5.682500e+01  6.330735e+00  0.000000e+00
     vertex  5.681675e+01  6.270942e+00  0.000000e+00
     vertex  8.179330e+00  6.300867e+00  0.000000e+00
   endloop
 endfacet
 facet normal  0.000000e+00  0.000000e+00 -1.000000e+00
   outer loop
     vertex  6.375419e+00  5.683227e+01  0.000000e+00
     vertex  6.375419e+00  8.167732e+00  0.000000e+00
     vertex  6.315808e+00  5.682278e+01  0.000000e+00
   endloop
 endfacet
 facet normal -0.000000e+00  0.000000e+00 -1.000000e+00
   outer loop
     vertex  5.683489e+01  6.390280e+00  0.000000e+00
     vertex  8.170256e+00  6.360541e+00  0.000000e+00
     vertex  8.159548e+00  6.419944e+00  0.000000e+00
   endloop
 endfacet
 facet normal  0.000000e+00  0.000000e+00 -1.000000e+00
   outer loop
     vertex  5.683489e+01  6.390280e+00  0.000000e+00
     vertex  5.682500e+01  6.330735e+00  0.000000e+00
     vertex  8.170256e+00  6.360541e+00  0.000000e+00
   endloop
 endfacet
 facet normal  0.000000e+00  0.000000e+00 -1.000000e+00
   outer loop
     vertex  6.434748e+00  5.684338e+01  0.000000e+00
     vertex  6.375419e+00  8.167732e+00  0.000000e+00
     vertex  6.375419e+00  5.683227e+01  0.000000e+00
   endloop
 endfacet
 facet normal  0.000000e+00 -0.000000e+00 -1.000000e+00
   outer loop
     vertex  6.434748e+00  5.684338e+01  0.000000e+00
     vertex  6.493749e+00  8.143878e+00  0.000000e+00
     vertex  6.434748e+00  8.156616e+00  0.000000e+00
   endloop
 endfacet
 facet normal  0.000000e+00  0.000000e+00 -1.000000e+00
   outer loop
     vertex  6.434748e+00  5.684338e+01  0.000000e+00
     vertex  6.434748e+00  8.156616e+00  0.000000e+00
     vertex  6.375419e+00  8.167732e+00  0.000000e+00
   endloop
 endfacet
 facet normal -0.000000e+00  0.000000e+00 -1.000000e+00
   outer loop
     vertex  5.684642e+01  6.449530e+00  0.000000e+00
     vertex  8.159548e+00  6.419944e+00  0.000000e+00
     vertex  8.147214e+00  6.479031e+00  0.000000e+00
   endloop
 endfacet
 facet normal  0.000000e+00  0.000000e+00 -1.000000e+00
   outer loop
     vertex  5.684642e+01  6.449530e+00  0.000000e+00
     vertex  5.683489e+01  6.390280e+00  0.000000e+00
     vertex  8.159548e+00  6.419944e+00  0.000000e+00
   endloop
 endfacet
 facet normal  0.000000e+00 -0.000000e+00 -1.000000e+00
   outer loop
     vertex  6.493749e+00  5.685612e+01  0.000000e+00
     vertex  6.552378e+00  8.129525e+00  0.000000e+00
     vertex  6.493749e+00  8.143878e+00  0.000000e+00
   endloop
 endfacet
 facet normal  0.000000e+00  0.000000e+00 -1.000000e+00
   outer loop
     vertex  6.493749e+00  5.685612e+01  0.000000e+00
     vertex  6.493749e+00  8.143878e+00  0.000000e+00
     vertex  6.434748e+00  5.684338e+01  0.000000e+00
   endloop
 endfacet
 facet normal -0.000000e+00  0.000000e+00 -1.000000e+00
   outer loop
     vertex  5.685956e+01  6.508443e+00  0.000000e+00
     vertex  8.147214e+00  6.479031e+00  0.000000e+00
     vertex  8.133264e+00  6.537758e+00  0.000000e+00
   endloop
 endfacet
 facet normal  0.000000e+00  0.000000e+00 -1.000000e+00
   outer loop
     vertex  5.685956e+01  6.508443e+00  0.000000e+00
     vertex  5.684642e+01  6.449530e+00  0.000000e+00
     vertex  8.147214e+00  6.479031e+00  0.000000e+00
   endloop
 endfacet
 facet normal  0.000000e+00  0.000000e+00 -1.000000e+00
   outer loop
     vertex  6.552378e+00  5.687047e+01  0.000000e+00
     vertex  6.552378e+00  8.129525e+00  0.000000e+00
     vertex  6.493749e+00  5.685612e+01  0.000000e+00
   endloop
 endfacet
 facet normal -0.000000e+00  0.000000e+00 -1.000000e+00
   outer loop
     vertex  5.687431e+01  6.566972e+00  0.000000e+00
     vertex  8.133264e+00  6.537758e+00  0.000000e+00
     vertex  8.117708e+00  6.596080e+00  0.000000e+00
   endloop
 endfacet
 facet normal  0.000000e+00  0.000000e+00 -1.000000e+00
   outer loop
     vertex  5.687431e+01  6.566972e+00  0.000000e+00
     vertex  5.685956e+01  6.508443e+00  0.000000e+00
     vertex  8.133264e+00  6.537758e+00  0.000000e+00
   endloop
 endfacet
 facet normal  0.000000e+00 -0.000000e+00 -1.000000e+00
   outer loop
     vertex  6.610592e+00  5.688643e+01  0.000000e+00
     vertex  6.668346e+00  8.096023e+00  0.000000e+00
     vertex  6.610592e+00  8.113570e+00  0.000000e+00
   endloop
 endfacet
 facet normal  0.000000e+00  0.000000e+00 -1.000000e+00
   outer loop
     vertex  6.610592e+00  5.688643e+01  0.000000e+00
     vertex  6.610592e+00  8.113570e+00  0.000000e+00
     vertex  6.552378e+00  8.129525e+00  0.000000e+00
   endloop
 endfacet
 facet normal  0.000000e+00  0.000000e+00 -1.000000e+00
   outer loop
     vertex  6.610592e+00  5.688643e+01  0.000000e+00
     vertex  6.552378e+00  8.129525e+00  0.000000e+00
     vertex  6.552378e+00  5.687047e+01  0.000000e+00
   endloop
 endfacet
 facet normal -0.000000e+00  0.000000e+00 -1.000000e+00
   outer loop
     vertex  5.689067e+01  6.625075e+00  0.000000e+00
     vertex  8.117708e+00  6.596080e+00  0.000000e+00
     vertex  8.100559e+00  6.653953e+00  0.000000e+00
   endloop
 endfacet
 facet normal  0.000000e+00  0.000000e+00 -1.000000e+00
   outer loop
     vertex  5.689067e+01  6.625075e+00  0.000000e+00
     vertex  5.687431e+01  6.566972e+00  0.000000e+00
     vertex  8.117708e+00  6.596080e+00  0.000000e+00
   endloop
 endfacet
 facet normal  0.000000e+00  0.000000e+00 -1.000000e+00
   outer loop
     vertex  6.668346e+00  5.690398e+01  0.000000e+00
     vertex  6.668346e+00  8.096023e+00  0.000000e+00
     vertex  6.610592e+00  5.688643e+01  0.000000e+00
   endloop
 endfacet
 facet normal -0.000000e+00  0.000000e+00 -1.000000e+00
   outer loop
     vertex  5.690861e+01  6.682707e+00  0.000000e+00
     vertex  8.100559e+00  6.653953e+00  0.000000e+00
     vertex  8.081827e+00  6.711333e+00  0.000000e+00
   endloop
 endfacet
 facet normal  0.000000e+00  0.000000e+00 -1.000000e+00
   outer loop
     vertex  5.690861e+01  6.682707e+00  0.000000e+00
     vertex  5.689067e+01  6.625075e+00  0.000000e+00
     vertex  8.100559e+00  6.653953e+00  0.000000e+00
   endloop
 endfacet
 facet normal  0.000000e+00  0.000000e+00 -1.000000e+00
   outer loop
     vertex  6.725596e+00  5.692310e+01  0.000000e+00
     vertex  6.725596e+00  8.076899e+00  0.000000e+00
     vertex  6.668346e+00  8.096023e+00  0.000000e+00
   endloop
 endfacet
 facet normal  0.000000e+00  0.000000e+00 -1.000000e+00
   outer loop
     vertex  6.725596e+00  5.692310e+01  0.000000e+00
     vertex  6.668346e+00  8.096023e+00  0.000000e+00
     vertex  6.668346e+00  5.690398e+01  0.000000e+00
   endloop
 endfacet
 facet normal -0.000000e+00  0.000000e+00 -1.000000e+00
   outer loop
     vertex  5.692813e+01  6.739825e+00  0.000000e+00
     vertex  8.081827e+00  6.711333e+00  0.000000e+00
     vertex  8.061529e+00  6.768178e+00  0.000000e+00
   endloop
 endfacet
 facet normal  0.000000e+00  0.000000e+00 -1.000000e+00
   outer loop
     vertex  5.692813e+01  6.739825e+00  0.000000e+00
     vertex  5.690861e+01  6.682707e+00  0.000000e+00
     vertex  8.081827e+00  6.711333e+00  0.000000e+00
   endloop
 endfacet
 facet normal  0.000000e+00  0.000000e+00 -1.000000e+00
   outer loop
     vertex  6.782301e+00  5.694379e+01  0.000000e+00
     vertex  6.725596e+00  8.076899e+00  0.000000e+00
     vertex  6.725596e+00  5.692310e+01  0.000000e+00
   endloop
 endfacet
 facet normal  0.000000e+00  0.000000e+00 -1.000000e+00
   outer loop
     vertex  6.782301e+00  5.694379e+01  0.000000e+00
     vertex  6.782301e+00  8.056211e+00  0.000000e+00
     vertex  6.725596e+00  8.076899e+00  0.000000e+00
   endloop
 endfacet
 facet normal -0.000000e+00  0.000000e+00 -1.000000e+00
   outer loop
     vertex  5.694920e+01  6.796387e+00  0.000000e+00
     vertex  8.061529e+00  6.768178e+00  0.000000e+00
     vertex  8.039679e+00  6.824445e+00  0.000000e+00
   endloop
 endfacet
 facet normal  0.000000e+00  0.000000e+00 -1.000000e+00
   outer loop
     vertex  5.694920e+01  6.796387e+00  0.000000e+00
     vertex  5.692813e+01  6.739825e+00  0.000000e+00
     vertex  8.061529e+00  6.768178e+00  0.000000e+00
   endloop
 endfacet
 facet normal  0.000000e+00  0.000000e+00 -1.000000e+00
   outer loop
     vertex  6.838417e+00  5.696602e+01  0.000000e+00
     vertex  6.782301e+00  8.056211e+00  0.000000e+00
     vertex  6.782301e+00  5.694379e+01  0.000000e+00
   endloop
 endfacet
 facet normal  0.000000e+00  0.000000e+00 -1.000000e+00
   outer loop
     vertex  6.838417e+00  5.696602e+01  0.000000e+00
     vertex  6.838417e+00  8.033976e+00  0.000000e+00
     vertex  6.782301e+00  8.056211e+00  0.000000e+00
   endloop
 endfacet
 facet normal -0.000000e+00  0.000000e+00 -1.000000e+00
   outer loop
     vertex  5.697182e+01  6.852349e+00  0.000000e+00
     vertex  8.039679e+00  6.824445e+00  0.000000e+00
     vertex  8.016293e+00  6.880092e+00  0.000000e+00
   endloop
 endfacet
 facet normal  0.000000e+00  0.000000e+00 -1.000000e+00
   outer loop
     vertex  5.697182e+01  6.852349e+00  0.000000e+00
     vertex  5.694920e+01  6.796387e+00  0.000000e+00
     vertex  8.039679e+00  6.824445e+00  0.000000e+00
   endloop
 endfacet
 facet normal  0.000000e+00  0.000000e+00 -1.000000e+00
   outer loop
     vertex  6.893901e+00  5.698979e+01  0.000000e+00
     vertex  6.838417e+00  8.033976e+00  0.000000e+00
     vertex  6.838417e+00  5.696602e+01  0.000000e+00
   endloop
 endfacet
 facet normal  0.000000e+00  0.000000e+00 -1.000000e+00
   outer loop
     vertex  6.893901e+00  5.698979e+01  0.000000e+00
     vertex  6.893901e+00  8.010209e+00  0.000000e+00
     vertex  6.838417e+00  8.033976e+00  0.000000e+00
   endloop
 endfacet
 facet normal -0.000000e+00  0.000000e+00 -1.000000e+00
   outer loop
     vertex  5.699597e+01  6.907669e+00  0.000000e+00
     vertex  8.016293e+00  6.880092e+00  0.000000e+00
     vertex  7.991390e+00  6.935076e+00  0.000000e+00
   endloop
 endfacet
 facet normal  0.000000e+00  0.000000e+00 -1.000000e+00
   outer loop
     vertex  5.699597e+01  6.907669e+00  0.000000e+00
     vertex  5.697182e+01  6.852349e+00  0.000000e+00
     vertex  8.016293e+00  6.880092e+00  0.000000e+00
   endloop
 endfacet
 facet normal  0.000000e+00  0.000000e+00 -1.000000e+00
   outer loop
     vertex  6.948713e+00  5.701507e+01  0.000000e+00
     vertex  6.893901e+00  8.010209e+00  0.000000e+00
     vertex  6.893901e+00  5.698979e+01  0.000000e+00
   endloop
 endfacet
 facet normal  0.000000e+00  0.000000e+00 -1.000000e+00
   outer loop
     vertex  6.948713e+00  5.701507e+01  0.000000e+00
     vertex  6.948713e+00  7.984929e+00  0.000000e+00
     vertex  6.893901e+00  8.010209e+00  0.000000e+00
   endloop
 endfacet
 facet normal  0.000000e+00  0.000000e+00 -1.000000e+00
   outer loop
     vertex  5.702163e+01  6.962306e+00  0.000000e+00
     vertex  5.699597e+01  6.907669e+00  0.000000e+00
     vertex  7.991390e+00  6.935076e+00  0.000000e+00
   endloop
 endfacet
 facet normal -0.000000e+00  0.000000e+00 -1.000000e+00
   outer loop
     vertex  5.702163e+01  6.962306e+00  0.000000e+00
     vertex  7.991390e+00  6.935076e+00  0.000000e+00
     vertex  7.964987e+00  6.989356e+00  0.000000e+00
   endloop
 endfacet
 facet normal  0.000000e+00  0.000000e+00 -1.000000e+00
   outer loop
     vertex  7.002811e+00  5.704185e+01  0.000000e+00
     vertex  7.002811e+00  7.958155e+00  0.000000e+00
     vertex  6.948713e+00  7.984929e+00  0.000000e+00
   endloop
 endfacet
 facet normal  0.000000e+00  0.000000e+00 -1.000000e+00
   outer loop
     vertex  7.002811e+00  5.704185e+01  0.000000e+00
     vertex  6.948713e+00  7.984929e+00  0.000000e+00
     vertex  6.948713e+00  5.701507e+01  0.000000e+00
   endloop
 endfacet
 facet normal  0.000000e+00  0.000000e+00 -1.000000e+00
   outer loop
     vertex  5.704877e+01  7.016219e+00  0.000000e+00
     vertex  5.702163e+01  6.962306e+00  0.000000e+00
     vertex  7.964987e+00  6.989356e+00  0.000000e+00
   endloop
 endfacet
 facet normal -0.000000e+00  0.000000e+00 -1.000000e+00
   outer loop
     vertex  5.704877e+01  7.016219e+00  0.000000e+00
     vertex  7.964987e+00  6.989356e+00  0.000000e+00
     vertex  7.937106e+00  7.042891e+00  0.000000e+00
   endloop
 endfacet
 facet normal  0.000000e+00  0.000000e+00 -1.000000e+00
   outer loop
     vertex  7.056153e+00  5.707009e+01  0.000000e+00
     vertex  7.002811e+00  7.958155e+00  0.000000e+00
     vertex  7.002811e+00  5.704185e+01  0.000000e+00
   endloop
 endfacet
 facet normal  0.000000e+00 -0.000000e+00 -1.000000e+00
   outer loop
     vertex  7.056153e+00  5.707009e+01  0.000000e+00
     vertex  7.108701e+00  7.900206e+00  0.000000e+00
     vertex  7.056153e+00  7.929907e+00  0.000000e+00
   endloop
 endfacet
 facet normal  0.000000e+00  0.000000e+00 -1.000000e+00
   outer loop
     vertex  7.056153e+00  5.707009e+01  0.000000e+00
     vertex  7.056153e+00  7.929907e+00  0.000000e+00
     vertex  7.002811e+00  7.958155e+00  0.000000e+00
   endloop
 endfacet
 facet normal -0.000000e+00  0.000000e+00 -1.000000e+00
   outer loop
     vertex  5.707738e+01  7.069366e+00  0.000000e+00
     vertex  7.937106e+00  7.042891e+00  0.000000e+00
     vertex  7.907766e+00  7.095641e+00  0.000000e+00
   endloop
 endfacet
 facet normal  0.000000e+00  0.000000e+00 -1.000000e+00
   outer loop
     vertex  5.707738e+01  7.069366e+00  0.000000e+00
     vertex  5.704877e+01  7.016219e+00  0.000000e+00
     vertex  7.937106e+00  7.042891e+00  0.000000e+00
   endloop
 endfacet
 facet normal  0.000000e+00  0.000000e+00 -1.000000e+00
   outer loop
     vertex  7.108701e+00  5.709979e+01  0.000000e+00
     vertex  7.108701e+00  7.900206e+00  0.000000e+00
     vertex  7.056153e+00  5.707009e+01  0.000000e+00
   endloop
 endfacet
 facet normal -0.000000e+00  0.000000e+00 -1.000000e+00
   outer loop
     vertex  5.710744e+01  7.121709e+00  0.000000e+00
     vertex  7.907766e+00  7.095641e+00  0.000000e+00
     vertex  7.876990e+00  7.147566e+00  0.000000e+00
   endloop
 endfacet
 facet normal  0.000000e+00  0.000000e+00 -1.000000e+00
   outer loop
     vertex  5.710744e+01  7.121709e+00  0.000000e+00
     vertex  5.707738e+01  7.069366e+00  0.000000e+00
     vertex  7.907766e+00  7.095641e+00  0.000000e+00
   endloop
 endfacet
 facet normal  0.000000e+00  0.000000e+00 -1.000000e+00
   outer loop
     vertex  7.160414e+00  5.713093e+01  0.000000e+00
     vertex  7.108701e+00  7.900206e+00  0.000000e+00
     vertex  7.108701e+00  5.709979e+01  0.000000e+00
   endloop
 endfacet
 facet normal  0.000000e+00  0.000000e+00 -1.000000e+00
   outer loop
     vertex  7.160414e+00  5.713093e+01  0.000000e+00
     vertex  7.160414e+00  7.869074e+00  0.000000e+00
     vertex  7.108701e+00  7.900206e+00  0.000000e+00
   endloop
 endfacet
 facet normal -0.000000e+00  0.000000e+00 -1.000000e+00
   outer loop
     vertex  5.713893e+01  7.173207e+00  0.000000e+00
     vertex  7.876990e+00  7.147566e+00  0.000000e+00
     vertex  7.844801e+00  7.198628e+00  0.000000e+00
   endloop
 endfacet
 facet normal  0.000000e+00  0.000000e+00 -1.000000e+00
   outer loop
     vertex  5.713893e+01  7.173207e+00  0.000000e+00
     vertex  5.710744e+01  7.121709e+00  0.000000e+00
     vertex  7.876990e+00  7.147566e+00  0.000000e+00
   endloop
 endfacet
 facet normal  0.000000e+00  0.000000e+00 -1.000000e+00
   outer loop
     vertex  7.211254e+00  5.716346e+01  0.000000e+00
     vertex  7.160414e+00  7.869074e+00  0.000000e+00
     vertex  7.160414e+00  5.713093e+01  0.000000e+00
   endloop
 endfacet
 facet normal  0.000000e+00 -0.000000e+00 -1.000000e+00
   outer loop
     vertex  7.211254e+00  5.716346e+01  0.000000e+00
     vertex  7.261181e+00  7.802615e+00  0.000000e+00
     vertex  7.211254e+00  7.836536e+00  0.000000e+00
   endloop
 endfacet
 facet normal  0.000000e+00  0.000000e+00 -1.000000e+00
   outer loop
     vertex  7.211254e+00  5.716346e+01  0.000000e+00
     vertex  7.211254e+00  7.836536e+00  0.000000e+00
     vertex  7.160414e+00  7.869074e+00  0.000000e+00
   endloop
 endfacet
 facet normal -0.000000e+00  0.000000e+00 -1.000000e+00
   outer loop
     vertex  5.717182e+01  7.223822e+00  0.000000e+00
     vertex  7.844801e+00  7.198628e+00  0.000000e+00
     vertex  7.811224e+00  7.248787e+00  0.000000e+00
   endloop
 endfacet
 facet normal  0.000000e+00  0.000000e+00 -1.000000e+00
   outer loop
     vertex  5.717182e+01  7.223822e+00  0.000000e+00
     vertex  5.713893e+01  7.173207e+00  0.000000e+00
     vertex  7.844801e+00  7.198628e+00  0.000000e+00
   endloop
 endfacet
 facet normal  0.000000e+00  0.000000e+00 -1.000000e+00
   outer loop
     vertex  7.261181e+00  5.719738e+01  0.000000e+00
     vertex  7.261181e+00  7.802615e+00  0.000000e+00
     vertex  7.211254e+00  5.716346e+01  0.000000e+00
   endloop
 endfacet
 facet normal -0.000000e+00  0.000000e+00 -1.000000e+00
   outer loop
     vertex  5.720608e+01  7.273516e+00  0.000000e+00
     vertex  7.811224e+00  7.248787e+00  0.000000e+00
     vertex  7.776283e+00  7.298006e+00  0.000000e+00
   endloop
 endfacet
 facet normal  0.000000e+00  0.000000e+00 -1.000000e+00
   outer loop
     vertex  5.720608e+01  7.273516e+00  0.000000e+00
     vertex  5.717182e+01  7.223822e+00  0.000000e+00
     vertex  7.811224e+00  7.248787e+00  0.000000e+00
   endloop
 endfacet
 facet normal  0.000000e+00  0.000000e+00 -1.000000e+00
   outer loop
     vertex  7.310160e+00  5.723266e+01  0.000000e+00
     vertex  7.261181e+00  7.802615e+00  0.000000e+00
     vertex  7.261181e+00  5.719738e+01  0.000000e+00
   endloop
 endfacet
 facet normal  0.000000e+00  0.000000e+00 -1.000000e+00
   outer loop
     vertex  7.310160e+00  5.723266e+01  0.000000e+00
     vertex  7.310160e+00  7.767337e+00  0.000000e+00
     vertex  7.261181e+00  7.802615e+00  0.000000e+00
   endloop
 endfacet
 facet normal -0.000000e+00  0.000000e+00 -1.000000e+00
   outer loop
     vertex  5.724169e+01  7.322252e+00  0.000000e+00
     vertex  7.776283e+00  7.298006e+00  0.000000e+00
     vertex  7.740005e+00  7.346248e+00  0.000000e+00
   endloop
 endfacet
 facet normal  0.000000e+00  0.000000e+00 -1.000000e+00
   outer loop
     vertex  5.724169e+01  7.322252e+00  0.000000e+00
     vertex  5.720608e+01  7.273516e+00  0.000000e+00
     vertex  7.776283e+00  7.298006e+00  0.000000e+00
   endloop
 endfacet
 facet normal  0.000000e+00  0.000000e+00 -1.000000e+00
   outer loop
     vertex  7.358152e+00  5.726927e+01  0.000000e+00
     vertex  7.358152e+00  7.730729e+00  0.000000e+00
     vertex  7.310160e+00  7.767337e+00  0.000000e+00
   endloop
 endfacet
 facet normal  0.000000e+00  0.000000e+00 -1.000000e+00
   outer loop
     vertex  7.358152e+00  5.726927e+01  0.000000e+00
     vertex  7.310160e+00  7.767337e+00  0.000000e+00
     vertex  7.310160e+00  5.723266e+01  0.000000e+00
   endloop
 endfacet
 facet normal -0.000000e+00  0.000000e+00 -1.000000e+00
   outer loop
     vertex  5.727863e+01  7.369991e+00  0.000000e+00
     vertex  7.740005e+00  7.346248e+00  0.000000e+00
     vertex  7.702417e+00  7.393477e+00  0.000000e+00
   endloop
 endfacet
 facet normal  0.000000e+00  0.000000e+00 -1.000000e+00
   outer loop
     vertex  5.727863e+01  7.369991e+00  0.000000e+00
     vertex  5.724169e+01  7.322252e+00  0.000000e+00
     vertex  7.740005e+00  7.346248e+00  0.000000e+00
   endloop
 endfacet
 facet normal  0.000000e+00 -0.000000e+00 -1.000000e+00
   outer loop
     vertex  7.405121e+00  5.730718e+01  0.000000e+00
     vertex  7.451033e+00  7.653633e+00  0.000000e+00
     vertex  7.405121e+00  7.692818e+00  0.000000e+00
   endloop
 endfacet
 facet normal  0.000000e+00  0.000000e+00 -1.000000e+00
   outer loop
     vertex  7.405121e+00  5.730718e+01  0.000000e+00
     vertex  7.405121e+00  7.692818e+00  0.000000e+00
     vertex  7.358152e+00  7.730729e+00  0.000000e+00
   endloop
 endfacet
 facet normal  0.000000e+00  0.000000e+00 -1.000000e+00
   outer loop
     vertex  7.405121e+00  5.730718e+01  0.000000e+00
     vertex  7.358152e+00  7.730729e+00  0.000000e+00
     vertex  7.358152e+00  5.726927e+01  0.000000e+00
   endloop
 endfacet
 facet normal -0.000000e+00  0.000000e+00 -1.000000e+00
   outer loop
     vertex  5.731686e+01  7.416700e+00  0.000000e+00
     vertex  7.702417e+00  7.393477e+00  0.000000e+00
     vertex  7.663547e+00  7.439657e+00  0.000000e+00
   endloop
 endfacet
 facet normal  0.000000e+00  0.000000e+00 -1.000000e+00
   outer loop
     vertex  5.731686e+01  7.416700e+00  0.000000e+00
     vertex  5.727863e+01  7.369991e+00  0.000000e+00
     vertex  7.702417e+00  7.393477e+00  0.000000e+00
   endloop
 endfacet
 facet normal  0.000000e+00  0.000000e+00 -1.000000e+00
   outer loop
     vertex  7.451033e+00  5.734637e+01  0.000000e+00
     vertex  7.451033e+00  7.653633e+00  0.000000e+00
     vertex  7.405121e+00  5.730718e+01  0.000000e+00
   endloop
 endfacet
 facet normal -0.000000e+00  0.000000e+00 -1.000000e+00
   outer loop
     vertex  5.735636e+01  7.462342e+00  0.000000e+00
     vertex  7.663547e+00  7.439657e+00  0.000000e+00
     vertex  7.623425e+00  7.484753e+00  0.000000e+00
   endloop
 endfacet
 facet normal  0.000000e+00  0.000000e+00 -1.000000e+00
   outer loop
     vertex  5.735636e+01  7.462342e+00  0.000000e+00
     vertex  5.731686e+01  7.416700e+00  0.000000e+00
     vertex  7.663547e+00  7.439657e+00  0.000000e+00
   endloop
 endfacet
 facet normal  0.000000e+00 -0.000000e+00 -1.000000e+00
   outer loop
     vertex  7.495853e+00  5.738680e+01  0.000000e+00
     vertex  7.539547e+00  7.571558e+00  0.000000e+00
     vertex  7.495853e+00  7.613203e+00  0.000000e+00
   endloop
 endfacet
 facet normal  0.000000e+00  0.000000e+00 -1.000000e+00
   outer loop
     vertex  7.495853e+00  5.738680e+01  0.000000e+00
     vertex  7.495853e+00  7.613203e+00  0.000000e+00
     vertex  7.451033e+00  7.653633e+00  0.000000e+00
   endloop
 endfacet
 facet normal  0.000000e+00  0.000000e+00 -1.000000e+00
   outer loop
     vertex  7.495853e+00  5.738680e+01  0.000000e+00
     vertex  7.451033e+00  7.653633e+00  0.000000e+00
     vertex  7.451033e+00  5.734637e+01  0.000000e+00
   endloop
 endfacet
 facet normal  0.000000e+00  0.000000e+00 -1.000000e+00
   outer loop
     vertex  5.739710e+01  7.506883e+00  0.000000e+00
     vertex  5.735636e+01  7.462342e+00  0.000000e+00
     vertex  7.623425e+00  7.484753e+00  0.000000e+00
   endloop
 endfacet
 facet normal -0.000000e+00  0.000000e+00 -1.000000e+00
   outer loop
     vertex  5.739710e+01  7.506883e+00  0.000000e+00
     vertex  7.623425e+00  7.484753e+00  0.000000e+00
     vertex  7.582082e+00  7.528731e+00  0.000000e+00
   endloop
 endfacet
 facet normal  0.000000e+00  0.000000e+00 -1.000000e+00
   outer loop
     vertex  7.539547e+00  5.742844e+01  0.000000e+00
     vertex  7.539547e+00  7.571558e+00  0.000000e+00
     vertex  7.495853e+00  5.738680e+01  0.000000e+00
   endloop
 endfacet
 facet normal  0.000000e+00  0.000000e+00 -1.000000e+00
   outer loop
     vertex  5.743904e+01  7.550290e+00  0.000000e+00
     vertex  5.739710e+01  7.506883e+00  0.000000e+00
     vertex  7.582082e+00  7.528731e+00  0.000000e+00
   endloop
 endfacet
 facet normal -0.000000e+00  0.000000e+00 -1.000000e+00
   outer loop
     vertex  5.743904e+01  7.550290e+00  0.000000e+00
     vertex  7.582082e+00  7.528731e+00  0.000000e+00
     vertex  7.539547e+00  7.571558e+00  0.000000e+00
   endloop
 endfacet
 facet normal  0.000000e+00  0.000000e+00 -1.000000e+00
   outer loop
     vertex  0.000000e+00  6.500000e+01  0.000000e+00
     vertex  4.439039e+00  6.055029e+01  0.000000e+00
     vertex  4.397096e+00  6.050688e+01  0.000000e+00
   endloop
 endfacet
 facet normal  0.000000e+00  0.000000e+00 -1.000000e+00
   outer loop
     vertex  0.000000e+00  6.500000e+01  0.000000e+00
     vertex  4.397096e+00  6.050688e+01  0.000000e+00
     vertex  4.356359e+00  6.046234e+01  0.000000e+00
   endloop
 endfacet
 facet normal  0.000000e+00  0.000000e+00 -1.000000e+00
   outer loop
     vertex  0.000000e+00  6.500000e+01  0.000000e+00
     vertex  4.356359e+00  6.046234e+01  0.000000e+00
     vertex  4.316860e+00  6.041670e+01  0.000000e+00
   endloop
 endfacet
 facet normal  0.000000e+00  0.000000e+00 -1.000000e+00
   outer loop
     vertex  0.000000e+00  6.500000e+01  0.000000e+00
     vertex  4.316860e+00  6.041670e+01  0.000000e+00
     vertex  4.278627e+00  6.036999e+01  0.000000e+00
   endloop
 endfacet
 facet normal  0.000000e+00  0.000000e+00 -1.000000e+00
   outer loop
     vertex  0.000000e+00  6.500000e+01  0.000000e+00
     vertex  4.278627e+00  6.036999e+01  0.000000e+00
     vertex  4.241691e+00  6.032225e+01  0.000000e+00
   endloop
 endfacet
 facet normal  0.000000e+00  0.000000e+00 -1.000000e+00
   outer loop
     vertex  0.000000e+00  6.500000e+01  0.000000e+00
     vertex  4.241691e+00  6.032225e+01  0.000000e+00
     vertex  4.206078e+00  6.027352e+01  0.000000e+00
   endloop
 endfacet
 facet normal  0.000000e+00  0.000000e+00 -1.000000e+00
   outer loop
     vertex  0.000000e+00  6.500000e+01  0.000000e+00
     vertex  4.206078e+00  6.027352e+01  0.000000e+00
     vertex  4.171816e+00  6.022382e+01  0.000000e+00
   endloop
 endfacet
 facet normal  0.000000e+00  0.000000e+00 -1.000000e+00
   outer loop
     vertex  0.000000e+00  6.500000e+01  0.000000e+00
     vertex  4.171816e+00  6.022382e+01  0.000000e+00
     vertex  4.138929e+00  6.017321e+01  0.000000e+00
   endloop
 endfacet
 facet normal  0.000000e+00  0.000000e+00 -1.000000e+00
   outer loop
     vertex  0.000000e+00  6.500000e+01  0.000000e+00
     vertex  4.138929e+00  6.017321e+01  0.000000e+00
     vertex  4.107444e+00  6.012171e+01  0.000000e+00
   endloop
 endfacet
 facet normal  0.000000e+00  0.000000e+00 -1.000000e+00
   outer loop
     vertex  0.000000e+00  6.500000e+01  0.000000e+00
     vertex  4.107444e+00  6.012171e+01  0.000000e+00
     vertex  4.077383e+00  6.006937e+01  0.000000e+00
   endloop
 endfacet
 facet normal  0.000000e+00  0.000000e+00 -1.000000e+00
   outer loop
     vertex  0.000000e+00  6.500000e+01  0.000000e+00
     vertex  4.077383e+00  6.006937e+01  0.000000e+00
     vertex  4.048770e+00  6.001622e+01  0.000000e+00
   endloop
 endfacet
 facet normal  0.000000e+00  0.000000e+00 -1.000000e+00
   outer loop
     vertex  0.000000e+00  6.500000e+01  0.000000e+00
     vertex  4.048770e+00  6.001622e+01  0.000000e+00
     vertex  4.021625e+00  5.996231e+01  0.000000e+00
   endloop
 endfacet
 facet normal  0.000000e+00  0.000000e+00 -1.000000e+00
   outer loop
     vertex  0.000000e+00  6.500000e+01  0.000000e+00
     vertex  4.021625e+00  5.996231e+01  0.000000e+00
     vertex  3.995970e+00  5.990767e+01  0.000000e+00
   endloop
 endfacet
 facet normal  0.000000e+00  0.000000e+00 -1.000000e+00
   outer loop
     vertex  0.000000e+00  6.500000e+01  0.000000e+00
     vertex  3.995970e+00  5.990767e+01  0.000000e+00
     vertex  3.971823e+00  5.985235e+01  0.000000e+00
   endloop
 endfacet
 facet normal  0.000000e+00  0.000000e+00 -1.000000e+00
   outer loop
     vertex  0.000000e+00  6.500000e+01  0.000000e+00
     vertex  3.971823e+00  5.985235e+01  0.000000e+00
     vertex  3.949203e+00  5.979639e+01  0.000000e+00
   endloop
 endfacet
 facet normal  0.000000e+00  0.000000e+00 -1.000000e+00
   outer loop
     vertex  0.000000e+00  6.500000e+01  0.000000e+00
     vertex  3.949203e+00  5.979639e+01  0.000000e+00
     vertex  3.928127e+00  5.973983e+01  0.000000e+00
   endloop
 endfacet
 facet normal  0.000000e+00  0.000000e+00 -1.000000e+00
   outer loop
     vertex  0.000000e+00  6.500000e+01  0.000000e+00
     vertex  3.928127e+00  5.973983e+01  0.000000e+00
     vertex  3.908610e+00  5.968271e+01  0.000000e+00
   endloop
 endfacet
 facet normal  0.000000e+00  0.000000e+00 -1.000000e+00
   outer loop
     vertex  0.000000e+00  6.500000e+01  0.000000e+00
     vertex  3.908610e+00  5.968271e+01  0.000000e+00
     vertex  3.890668e+00  5.962507e+01  0.000000e+00
   endloop
 endfacet
 facet normal  0.000000e+00  0.000000e+00 -1.000000e+00
   outer loop
     vertex  0.000000e+00  6.500000e+01  0.000000e+00
     vertex  3.890668e+00  5.962507e+01  0.000000e+00
     vertex  3.874314e+00  5.956697e+01  0.000000e+00
   endloop
 endfacet
 facet normal  0.000000e+00  0.000000e+00 -1.000000e+00
   outer loop
     vertex  0.000000e+00  6.500000e+01  0.000000e+00
     vertex  3.874314e+00  5.956697e+01  0.000000e+00
     vertex  3.859559e+00  5.950844e+01  0.000000e+00
   endloop
 endfacet
 facet normal  0.000000e+00  0.000000e+00 -1.000000e+00
   outer loop
     vertex  0.000000e+00  6.500000e+01  0.000000e+00
     vertex  3.859559e+00  5.950844e+01  0.000000e+00
     vertex  3.846416e+00  5.944953e+01  0.000000e+00
   endloop
 endfacet
 facet normal  0.000000e+00  0.000000e+00 -1.000000e+00
   outer loop
     vertex  0.000000e+00  6.500000e+01  0.000000e+00
     vertex  3.846416e+00  5.944953e+01  0.000000e+00
     vertex  3.834894e+00  5.939028e+01  0.000000e+00
   endloop
 endfacet
 facet normal  0.000000e+00  0.000000e+00 -1.000000e+00
   outer loop
     vertex  0.000000e+00  6.500000e+01  0.000000e+00
     vertex  3.834894e+00  5.939028e+01  0.000000e+00
     vertex  3.825002e+00  5.933074e+01  0.000000e+00
   endloop
 endfacet
 facet normal  0.000000e+00  0.000000e+00 -1.000000e+00
   outer loop
     vertex  0.000000e+00  6.500000e+01  0.000000e+00
     vertex  3.825002e+00  5.933074e+01  0.000000e+00
     vertex  3.816748e+00  5.927094e+01  0.000000e+00
   endloop
 endfacet
 facet normal  0.000000e+00  0.000000e+00 -1.000000e+00
   outer loop
     vertex  0.000000e+00  6.500000e+01  0.000000e+00
     vertex  3.816748e+00  5.927094e+01  0.000000e+00
     vertex  3.810136e+00  5.921094e+01  0.000000e+00
   endloop
 endfacet
 facet normal  0.000000e+00  0.000000e+00 -1.000000e+00
   outer loop
     vertex  0.000000e+00  6.500000e+01  0.000000e+00
     vertex  3.810136e+00  5.921094e+01  0.000000e+00
     vertex  3.805174e+00  5.915079e+01  0.000000e+00
   endloop
 endfacet
 facet normal  0.000000e+00  0.000000e+00 -1.000000e+00
   outer loop
     vertex  0.000000e+00  6.500000e+01  0.000000e+00
     vertex  3.805174e+00  5.915079e+01  0.000000e+00
     vertex  3.801863e+00  5.909052e+01  0.000000e+00
   endloop
 endfacet
 facet normal  0.000000e+00  0.000000e+00 -1.000000e+00
   outer loop
     vertex  0.000000e+00  6.500000e+01  0.000000e+00
     vertex  4.021625e+00  6.962306e+00  0.000000e+00
     vertex  0.000000e+00  0.000000e+00  0.000000e+00
   endloop
 endfacet
 facet normal  0.000000e+00  0.000000e+00 -1.000000e+00
   outer loop
     vertex  0.000000e+00  6.500000e+01  0.000000e+00
     vertex  3.801863e+00  5.909052e+01  0.000000e+00
     vertex  3.800207e+00  5.903018e+01  0.000000e+00
   endloop
 endfacet
 facet normal  0.000000e+00  0.000000e+00 -1.000000e+00
   outer loop
     vertex  0.000000e+00  6.500000e+01  0.000000e+00
     vertex  4.021625e+00  5.803769e+01  0.000000e+00
     vertex  4.021625e+00  6.962306e+00  0.000000e+00
   endloop
 endfacet
 facet normal  0.000000e+00  0.000000e+00 -1.000000e+00
   outer loop
     vertex  0.000000e+00  6.500000e+01  0.000000e+00
     vertex  3.800207e+00  5.903018e+01  0.000000e+00
     vertex  3.800207e+00  5.896982e+01  0.000000e+00
   endloop
 endfacet
 facet normal  0.000000e+00  0.000000e+00 -1.000000e+00
   outer loop
     vertex  0.000000e+00  6.500000e+01  0.000000e+00
     vertex  3.800207e+00  5.896982e+01  0.000000e+00
     vertex  3.801863e+00  5.890948e+01  0.000000e+00
   endloop
 endfacet
 facet normal  0.000000e+00  0.000000e+00 -1.000000e+00
   outer loop
     vertex  0.000000e+00  6.500000e+01  0.000000e+00
     vertex  3.801863e+00  5.890948e+01  0.000000e+00
     vertex  3.805174e+00  5.884921e+01  0.000000e+00
   endloop
 endfacet
 facet normal  0.000000e+00  0.000000e+00 -1.000000e+00
   outer loop
     vertex  0.000000e+00  6.500000e+01  0.000000e+00
     vertex  3.805174e+00  5.884921e+01  0.000000e+00
     vertex  3.810136e+00  5.878906e+01  0.000000e+00
   endloop
 endfacet
 facet normal  0.000000e+00  0.000000e+00 -1.000000e+00
   outer loop
     vertex  0.000000e+00  6.500000e+01  0.000000e+00
     vertex  3.810136e+00  5.878906e+01  0.000000e+00
     vertex  3.816748e+00  5.872906e+01  0.000000e+00
   endloop
 endfacet
 facet normal  0.000000e+00  0.000000e+00 -1.000000e+00
   outer loop
     vertex  0.000000e+00  6.500000e+01  0.000000e+00
     vertex  3.816748e+00  5.872906e+01  0.000000e+00
     vertex  3.825002e+00  5.866926e+01  0.000000e+00
   endloop
 endfacet
 facet normal  0.000000e+00  0.000000e+00 -1.000000e+00
   outer loop
     vertex  0.000000e+00  6.500000e+01  0.000000e+00
     vertex  3.825002e+00  5.866926e+01  0.000000e+00
     vertex  3.834894e+00  5.860972e+01  0.000000e+00
   endloop
 endfacet
 facet normal  0.000000e+00  0.000000e+00 -1.000000e+00
   outer loop
     vertex  0.000000e+00  6.500000e+01  0.000000e+00
     vertex  3.834894e+00  5.860972e+01  0.000000e+00
     vertex  3.846416e+00  5.855047e+01  0.000000e+00
   endloop
 endfacet
 facet normal  0.000000e+00  0.000000e+00 -1.000000e+00
   outer loop
     vertex  0.000000e+00  6.500000e+01  0.000000e+00
     vertex  3.846416e+00  5.855047e+01  0.000000e+00
     vertex  3.859559e+00  5.849156e+01  0.000000e+00
   endloop
 endfacet
 facet normal  0.000000e+00  0.000000e+00 -1.000000e+00
   outer loop
     vertex  0.000000e+00  6.500000e+01  0.000000e+00
     vertex  3.859559e+00  5.849156e+01  0.000000e+00
     vertex  3.874314e+00  5.843303e+01  0.000000e+00
   endloop
 endfacet
 facet normal  0.000000e+00  0.000000e+00 -1.000000e+00
   outer loop
     vertex  0.000000e+00  6.500000e+01  0.000000e+00
     vertex  3.874314e+00  5.843303e+01  0.000000e+00
     vertex  3.890668e+00  5.837493e+01  0.000000e+00
   endloop
 endfacet
 facet normal  0.000000e+00  0.000000e+00 -1.000000e+00
   outer loop
     vertex  0.000000e+00  6.500000e+01  0.000000e+00
     vertex  3.890668e+00  5.837493e+01  0.000000e+00
     vertex  3.908610e+00  5.831729e+01  0.000000e+00
   endloop
 endfacet
 facet normal  0.000000e+00  0.000000e+00 -1.000000e+00
   outer loop
     vertex  0.000000e+00  6.500000e+01  0.000000e+00
     vertex  3.908610e+00  5.831729e+01  0.000000e+00
     vertex  3.928127e+00  5.826017e+01  0.000000e+00
   endloop
 endfacet
 facet normal  0.000000e+00  0.000000e+00 -1.000000e+00
   outer loop
     vertex  0.000000e+00  6.500000e+01  0.000000e+00
     vertex  3.928127e+00  5.826017e+01  0.000000e+00
     vertex  3.949203e+00  5.820361e+01  0.000000e+00
   endloop
 endfacet
 facet normal  0.000000e+00  0.000000e+00 -1.000000e+00
   outer loop
     vertex  0.000000e+00  6.500000e+01  0.000000e+00
     vertex  3.949203e+00  5.820361e+01  0.000000e+00
     vertex  3.971823e+00  5.814765e+01  0.000000e+00
   endloop
 endfacet
 facet normal  0.000000e+00  0.000000e+00 -1.000000e+00
   outer loop
     vertex  0.000000e+00  6.500000e+01  0.000000e+00
     vertex  3.971823e+00  5.814765e+01  0.000000e+00
     vertex  3.995970e+00  5.809233e+01  0.000000e+00
   endloop
 endfacet
 facet normal  0.000000e+00  0.000000e+00 -1.000000e+00
   outer loop
     vertex  0.000000e+00  6.500000e+01  0.000000e+00
     vertex  3.995970e+00  5.809233e+01  0.000000e+00
     vertex  4.021625e+00  5.803769e+01  0.000000e+00
   endloop
 endfacet
 facet normal  0.000000e+00  0.000000e+00 -1.000000e+00
   outer loop
     vertex  6.500000e+01  0.000000e+00  0.000000e+00
     vertex  5.889441e+01  3.802536e+00  0.000000e+00
     vertex  5.895473e+01  3.800466e+00  0.000000e+00
   endloop
 endfacet
 facet normal  0.000000e+00  0.000000e+00 -1.000000e+00
   outer loop
     vertex  6.500000e+01  0.000000e+00  0.000000e+00
     vertex  5.895473e+01  3.800466e+00  0.000000e+00
     vertex  5.901509e+01  3.800052e+00  0.000000e+00
   endloop
 endfacet
 facet normal  0.000000e+00  0.000000e+00 -1.000000e+00
   outer loop
     vertex  6.500000e+01  0.000000e+00  0.000000e+00
     vertex  5.901509e+01  3.800052e+00  0.000000e+00
     vertex  5.907544e+01  3.801294e+00  0.000000e+00
   endloop
 endfacet
 facet normal  0.000000e+00  0.000000e+00 -1.000000e+00
   outer loop
     vertex  6.500000e+01  0.000000e+00  0.000000e+00
     vertex  5.907544e+01  3.801294e+00  0.000000e+00
     vertex  5.913573e+01  3.804191e+00  0.000000e+00
   endloop
 endfacet
 facet normal  0.000000e+00  0.000000e+00 -1.000000e+00
   outer loop
     vertex  6.500000e+01  0.000000e+00  0.000000e+00
     vertex  5.913573e+01  3.804191e+00  0.000000e+00
     vertex  5.919592e+01  3.808741e+00  0.000000e+00
   endloop
 endfacet
 facet normal  0.000000e+00  0.000000e+00 -1.000000e+00
   outer loop
     vertex  6.500000e+01  0.000000e+00  0.000000e+00
     vertex  5.919592e+01  3.808741e+00  0.000000e+00
     vertex  5.925596e+01  3.814941e+00  0.000000e+00
   endloop
 endfacet
 facet normal  0.000000e+00  0.000000e+00 -1.000000e+00
   outer loop
     vertex  6.500000e+01  0.000000e+00  0.000000e+00
     vertex  5.925596e+01  3.814941e+00  0.000000e+00
     vertex  5.931581e+01  3.822785e+00  0.000000e+00
   endloop
 endfacet
 facet normal  0.000000e+00  0.000000e+00 -1.000000e+00
   outer loop
     vertex  6.500000e+01  0.000000e+00  0.000000e+00
     vertex  5.931581e+01  3.822785e+00  0.000000e+00
     vertex  5.937542e+01  3.832268e+00  0.000000e+00
   endloop
 endfacet
 facet normal  0.000000e+00  0.000000e+00 -1.000000e+00
   outer loop
     vertex  6.500000e+01  0.000000e+00  0.000000e+00
     vertex  5.937542e+01  3.832268e+00  0.000000e+00
     vertex  5.943475e+01  3.843384e+00  0.000000e+00
   endloop
 endfacet
 facet normal  0.000000e+00  0.000000e+00 -1.000000e+00
   outer loop
     vertex  6.500000e+01  0.000000e+00  0.000000e+00
     vertex  5.943475e+01  3.843384e+00  0.000000e+00
     vertex  5.949375e+01  3.856122e+00  0.000000e+00
   endloop
 endfacet
 facet normal  0.000000e+00  0.000000e+00 -1.000000e+00
   outer loop
     vertex  6.500000e+01  0.000000e+00  0.000000e+00
     vertex  5.949375e+01  3.856122e+00  0.000000e+00
     vertex  5.955238e+01  3.870475e+00  0.000000e+00
   endloop
 endfacet
 facet normal  0.000000e+00  0.000000e+00 -1.000000e+00
   outer loop
     vertex  6.500000e+01  0.000000e+00  0.000000e+00
     vertex  5.955238e+01  3.870475e+00  0.000000e+00
     vertex  5.961059e+01  3.886430e+00  0.000000e+00
   endloop
 endfacet
 facet normal  0.000000e+00  0.000000e+00 -1.000000e+00
   outer loop
     vertex  6.500000e+01  0.000000e+00  0.000000e+00
     vertex  5.961059e+01  3.886430e+00  0.000000e+00
     vertex  5.966835e+01  3.903977e+00  0.000000e+00
   endloop
 endfacet
 facet normal  0.000000e+00  0.000000e+00 -1.000000e+00
   outer loop
     vertex  6.500000e+01  0.000000e+00  0.000000e+00
     vertex  5.966835e+01  3.903977e+00  0.000000e+00
     vertex  5.972560e+01  3.923101e+00  0.000000e+00
   endloop
 endfacet
 facet normal  0.000000e+00  0.000000e+00 -1.000000e+00
   outer loop
     vertex  6.500000e+01  0.000000e+00  0.000000e+00
     vertex  5.972560e+01  3.923101e+00  0.000000e+00
     vertex  5.978230e+01  3.943789e+00  0.000000e+00
   endloop
 endfacet
 facet normal  0.000000e+00  0.000000e+00 -1.000000e+00
   outer loop
     vertex  6.500000e+01  0.000000e+00  0.000000e+00
     vertex  5.978230e+01  3.943789e+00  0.000000e+00
     vertex  5.983842e+01  3.966024e+00  0.000000e+00
   endloop
 endfacet
 facet normal  0.000000e+00  0.000000e+00 -1.000000e+00
   outer loop
     vertex  6.500000e+01  0.000000e+00  0.000000e+00
     vertex  5.983842e+01  3.966024e+00  0.000000e+00
     vertex  5.989390e+01  3.989791e+00  0.000000e+00
   endloop
 endfacet
 facet normal  0.000000e+00  0.000000e+00 -1.000000e+00
   outer loop
     vertex  6.500000e+01  0.000000e+00  0.000000e+00
     vertex  5.989390e+01  3.989791e+00  0.000000e+00
     vertex  5.994871e+01  4.015071e+00  0.000000e+00
   endloop
 endfacet
 facet normal  0.000000e+00  0.000000e+00 -1.000000e+00
   outer loop
     vertex  6.500000e+01  0.000000e+00  0.000000e+00
     vertex  5.994871e+01  4.015071e+00  0.000000e+00
     vertex  6.000281e+01  4.041845e+00  0.000000e+00
   endloop
 endfacet
 facet normal  0.000000e+00  0.000000e+00 -1.000000e+00
   outer loop
     vertex  6.500000e+01  0.000000e+00  0.000000e+00
     vertex  6.000281e+01  4.041845e+00  0.000000e+00
     vertex  6.005615e+01  4.070093e+00  0.000000e+00
   endloop
 endfacet
 facet normal  0.000000e+00  0.000000e+00 -1.000000e+00
   outer loop
     vertex  6.500000e+01  0.000000e+00  0.000000e+00
     vertex  6.005615e+01  4.070093e+00  0.000000e+00
     vertex  6.010870e+01  4.099794e+00  0.000000e+00
   endloop
 endfacet
 facet normal  0.000000e+00  0.000000e+00 -1.000000e+00
   outer loop
     vertex  6.500000e+01  0.000000e+00  0.000000e+00
     vertex  6.010870e+01  4.099794e+00  0.000000e+00
     vertex  6.016041e+01  4.130926e+00  0.000000e+00
   endloop
 endfacet
 facet normal  0.000000e+00  0.000000e+00 -1.000000e+00
   outer loop
     vertex  6.500000e+01  0.000000e+00  0.000000e+00
     vertex  6.016041e+01  4.130926e+00  0.000000e+00
     vertex  6.021125e+01  4.163464e+00  0.000000e+00
   endloop
 endfacet
 facet normal  0.000000e+00  0.000000e+00 -1.000000e+00
   outer loop
     vertex  6.500000e+01  0.000000e+00  0.000000e+00
     vertex  6.021125e+01  4.163464e+00  0.000000e+00
     vertex  6.026118e+01  4.197385e+00  0.000000e+00
   endloop
 endfacet
 facet normal  0.000000e+00  0.000000e+00 -1.000000e+00
   outer loop
     vertex  6.500000e+01  0.000000e+00  0.000000e+00
     vertex  6.026118e+01  4.197385e+00  0.000000e+00
     vertex  6.031016e+01  4.232663e+00  0.000000e+00
   endloop
 endfacet
 facet normal  0.000000e+00  0.000000e+00 -1.000000e+00
   outer loop
     vertex  6.500000e+01  0.000000e+00  0.000000e+00
     vertex  6.031016e+01  4.232663e+00  0.000000e+00
     vertex  6.035815e+01  4.269271e+00  0.000000e+00
   endloop
 endfacet
 facet normal  0.000000e+00  0.000000e+00 -1.000000e+00
   outer loop
     vertex  6.500000e+01  0.000000e+00  0.000000e+00
     vertex  6.035815e+01  4.269271e+00  0.000000e+00
     vertex  6.040512e+01  4.307182e+00  0.000000e+00
   endloop
 endfacet
 facet normal  0.000000e+00  0.000000e+00 -1.000000e+00
   outer loop
     vertex  6.500000e+01  0.000000e+00  0.000000e+00
     vertex  6.040512e+01  4.307182e+00  0.000000e+00
     vertex  6.045103e+01  4.346367e+00  0.000000e+00
   endloop
 endfacet
 facet normal  0.000000e+00  0.000000e+00 -1.000000e+00
   outer loop
     vertex  6.500000e+01  0.000000e+00  0.000000e+00
     vertex  6.045103e+01  4.346367e+00  0.000000e+00
     vertex  6.049585e+01  4.386797e+00  0.000000e+00
   endloop
 endfacet
 facet normal  0.000000e+00  0.000000e+00 -1.000000e+00
   outer loop
     vertex  6.500000e+01  0.000000e+00  0.000000e+00
     vertex  6.049585e+01  4.386797e+00  0.000000e+00
     vertex  6.053955e+01  4.428442e+00  0.000000e+00
   endloop
 endfacet
 facet normal  0.000000e+00  0.000000e+00 -1.000000e+00
   outer loop
     vertex  6.500000e+01  0.000000e+00  0.000000e+00
     vertex  0.000000e+00  0.000000e+00  0.000000e+00
     vertex  5.802415e+01  4.028272e+00  0.000000e+00
   endloop
 endfacet
 facet normal  0.000000e+00  0.000000e+00 -1.000000e+00
   outer loop
     vertex  6.500000e+01  0.000000e+00  0.000000e+00
     vertex  5.802415e+01  4.028272e+00  0.000000e+00
     vertex  5.807861e+01  4.002243e+00  0.000000e+00
   endloop
 endfacet
 facet normal  0.000000e+00  0.000000e+00 -1.000000e+00
   outer loop
     vertex  6.500000e+01  0.000000e+00  0.000000e+00
     vertex  5.807861e+01  4.002243e+00  0.000000e+00
     vertex  5.813376e+01  3.977717e+00  0.000000e+00
   endloop
 endfacet
 facet normal  0.000000e+00  0.000000e+00 -1.000000e+00
   outer loop
     vertex  6.500000e+01  0.000000e+00  0.000000e+00
     vertex  5.813376e+01  3.977717e+00  0.000000e+00
     vertex  5.818956e+01  3.954714e+00  0.000000e+00
   endloop
 endfacet
 facet normal  0.000000e+00  0.000000e+00 -1.000000e+00
   outer loop
     vertex  6.500000e+01  0.000000e+00  0.000000e+00
     vertex  5.818956e+01  3.954714e+00  0.000000e+00
     vertex  5.824598e+01  3.933250e+00  0.000000e+00
   endloop
 endfacet
 facet normal  0.000000e+00  0.000000e+00 -1.000000e+00
   outer loop
     vertex  6.500000e+01  0.000000e+00  0.000000e+00
     vertex  5.824598e+01  3.933250e+00  0.000000e+00
     vertex  5.830296e+01  3.913342e+00  0.000000e+00
   endloop
 endfacet
 facet normal  0.000000e+00  0.000000e+00 -1.000000e+00
   outer loop
     vertex  6.500000e+01  0.000000e+00  0.000000e+00
     vertex  5.830296e+01  3.913342e+00  0.000000e+00
     vertex  5.836047e+01  3.895005e+00  0.000000e+00
   endloop
 endfacet
 facet normal  0.000000e+00  0.000000e+00 -1.000000e+00
   outer loop
     vertex  6.500000e+01  0.000000e+00  0.000000e+00
     vertex  5.836047e+01  3.895005e+00  0.000000e+00
     vertex  5.841846e+01  3.878253e+00  0.000000e+00
   endloop
 endfacet
 facet normal  0.000000e+00  0.000000e+00 -1.000000e+00
   outer loop
     vertex  6.500000e+01  0.000000e+00  0.000000e+00
     vertex  5.841846e+01  3.878253e+00  0.000000e+00
     vertex  5.847689e+01  3.863097e+00  0.000000e+00
   endloop
 endfacet
 facet normal  0.000000e+00  0.000000e+00 -1.000000e+00
   outer loop
     vertex  6.500000e+01  0.000000e+00  0.000000e+00
     vertex  5.847689e+01  3.863097e+00  0.000000e+00
     vertex  5.853571e+01  3.849550e+00  0.000000e+00
   endloop
 endfacet
 facet normal  0.000000e+00  0.000000e+00 -1.000000e+00
   outer loop
     vertex  6.500000e+01  0.000000e+00  0.000000e+00
     vertex  5.853571e+01  3.849550e+00  0.000000e+00
     vertex  5.859488e+01  3.837622e+00  0.000000e+00
   endloop
 endfacet
 facet normal  0.000000e+00  0.000000e+00 -1.000000e+00
   outer loop
     vertex  6.500000e+01  0.000000e+00  0.000000e+00
     vertex  5.859488e+01  3.837622e+00  0.000000e+00
     vertex  5.865435e+01  3.827322e+00  0.000000e+00
   endloop
 endfacet
 facet normal  0.000000e+00  0.000000e+00 -1.000000e+00
   outer loop
     vertex  6.500000e+01  0.000000e+00  0.000000e+00
     vertex  5.865435e+01  3.827322e+00  0.000000e+00
     vertex  5.871409e+01  3.818658e+00  0.000000e+00
   endloop
 endfacet
 facet normal  0.000000e+00  0.000000e+00 -1.000000e+00
   outer loop
     vertex  6.500000e+01  0.000000e+00  0.000000e+00
     vertex  5.871409e+01  3.818658e+00  0.000000e+00
     vertex  5.877404e+01  3.811635e+00  0.000000e+00
   endloop
 endfacet
 facet normal  0.000000e+00  0.000000e+00 -1.000000e+00
   outer loop
     vertex  6.500000e+01  0.000000e+00  0.000000e+00
     vertex  5.877404e+01  3.811635e+00  0.000000e+00
     vertex  5.883416e+01  3.806260e+00  0.000000e+00
   endloop
 endfacet
 facet normal  0.000000e+00  0.000000e+00 -1.000000e+00
   outer loop
     vertex  6.500000e+01  0.000000e+00  0.000000e+00
     vertex  5.883416e+01  3.806260e+00  0.000000e+00
     vertex  5.889441e+01  3.802536e+00  0.000000e+00
   endloop
 endfacet
 facet normal  0.000000e+00 -0.000000e+00 -1.000000e+00
   outer loop
     vertex  6.058208e+01  4.471269e+00  0.000000e+00
     vertex  6.500000e+01  0.000000e+00  0.000000e+00
     vertex  6.053955e+01  4.428442e+00  0.000000e+00
   endloop
 endfacet
 facet normal -0.000000e+00  0.000000e+00 -1.000000e+00
   outer loop
     vertex  4.482157e+00  6.059253e+01  0.000000e+00
     vertex  4.439039e+00  6.055029e+01  0.000000e+00
     vertex  0.000000e+00  6.500000e+01  0.000000e+00
   endloop
 endfacet
 facet normal  0.000000e+00 -0.000000e+00 -1.000000e+00
   outer loop
     vertex  6.062343e+01  4.515247e+00  0.000000e+00
     vertex  6.500000e+01  0.000000e+00  0.000000e+00
     vertex  6.058208e+01  4.471269e+00  0.000000e+00
   endloop
 endfacet
 facet normal -0.000000e+00  0.000000e+00 -1.000000e+00
   outer loop
     vertex  4.526418e+00  6.063357e+01  0.000000e+00
     vertex  4.482157e+00  6.059253e+01  0.000000e+00
     vertex  0.000000e+00  6.500000e+01  0.000000e+00
   endloop
 endfacet
 facet normal  0.000000e+00 -0.000000e+00 -1.000000e+00
   outer loop
     vertex  6.066355e+01  4.560343e+00  0.000000e+00
     vertex  6.500000e+01  0.000000e+00  0.000000e+00
     vertex  6.062343e+01  4.515247e+00  0.000000e+00
   endloop
 endfacet
 facet normal -0.000000e+00  0.000000e+00 -1.000000e+00
   outer loop
     vertex  4.571788e+00  6.067338e+01  0.000000e+00
     vertex  4.526418e+00  6.063357e+01  0.000000e+00
     vertex  0.000000e+00  6.500000e+01  0.000000e+00
   endloop
 endfacet
 facet normal  0.000000e+00 -0.000000e+00 -1.000000e+00
   outer loop
     vertex  6.070242e+01  4.606523e+00  0.000000e+00
     vertex  6.500000e+01  0.000000e+00  0.000000e+00
     vertex  6.066355e+01  4.560343e+00  0.000000e+00
   endloop
 endfacet
 facet normal -0.000000e+00  0.000000e+00 -1.000000e+00
   outer loop
     vertex  4.618233e+00  6.071193e+01  0.000000e+00
     vertex  4.571788e+00  6.067338e+01  0.000000e+00
     vertex  0.000000e+00  6.500000e+01  0.000000e+00
   endloop
 endfacet
 facet normal  0.000000e+00 -0.000000e+00 -1.000000e+00
   outer loop
     vertex  6.074000e+01  4.653752e+00  0.000000e+00
     vertex  6.500000e+01  0.000000e+00  0.000000e+00
     vertex  6.070242e+01  4.606523e+00  0.000000e+00
   endloop
 endfacet
 facet normal -0.000000e+00  0.000000e+00 -1.000000e+00
   outer loop
     vertex  4.665719e+00  6.074920e+01  0.000000e+00
     vertex  4.618233e+00  6.071193e+01  0.000000e+00
     vertex  0.000000e+00  6.500000e+01  0.000000e+00
   endloop
 endfacet
 facet normal  0.000000e+00 -0.000000e+00 -1.000000e+00
   outer loop
     vertex  6.077628e+01  4.701994e+00  0.000000e+00
     vertex  6.500000e+01  0.000000e+00  0.000000e+00
     vertex  6.074000e+01  4.653752e+00  0.000000e+00
   endloop
 endfacet
 facet normal -0.000000e+00  0.000000e+00 -1.000000e+00
   outer loop
     vertex  4.714209e+00  6.078514e+01  0.000000e+00
     vertex  4.665719e+00  6.074920e+01  0.000000e+00
     vertex  0.000000e+00  6.500000e+01  0.000000e+00
   endloop
 endfacet
 facet normal  0.000000e+00 -0.000000e+00 -1.000000e+00
   outer loop
     vertex  6.081122e+01  4.751213e+00  0.000000e+00
     vertex  6.500000e+01  0.000000e+00  0.000000e+00
     vertex  6.077628e+01  4.701994e+00  0.000000e+00
   endloop
 endfacet
 facet normal -0.000000e+00  0.000000e+00 -1.000000e+00
   outer loop
     vertex  4.763666e+00  6.081975e+01  0.000000e+00
     vertex  4.714209e+00  6.078514e+01  0.000000e+00
     vertex  0.000000e+00  6.500000e+01  0.000000e+00
   endloop
 endfacet
 facet normal  0.000000e+00 -0.000000e+00 -1.000000e+00
   outer loop
     vertex  6.084480e+01  4.801372e+00  0.000000e+00
     vertex  6.500000e+01  0.000000e+00  0.000000e+00
     vertex  6.081122e+01  4.751213e+00  0.000000e+00
   endloop
 endfacet
 facet normal -0.000000e+00  0.000000e+00 -1.000000e+00
   outer loop
     vertex  4.814055e+00  6.085298e+01  0.000000e+00
     vertex  4.763666e+00  6.081975e+01  0.000000e+00
     vertex  0.000000e+00  6.500000e+01  0.000000e+00
   endloop
 endfacet
 facet normal  0.000000e+00 -0.000000e+00 -1.000000e+00
   outer loop
     vertex  6.087699e+01  4.852434e+00  0.000000e+00
     vertex  6.500000e+01  0.000000e+00  0.000000e+00
     vertex  6.084480e+01  4.801372e+00  0.000000e+00
   endloop
 endfacet
 facet normal -0.000000e+00  0.000000e+00 -1.000000e+00
   outer loop
     vertex  4.865336e+00  6.088482e+01  0.000000e+00
     vertex  4.814055e+00  6.085298e+01  0.000000e+00
     vertex  0.000000e+00  6.500000e+01  0.000000e+00
   endloop
 endfacet
 facet normal  0.000000e+00 -0.000000e+00 -1.000000e+00
   outer loop
     vertex  6.090777e+01  4.904359e+00  0.000000e+00
     vertex  6.500000e+01  0.000000e+00  0.000000e+00
     vertex  6.087699e+01  4.852434e+00  0.000000e+00
   endloop
 endfacet
 facet normal -0.000000e+00  0.000000e+00 -1.000000e+00
   outer loop
     vertex  4.917471e+00  6.091524e+01  0.000000e+00
     vertex  4.865336e+00  6.088482e+01  0.000000e+00
     vertex  0.000000e+00  6.500000e+01  0.000000e+00
   endloop
 endfacet
 facet normal  0.000000e+00 -0.000000e+00 -1.000000e+00
   outer loop
     vertex  6.093711e+01  4.957109e+00  0.000000e+00
     vertex  6.500000e+01  0.000000e+00  0.000000e+00
     vertex  6.090777e+01  4.904359e+00  0.000000e+00
   endloop
 endfacet
 facet normal -0.000000e+00  0.000000e+00 -1.000000e+00
   outer loop
     vertex  4.970421e+00  6.094421e+01  0.000000e+00
     vertex  4.917471e+00  6.091524e+01  0.000000e+00
     vertex  0.000000e+00  6.500000e+01  0.000000e+00
   endloop
 endfacet
 facet normal  0.000000e+00 -0.000000e+00 -1.000000e+00
   outer loop
     vertex  6.096499e+01  5.010644e+00  0.000000e+00
     vertex  6.500000e+01  0.000000e+00  0.000000e+00
     vertex  6.093711e+01  4.957109e+00  0.000000e+00
   endloop
 endfacet
 facet normal -0.000000e+00  0.000000e+00 -1.000000e+00
   outer loop
     vertex  5.024146e+00  6.097173e+01  0.000000e+00
     vertex  4.970421e+00  6.094421e+01  0.000000e+00
     vertex  0.000000e+00  6.500000e+01  0.000000e+00
   endloop
 endfacet
 facet normal  0.000000e+00 -0.000000e+00 -1.000000e+00
   outer loop
     vertex  6.099139e+01  5.064924e+00  0.000000e+00
     vertex  6.500000e+01  0.000000e+00  0.000000e+00
     vertex  6.096499e+01  5.010644e+00  0.000000e+00
   endloop
 endfacet
 facet normal -0.000000e+00  0.000000e+00 -1.000000e+00
   outer loop
     vertex  5.078606e+00  6.099776e+01  0.000000e+00
     vertex  5.024146e+00  6.097173e+01  0.000000e+00
     vertex  0.000000e+00  6.500000e+01  0.000000e+00
   endloop
 endfacet
 facet normal  0.000000e+00 -0.000000e+00 -1.000000e+00
   outer loop
     vertex  6.101629e+01  5.119908e+00  0.000000e+00
     vertex  6.500000e+01  0.000000e+00  0.000000e+00
     vertex  6.099139e+01  5.064924e+00  0.000000e+00
   endloop
 endfacet
 facet normal -0.000000e+00  0.000000e+00 -1.000000e+00
   outer loop
     vertex  5.133759e+00  6.102228e+01  0.000000e+00
     vertex  5.078606e+00  6.099776e+01  0.000000e+00
     vertex  0.000000e+00  6.500000e+01  0.000000e+00
   endloop
 endfacet
 facet normal  0.000000e+00 -0.000000e+00 -1.000000e+00
   outer loop
     vertex  6.103968e+01  5.175555e+00  0.000000e+00
     vertex  6.500000e+01  0.000000e+00  0.000000e+00
     vertex  6.101629e+01  5.119908e+00  0.000000e+00
   endloop
 endfacet
 facet normal -0.000000e+00  0.000000e+00 -1.000000e+00
   outer loop
     vertex  5.189565e+00  6.104529e+01  0.000000e+00
     vertex  5.133759e+00  6.102228e+01  0.000000e+00
     vertex  0.000000e+00  6.500000e+01  0.000000e+00
   endloop
 endfacet
 facet normal  0.000000e+00 -0.000000e+00 -1.000000e+00
   outer loop
     vertex  6.106153e+01  5.231822e+00  0.000000e+00
     vertex  6.500000e+01  0.000000e+00  0.000000e+00
     vertex  6.103968e+01  5.175555e+00  0.000000e+00
   endloop
 endfacet
 facet normal -0.000000e+00  0.000000e+00 -1.000000e+00
   outer loop
     vertex  5.245980e+00  6.106675e+01  0.000000e+00
     vertex  5.189565e+00  6.104529e+01  0.000000e+00
     vertex  0.000000e+00  6.500000e+01  0.000000e+00
   endloop
 endfacet
 facet normal  0.000000e+00 -0.000000e+00 -1.000000e+00
   outer loop
     vertex  6.108183e+01  5.288667e+00  0.000000e+00
     vertex  6.500000e+01  0.000000e+00  0.000000e+00
     vertex  6.106153e+01  5.231822e+00  0.000000e+00
   endloop
 endfacet
 facet normal -0.000000e+00  0.000000e+00 -1.000000e+00
   outer loop
     vertex  5.302963e+00  6.108666e+01  0.000000e+00
     vertex  5.245980e+00  6.106675e+01  0.000000e+00
     vertex  0.000000e+00  6.500000e+01  0.000000e+00
   endloop
 endfacet
 facet normal  0.000000e+00 -0.000000e+00 -1.000000e+00
   outer loop
     vertex  6.110056e+01  5.346047e+00  0.000000e+00
     vertex  6.500000e+01  0.000000e+00  0.000000e+00
     vertex  6.108183e+01  5.288667e+00  0.000000e+00
   endloop
 endfacet
 facet normal -0.000000e+00  0.000000e+00 -1.000000e+00
   outer loop
     vertex  5.360471e+00  6.110499e+01  0.000000e+00
     vertex  5.302963e+00  6.108666e+01  0.000000e+00
     vertex  0.000000e+00  6.500000e+01  0.000000e+00
   endloop
 endfacet
 facet normal  0.000000e+00 -0.000000e+00 -1.000000e+00
   outer loop
     vertex  6.111771e+01  5.403920e+00  0.000000e+00
     vertex  6.500000e+01  0.000000e+00  0.000000e+00
     vertex  6.110056e+01  5.346047e+00  0.000000e+00
   endloop
 endfacet
 facet normal -0.000000e+00  0.000000e+00 -1.000000e+00
   outer loop
     vertex  5.418460e+00  6.112175e+01  0.000000e+00
     vertex  5.360471e+00  6.110499e+01  0.000000e+00
     vertex  0.000000e+00  6.500000e+01  0.000000e+00
   endloop
 endfacet
 facet normal  0.000000e+00 -0.000000e+00 -1.000000e+00
   outer loop
     vertex  6.113326e+01  5.462242e+00  0.000000e+00
     vertex  6.500000e+01  0.000000e+00  0.000000e+00
     vertex  6.111771e+01  5.403920e+00  0.000000e+00
   endloop
 endfacet
 facet normal -0.000000e+00  0.000000e+00 -1.000000e+00
   outer loop
     vertex  5.476887e+00  6.113690e+01  0.000000e+00
     vertex  5.418460e+00  6.112175e+01  0.000000e+00
     vertex  0.000000e+00  6.500000e+01  0.000000e+00
   endloop
 endfacet
 facet normal  0.000000e+00 -0.000000e+00 -1.000000e+00
   outer loop
     vertex  6.114721e+01  5.520969e+00  0.000000e+00
     vertex  6.500000e+01  0.000000e+00  0.000000e+00
     vertex  6.113326e+01  5.462242e+00  0.000000e+00
   endloop
 endfacet
 facet normal -0.000000e+00  0.000000e+00 -1.000000e+00
   outer loop
     vertex  5.535708e+00  6.115045e+01  0.000000e+00
     vertex  5.476887e+00  6.113690e+01  0.000000e+00
     vertex  0.000000e+00  6.500000e+01  0.000000e+00
   endloop
 endfacet
 facet normal  0.000000e+00 -0.000000e+00 -1.000000e+00
   outer loop
     vertex  6.115955e+01  5.580056e+00  0.000000e+00
     vertex  6.500000e+01  0.000000e+00  0.000000e+00
     vertex  6.114721e+01  5.520969e+00  0.000000e+00
   endloop
 endfacet
 facet normal -0.000000e+00  0.000000e+00 -1.000000e+00
   outer loop
     vertex  5.594879e+00  6.116238e+01  0.000000e+00
     vertex  5.535708e+00  6.115045e+01  0.000000e+00
     vertex  0.000000e+00  6.500000e+01  0.000000e+00
   endloop
 endfacet
 facet normal  0.000000e+00 -0.000000e+00 -1.000000e+00
   outer loop
     vertex  6.117026e+01  5.639459e+00  0.000000e+00
     vertex  6.500000e+01  0.000000e+00  0.000000e+00
     vertex  6.115955e+01  5.580056e+00  0.000000e+00
   endloop
 endfacet
 facet normal -0.000000e+00  0.000000e+00 -1.000000e+00
   outer loop
     vertex  5.654354e+00  6.117268e+01  0.000000e+00
     vertex  5.594879e+00  6.116238e+01  0.000000e+00
     vertex  0.000000e+00  6.500000e+01  0.000000e+00
   endloop
 endfacet
 facet normal  0.000000e+00 -0.000000e+00 -1.000000e+00
   outer loop
     vertex  6.117933e+01  5.699133e+00  0.000000e+00
     vertex  6.500000e+01  0.000000e+00  0.000000e+00
     vertex  6.117026e+01  5.639459e+00  0.000000e+00
   endloop
 endfacet
 facet normal -0.000000e+00  0.000000e+00 -1.000000e+00
   outer loop
     vertex  5.714089e+00  6.118134e+01  0.000000e+00
     vertex  5.654354e+00  6.117268e+01  0.000000e+00
     vertex  0.000000e+00  6.500000e+01  0.000000e+00
   endloop
 endfacet
 facet normal  0.000000e+00 -0.000000e+00 -1.000000e+00
   outer loop
     vertex  6.118676e+01  5.759035e+00  0.000000e+00
     vertex  6.500000e+01  0.000000e+00  0.000000e+00
     vertex  6.117933e+01  5.699133e+00  0.000000e+00
   endloop
 endfacet
 facet normal -0.000000e+00  0.000000e+00 -1.000000e+00
   outer loop
     vertex  5.774040e+00  6.118837e+01  0.000000e+00
     vertex  5.714089e+00  6.118134e+01  0.000000e+00
     vertex  0.000000e+00  6.500000e+01  0.000000e+00
   endloop
 endfacet
 facet normal  0.000000e+00 -0.000000e+00 -1.000000e+00
   outer loop
     vertex  6.119255e+01  5.819117e+00  0.000000e+00
     vertex  6.500000e+01  0.000000e+00  0.000000e+00
     vertex  6.118676e+01  5.759035e+00  0.000000e+00
   endloop
 endfacet
 facet normal -0.000000e+00  0.000000e+00 -1.000000e+00
   outer loop
     vertex  5.834161e+00  6.119374e+01  0.000000e+00
     vertex  5.774040e+00  6.118837e+01  0.000000e+00
     vertex  0.000000e+00  6.500000e+01  0.000000e+00
   endloop
 endfacet
 facet normal  0.000000e+00 -0.000000e+00 -1.000000e+00
   outer loop
     vertex  6.119669e+01  5.879336e+00  0.000000e+00
     vertex  6.500000e+01  0.000000e+00  0.000000e+00
     vertex  6.119255e+01  5.819117e+00  0.000000e+00
   endloop
 endfacet
 facet normal -0.000000e+00  0.000000e+00 -1.000000e+00
   outer loop
     vertex  5.894406e+00  6.119746e+01  0.000000e+00
     vertex  5.834161e+00  6.119374e+01  0.000000e+00
     vertex  0.000000e+00  6.500000e+01  0.000000e+00
   endloop
 endfacet
 facet normal  0.000000e+00 -0.000000e+00 -1.000000e+00
   outer loop
     vertex  6.119917e+01  5.939645e+00  0.000000e+00
     vertex  6.500000e+01  0.000000e+00  0.000000e+00
     vertex  6.119669e+01  5.879336e+00  0.000000e+00
   endloop
 endfacet
 facet normal -0.000000e+00  0.000000e+00 -1.000000e+00
   outer loop
     vertex  5.954731e+00  6.119953e+01  0.000000e+00
     vertex  5.894406e+00  6.119746e+01  0.000000e+00
     vertex  0.000000e+00  6.500000e+01  0.000000e+00
   endloop
 endfacet
 facet normal  0.000000e+00 -0.000000e+00 -1.000000e+00
   outer loop
     vertex  6.120000e+01  6.000000e+00  0.000000e+00
     vertex  6.500000e+01  0.000000e+00  0.000000e+00
     vertex  6.119917e+01  5.939645e+00  0.000000e+00
   endloop
 endfacet
 facet normal -0.000000e+00  0.000000e+00 -1.000000e+00
   outer loop
     vertex  6.015091e+00  6.119995e+01  0.000000e+00
     vertex  5.954731e+00  6.119953e+01  0.000000e+00
     vertex  0.000000e+00  6.500000e+01  0.000000e+00
   endloop
 endfacet
 facet normal  0.000000e+00  0.000000e+00 -1.000000e+00
   outer loop
     vertex  6.119917e+01  6.060355e+00  0.000000e+00
     vertex  6.500000e+01  0.000000e+00  0.000000e+00
     vertex  6.120000e+01  6.000000e+00  0.000000e+00
   endloop
 endfacet
 facet normal  0.000000e+00  0.000000e+00 -1.000000e+00
   outer loop
     vertex  6.075438e+00  6.119871e+01  0.000000e+00
     vertex  6.015091e+00  6.119995e+01  0.000000e+00
     vertex  0.000000e+00  6.500000e+01  0.000000e+00
   endloop
 endfacet
 facet normal  0.000000e+00  0.000000e+00 -1.000000e+00
   outer loop
     vertex  6.119669e+01  6.120664e+00  0.000000e+00
     vertex  6.500000e+01  0.000000e+00  0.000000e+00
     vertex  6.119917e+01  6.060355e+00  0.000000e+00
   endloop
 endfacet
 facet normal  0.000000e+00  0.000000e+00 -1.000000e+00
   outer loop
     vertex  6.135729e+00  6.119581e+01  0.000000e+00
     vertex  6.075438e+00  6.119871e+01  0.000000e+00
     vertex  0.000000e+00  6.500000e+01  0.000000e+00
   endloop
 endfacet
 facet normal  0.000000e+00  0.000000e+00 -1.000000e+00
   outer loop
     vertex  6.119255e+01  6.180883e+00  0.000000e+00
     vertex  6.500000e+01  0.000000e+00  0.000000e+00
     vertex  6.119669e+01  6.120664e+00  0.000000e+00
   endloop
 endfacet
 facet normal  0.000000e+00  0.000000e+00 -1.000000e+00
   outer loop
     vertex  6.195918e+00  6.119126e+01  0.000000e+00
     vertex  6.135729e+00  6.119581e+01  0.000000e+00
     vertex  0.000000e+00  6.500000e+01  0.000000e+00
   endloop
 endfacet
 facet normal  0.000000e+00  0.000000e+00 -1.000000e+00
   outer loop
     vertex  6.118676e+01  6.240965e+00  0.000000e+00
     vertex  6.500000e+01  0.000000e+00  0.000000e+00
     vertex  6.119255e+01  6.180883e+00  0.000000e+00
   endloop
 endfacet
 facet normal  0.000000e+00  0.000000e+00 -1.000000e+00
   outer loop
     vertex  6.255960e+00  6.118506e+01  0.000000e+00
     vertex  6.195918e+00  6.119126e+01  0.000000e+00
     vertex  0.000000e+00  6.500000e+01  0.000000e+00
   endloop
 endfacet
 facet normal  0.000000e+00  0.000000e+00 -1.000000e+00
   outer loop
     vertex  6.117933e+01  6.300867e+00  0.000000e+00
     vertex  6.500000e+01  0.000000e+00  0.000000e+00
     vertex  6.118676e+01  6.240965e+00  0.000000e+00
   endloop
 endfacet
 facet normal  0.000000e+00  0.000000e+00 -1.000000e+00
   outer loop
     vertex  6.315808e+00  6.117722e+01  0.000000e+00
     vertex  6.255960e+00  6.118506e+01  0.000000e+00
     vertex  0.000000e+00  6.500000e+01  0.000000e+00
   endloop
 endfacet
 facet normal  0.000000e+00  0.000000e+00 -1.000000e+00
   outer loop
     vertex  6.117026e+01  6.360541e+00  0.000000e+00
     vertex  6.500000e+01  0.000000e+00  0.000000e+00
     vertex  6.117933e+01  6.300867e+00  0.000000e+00
   endloop
 endfacet
 facet normal  0.000000e+00  0.000000e+00 -1.000000e+00
   outer loop
     vertex  6.375419e+00  6.116773e+01  0.000000e+00
     vertex  6.315808e+00  6.117722e+01  0.000000e+00
     vertex  0.000000e+00  6.500000e+01  0.000000e+00
   endloop
 endfacet
 facet normal  0.000000e+00  0.000000e+00 -1.000000e+00
   outer loop
     vertex  6.115955e+01  6.419944e+00  0.000000e+00
     vertex  6.500000e+01  0.000000e+00  0.000000e+00
     vertex  6.117026e+01  6.360541e+00  0.000000e+00
   endloop
 endfacet
 facet normal  0.000000e+00  0.000000e+00 -1.000000e+00
   outer loop
     vertex  6.434748e+00  6.115662e+01  0.000000e+00
     vertex  6.375419e+00  6.116773e+01  0.000000e+00
     vertex  0.000000e+00  6.500000e+01  0.000000e+00
   endloop
 endfacet
 facet normal  0.000000e+00  0.000000e+00 -1.000000e+00
   outer loop
     vertex  6.114721e+01  6.479031e+00  0.000000e+00
     vertex  6.500000e+01  0.000000e+00  0.000000e+00
     vertex  6.115955e+01  6.419944e+00  0.000000e+00
   endloop
 endfacet
 facet normal  0.000000e+00  0.000000e+00 -1.000000e+00
   outer loop
     vertex  6.493749e+00  6.114388e+01  0.000000e+00
     vertex  6.434748e+00  6.115662e+01  0.000000e+00
     vertex  0.000000e+00  6.500000e+01  0.000000e+00
   endloop
 endfacet
 facet normal  0.000000e+00  0.000000e+00 -1.000000e+00
   outer loop
     vertex  6.113326e+01  6.537758e+00  0.000000e+00
     vertex  6.500000e+01  0.000000e+00  0.000000e+00
     vertex  6.114721e+01  6.479031e+00  0.000000e+00
   endloop
 endfacet
 facet normal  0.000000e+00  0.000000e+00 -1.000000e+00
   outer loop
     vertex  6.552378e+00  6.112953e+01  0.000000e+00
     vertex  6.493749e+00  6.114388e+01  0.000000e+00
     vertex  0.000000e+00  6.500000e+01  0.000000e+00
   endloop
 endfacet
 facet normal  0.000000e+00  0.000000e+00 -1.000000e+00
   outer loop
     vertex  6.111771e+01  6.596080e+00  0.000000e+00
     vertex  6.500000e+01  0.000000e+00  0.000000e+00
     vertex  6.113326e+01  6.537758e+00  0.000000e+00
   endloop
 endfacet
 facet normal  0.000000e+00  0.000000e+00 -1.000000e+00
   outer loop
     vertex  6.610592e+00  6.111357e+01  0.000000e+00
     vertex  6.552378e+00  6.112953e+01  0.000000e+00
     vertex  0.000000e+00  6.500000e+01  0.000000e+00
   endloop
 endfacet
 facet normal  0.000000e+00  0.000000e+00 -1.000000e+00
   outer loop
     vertex  6.110056e+01  6.653953e+00  0.000000e+00
     vertex  6.500000e+01  0.000000e+00  0.000000e+00
     vertex  6.111771e+01  6.596080e+00  0.000000e+00
   endloop
 endfacet
 facet normal  0.000000e+00  0.000000e+00 -1.000000e+00
   outer loop
     vertex  6.668346e+00  6.109602e+01  0.000000e+00
     vertex  6.610592e+00  6.111357e+01  0.000000e+00
     vertex  0.000000e+00  6.500000e+01  0.000000e+00
   endloop
 endfacet
 facet normal  0.000000e+00  0.000000e+00 -1.000000e+00
   outer loop
     vertex  6.108183e+01  6.711333e+00  0.000000e+00
     vertex  6.500000e+01  0.000000e+00  0.000000e+00
     vertex  6.110056e+01  6.653953e+00  0.000000e+00
   endloop
 endfacet
 facet normal  0.000000e+00  0.000000e+00 -1.000000e+00
   outer loop
     vertex  6.725596e+00  6.107690e+01  0.000000e+00
     vertex  6.668346e+00  6.109602e+01  0.000000e+00
     vertex  0.000000e+00  6.500000e+01  0.000000e+00
   endloop
 endfacet
 facet normal  0.000000e+00  0.000000e+00 -1.000000e+00
   outer loop
     vertex  6.106153e+01  6.768178e+00  0.000000e+00
     vertex  6.500000e+01  0.000000e+00  0.000000e+00
     vertex  6.108183e+01  6.711333e+00  0.000000e+00
   endloop
 endfacet
 facet normal  0.000000e+00  0.000000e+00 -1.000000e+00
   outer loop
     vertex  6.782301e+00  6.105621e+01  0.000000e+00
     vertex  6.725596e+00  6.107690e+01  0.000000e+00
     vertex  0.000000e+00  6.500000e+01  0.000000e+00
   endloop
 endfacet
 facet normal  0.000000e+00  0.000000e+00 -1.000000e+00
   outer loop
     vertex  6.103968e+01  6.824445e+00  0.000000e+00
     vertex  6.500000e+01  0.000000e+00  0.000000e+00
     vertex  6.106153e+01  6.768178e+00  0.000000e+00
   endloop
 endfacet
 facet normal  0.000000e+00  0.000000e+00 -1.000000e+00
   outer loop
     vertex  6.838417e+00  6.103398e+01  0.000000e+00
     vertex  6.782301e+00  6.105621e+01  0.000000e+00
     vertex  0.000000e+00  6.500000e+01  0.000000e+00
   endloop
 endfacet
 facet normal  0.000000e+00  0.000000e+00 -1.000000e+00
   outer loop
     vertex  6.101629e+01  6.880092e+00  0.000000e+00
     vertex  6.500000e+01  0.000000e+00  0.000000e+00
     vertex  6.103968e+01  6.824445e+00  0.000000e+00
   endloop
 endfacet
 facet normal  0.000000e+00  0.000000e+00 -1.000000e+00
   outer loop
     vertex  6.893901e+00  6.101021e+01  0.000000e+00
     vertex  6.838417e+00  6.103398e+01  0.000000e+00
     vertex  0.000000e+00  6.500000e+01  0.000000e+00
   endloop
 endfacet
 facet normal  0.000000e+00  0.000000e+00 -1.000000e+00
   outer loop
     vertex  6.099139e+01  6.935076e+00  0.000000e+00
     vertex  6.500000e+01  0.000000e+00  0.000000e+00
     vertex  6.101629e+01  6.880092e+00  0.000000e+00
   endloop
 endfacet
 facet normal  0.000000e+00  0.000000e+00 -1.000000e+00
   outer loop
     vertex  6.096499e+01  6.989356e+00  0.000000e+00
     vertex  6.500000e+01  0.000000e+00  0.000000e+00
     vertex  6.099139e+01  6.935076e+00  0.000000e+00
   endloop
 endfacet
 facet normal  0.000000e+00 -0.000000e+00 -1.000000e+00
   outer loop
     vertex  5.743904e+01  5.744971e+01  0.000000e+00
     vertex  5.748216e+01  7.592530e+00  0.000000e+00
     vertex  5.743904e+01  7.550290e+00  0.000000e+00
   endloop
 endfacet
 facet normal -0.000000e+00  0.000000e+00 -1.000000e+00
   outer loop
     vertex  5.743904e+01  5.744971e+01  0.000000e+00
     vertex  7.539547e+00  5.742844e+01  0.000000e+00
     vertex  7.582082e+00  5.747127e+01  0.000000e+00
   endloop
 endfacet
 facet normal  0.000000e+00  0.000000e+00 -1.000000e+00
   outer loop
     vertex  5.743904e+01  5.744971e+01  0.000000e+00
     vertex  7.539547e+00  7.571558e+00  0.000000e+00
     vertex  7.539547e+00  5.742844e+01  0.000000e+00
   endloop
 endfacet
 facet normal  0.000000e+00  0.000000e+00 -1.000000e+00
   outer loop
     vertex  5.743904e+01  5.744971e+01  0.000000e+00
     vertex  5.743904e+01  7.550290e+00  0.000000e+00
     vertex  7.539547e+00  7.571558e+00  0.000000e+00
   endloop
 endfacet
 facet normal -0.000000e+00  0.000000e+00 -1.000000e+00
   outer loop
     vertex  5.748216e+01  5.740747e+01  0.000000e+00
     vertex  5.748216e+01  7.592530e+00  0.000000e+00
     vertex  5.743904e+01  5.744971e+01  0.000000e+00
   endloop
 endfacet
 facet normal  0.000000e+00 -0.000000e+00 -1.000000e+00
   outer loop
     vertex  5.739710e+01  5.749312e+01  0.000000e+00
     vertex  5.743904e+01  5.744971e+01  0.000000e+00
     vertex  7.582082e+00  5.747127e+01  0.000000e+00
   endloop
 endfacet
 facet normal -0.000000e+00  0.000000e+00 -1.000000e+00
   outer loop
     vertex  5.739710e+01  5.749312e+01  0.000000e+00
     vertex  7.582082e+00  5.747127e+01  0.000000e+00
     vertex  7.623425e+00  5.751525e+01  0.000000e+00
   endloop
 endfacet
 facet normal  0.000000e+00  0.000000e+00 -1.000000e+00
   outer loop
     vertex  5.752642e+01  5.736643e+01  0.000000e+00
     vertex  5.752642e+01  7.633572e+00  0.000000e+00
     vertex  5.748216e+01  7.592530e+00  0.000000e+00
   endloop
 endfacet
 facet normal -0.000000e+00  0.000000e+00 -1.000000e+00
   outer loop
     vertex  5.752642e+01  5.736643e+01  0.000000e+00
     vertex  5.748216e+01  7.592530e+00  0.000000e+00
     vertex  5.748216e+01  5.740747e+01  0.000000e+00
   endloop
 endfacet
 facet normal  0.000000e+00 -0.000000e+00 -1.000000e+00
   outer loop
     vertex  5.735636e+01  5.753766e+01  0.000000e+00
     vertex  5.739710e+01  5.749312e+01  0.000000e+00
     vertex  7.623425e+00  5.751525e+01  0.000000e+00
   endloop
 endfacet
 facet normal -0.000000e+00  0.000000e+00 -1.000000e+00
   outer loop
     vertex  5.735636e+01  5.753766e+01  0.000000e+00
     vertex  7.623425e+00  5.751525e+01  0.000000e+00
     vertex  7.663547e+00  5.756034e+01  0.000000e+00
   endloop
 endfacet
 facet normal  0.000000e+00  0.000000e+00 -1.000000e+00
   outer loop
     vertex  5.757179e+01  5.732662e+01  0.000000e+00
     vertex  5.757179e+01  7.673383e+00  0.000000e+00
     vertex  5.752642e+01  7.633572e+00  0.000000e+00
   endloop
 endfacet
 facet normal -0.000000e+00  0.000000e+00 -1.000000e+00
   outer loop
     vertex  5.757179e+01  5.732662e+01  0.000000e+00
     vertex  5.752642e+01  7.633572e+00  0.000000e+00
     vertex  5.752642e+01  5.736643e+01  0.000000e+00
   endloop
 endfacet
 facet normal -0.000000e+00  0.000000e+00 -1.000000e+00
   outer loop
     vertex  5.731686e+01  5.758330e+01  0.000000e+00
     vertex  7.663547e+00  5.756034e+01  0.000000e+00
     vertex  7.702417e+00  5.760652e+01  0.000000e+00
   endloop
 endfacet
 facet normal  0.000000e+00 -0.000000e+00 -1.000000e+00
   outer loop
     vertex  5.731686e+01  5.758330e+01  0.000000e+00
     vertex  5.735636e+01  5.753766e+01  0.000000e+00
     vertex  7.663547e+00  5.756034e+01  0.000000e+00
   endloop
 endfacet
 facet normal  0.000000e+00  0.000000e+00 -1.000000e+00
   outer loop
     vertex  5.761823e+01  5.728807e+01  0.000000e+00
     vertex  5.761823e+01  7.711935e+00  0.000000e+00
     vertex  5.757179e+01  7.673383e+00  0.000000e+00
   endloop
 endfacet
 facet normal -0.000000e+00  0.000000e+00 -1.000000e+00
   outer loop
     vertex  5.761823e+01  5.728807e+01  0.000000e+00
     vertex  5.757179e+01  7.673383e+00  0.000000e+00
     vertex  5.757179e+01  5.732662e+01  0.000000e+00
   endloop
 endfacet
 facet normal  0.000000e+00 -0.000000e+00 -1.000000e+00
   outer loop
     vertex  5.727863e+01  5.763001e+01  0.000000e+00
     vertex  5.731686e+01  5.758330e+01  0.000000e+00
     vertex  7.702417e+00  5.760652e+01  0.000000e+00
   endloop
 endfacet
 facet normal -0.000000e+00  0.000000e+00 -1.000000e+00
   outer loop
     vertex  5.727863e+01  5.763001e+01  0.000000e+00
     vertex  7.702417e+00  5.760652e+01  0.000000e+00
     vertex  7.740005e+00  5.765375e+01  0.000000e+00
   endloop
 endfacet
 facet normal  0.000000e+00 -0.000000e+00 -1.000000e+00
   outer loop
     vertex  5.766572e+01  5.725080e+01  0.000000e+00
     vertex  5.771421e+01  7.785144e+00  0.000000e+00
     vertex  5.766572e+01  7.749198e+00  0.000000e+00
   endloop
 endfacet
 facet normal  0.000000e+00  0.000000e+00 -1.000000e+00
   outer loop
     vertex  5.766572e+01  5.725080e+01  0.000000e+00
     vertex  5.766572e+01  7.749198e+00  0.000000e+00
     vertex  5.761823e+01  7.711935e+00  0.000000e+00
   endloop
 endfacet
 facet normal -0.000000e+00  0.000000e+00 -1.000000e+00
   outer loop
     vertex  5.766572e+01  5.725080e+01  0.000000e+00
     vertex  5.761823e+01  7.711935e+00  0.000000e+00
     vertex  5.761823e+01  5.728807e+01  0.000000e+00
   endloop
 endfacet
 facet normal  0.000000e+00 -0.000000e+00 -1.000000e+00
   outer loop
     vertex  5.724169e+01  5.767775e+01  0.000000e+00
     vertex  5.727863e+01  5.763001e+01  0.000000e+00
     vertex  7.740005e+00  5.765375e+01  0.000000e+00
   endloop
 endfacet
 facet normal -0.000000e+00  0.000000e+00 -1.000000e+00
   outer loop
     vertex  5.724169e+01  5.767775e+01  0.000000e+00
     vertex  7.740005e+00  5.765375e+01  0.000000e+00
     vertex  7.776283e+00  5.770199e+01  0.000000e+00
   endloop
 endfacet
 facet normal -0.000000e+00  0.000000e+00 -1.000000e+00
   outer loop
     vertex  5.771421e+01  5.721486e+01  0.000000e+00
     vertex  5.771421e+01  7.785144e+00  0.000000e+00
     vertex  5.766572e+01  5.725080e+01  0.000000e+00
   endloop
 endfacet
 facet normal  0.000000e+00 -0.000000e+00 -1.000000e+00
   outer loop
     vertex  5.720608e+01  5.772648e+01  0.000000e+00
     vertex  5.724169e+01  5.767775e+01  0.000000e+00
     vertex  7.776283e+00  5.770199e+01  0.000000e+00
   endloop
 endfacet
 facet normal -0.000000e+00  0.000000e+00 -1.000000e+00
   outer loop
     vertex  5.720608e+01  5.772648e+01  0.000000e+00
     vertex  7.776283e+00  5.770199e+01  0.000000e+00
     vertex  7.811224e+00  5.775121e+01  0.000000e+00
   endloop
 endfacet
 facet normal -0.000000e+00  0.000000e+00 -1.000000e+00
   outer loop
     vertex  5.776367e+01  5.718025e+01  0.000000e+00
     vertex  5.771421e+01  7.785144e+00  0.000000e+00
     vertex  5.771421e+01  5.721486e+01  0.000000e+00
   endloop
 endfacet
 facet normal  0.000000e+00 -0.000000e+00 -1.000000e+00
   outer loop
     vertex  5.776367e+01  5.718025e+01  0.000000e+00
     vertex  5.781405e+01  7.852980e+00  0.000000e+00
     vertex  5.776367e+01  7.819747e+00  0.000000e+00
   endloop
 endfacet
 facet normal  0.000000e+00  0.000000e+00 -1.000000e+00
   outer loop
     vertex  5.776367e+01  5.718025e+01  0.000000e+00
     vertex  5.776367e+01  7.819747e+00  0.000000e+00
     vertex  5.771421e+01  7.785144e+00  0.000000e+00
   endloop
 endfacet
 facet normal  0.000000e+00 -0.000000e+00 -1.000000e+00
   outer loop
     vertex  5.717182e+01  5.777618e+01  0.000000e+00
     vertex  5.720608e+01  5.772648e+01  0.000000e+00
     vertex  7.811224e+00  5.775121e+01  0.000000e+00
   endloop
 endfacet
 facet normal -0.000000e+00  0.000000e+00 -1.000000e+00
   outer loop
     vertex  5.717182e+01  5.777618e+01  0.000000e+00
     vertex  7.811224e+00  5.775121e+01  0.000000e+00
     vertex  7.844801e+00  5.780137e+01  0.000000e+00
   endloop
 endfacet
 facet normal -0.000000e+00  0.000000e+00 -1.000000e+00
   outer loop
     vertex  5.781405e+01  5.714702e+01  0.000000e+00
     vertex  5.781405e+01  7.852980e+00  0.000000e+00
     vertex  5.776367e+01  5.718025e+01  0.000000e+00
   endloop
 endfacet
 facet normal -0.000000e+00  0.000000e+00 -1.000000e+00
   outer loop
     vertex  5.713893e+01  5.782679e+01  0.000000e+00
     vertex  7.844801e+00  5.780137e+01  0.000000e+00
     vertex  7.876990e+00  5.785243e+01  0.000000e+00
   endloop
 endfacet
 facet normal  0.000000e+00 -0.000000e+00 -1.000000e+00
   outer loop
     vertex  5.713893e+01  5.782679e+01  0.000000e+00
     vertex  5.717182e+01  5.777618e+01  0.000000e+00
     vertex  7.844801e+00  5.780137e+01  0.000000e+00
   endloop
 endfacet
 facet normal  0.000000e+00 -0.000000e+00 -1.000000e+00
   outer loop
     vertex  5.786534e+01  5.711518e+01  0.000000e+00
     vertex  5.791747e+01  7.915236e+00  0.000000e+00
     vertex  5.786534e+01  7.884817e+00  0.000000e+00
   endloop
 endfacet
 facet normal  0.000000e+00  0.000000e+00 -1.000000e+00
   outer loop
     vertex  5.786534e+01  5.711518e+01  0.000000e+00
     vertex  5.786534e+01  7.884817e+00  0.000000e+00
     vertex  5.781405e+01  7.852980e+00  0.000000e+00
   endloop
 endfacet
 facet normal -0.000000e+00  0.000000e+00 -1.000000e+00
   outer loop
     vertex  5.786534e+01  5.711518e+01  0.000000e+00
     vertex  5.781405e+01  7.852980e+00  0.000000e+00
     vertex  5.781405e+01  5.714702e+01  0.000000e+00
   endloop
 endfacet
 facet normal -0.000000e+00  0.000000e+00 -1.000000e+00
   outer loop
     vertex  5.710744e+01  5.787829e+01  0.000000e+00
     vertex  7.876990e+00  5.785243e+01  0.000000e+00
     vertex  7.907766e+00  5.790436e+01  0.000000e+00
   endloop
 endfacet
 facet normal  0.000000e+00 -0.000000e+00 -1.000000e+00
   outer loop
     vertex  5.710744e+01  5.787829e+01  0.000000e+00
     vertex  5.713893e+01  5.782679e+01  0.000000e+00
     vertex  7.876990e+00  5.785243e+01  0.000000e+00
   endloop
 endfacet
 facet normal -0.000000e+00  0.000000e+00 -1.000000e+00
   outer loop
     vertex  5.791747e+01  5.708476e+01  0.000000e+00
     vertex  5.791747e+01  7.915236e+00  0.000000e+00
     vertex  5.786534e+01  5.711518e+01  0.000000e+00
   endloop
 endfacet
 facet normal -0.000000e+00  0.000000e+00 -1.000000e+00
   outer loop
     vertex  5.707738e+01  5.793063e+01  0.000000e+00
     vertex  7.907766e+00  5.790436e+01  0.000000e+00
     vertex  7.937106e+00  5.795711e+01  0.000000e+00
   endloop
 endfacet
 facet normal  0.000000e+00 -0.000000e+00 -1.000000e+00
   outer loop
     vertex  5.707738e+01  5.793063e+01  0.000000e+00
     vertex  5.710744e+01  5.787829e+01  0.000000e+00
     vertex  7.907766e+00  5.790436e+01  0.000000e+00
   endloop
 endfacet
 facet normal  0.000000e+00  0.000000e+00 -1.000000e+00
   outer loop
     vertex  5.797042e+01  5.705579e+01  0.000000e+00
     vertex  5.797042e+01  7.944214e+00  0.000000e+00
     vertex  5.791747e+01  7.915236e+00  0.000000e+00
   endloop
 endfacet
 facet normal -0.000000e+00  0.000000e+00 -1.000000e+00
   outer loop
     vertex  5.797042e+01  5.705579e+01  0.000000e+00
     vertex  5.791747e+01  7.915236e+00  0.000000e+00
     vertex  5.791747e+01  5.708476e+01  0.000000e+00
   endloop
 endfacet
 facet normal -0.000000e+00  0.000000e+00 -1.000000e+00
   outer loop
     vertex  5.704877e+01  5.798378e+01  0.000000e+00
     vertex  7.937106e+00  5.795711e+01  0.000000e+00
     vertex  7.964987e+00  5.801064e+01  0.000000e+00
   endloop
 endfacet
 facet normal  0.000000e+00 -0.000000e+00 -1.000000e+00
   outer loop
     vertex  5.704877e+01  5.798378e+01  0.000000e+00
     vertex  5.707738e+01  5.793063e+01  0.000000e+00
     vertex  7.937106e+00  5.795711e+01  0.000000e+00
   endloop
 endfacet
 facet normal  0.000000e+00 -0.000000e+00 -1.000000e+00
   outer loop
     vertex  5.802415e+01  5.702827e+01  0.000000e+00
     vertex  5.807861e+01  7.997757e+00  0.000000e+00
     vertex  5.802415e+01  7.971728e+00  0.000000e+00
   endloop
 endfacet
 facet normal  0.000000e+00  0.000000e+00 -1.000000e+00
   outer loop
     vertex  5.802415e+01  5.702827e+01  0.000000e+00
     vertex  5.802415e+01  7.971728e+00  0.000000e+00
     vertex  5.797042e+01  7.944214e+00  0.000000e+00
   endloop
 endfacet
 facet normal -0.000000e+00  0.000000e+00 -1.000000e+00
   outer loop
     vertex  5.802415e+01  5.702827e+01  0.000000e+00
     vertex  5.797042e+01  7.944214e+00  0.000000e+00
     vertex  5.797042e+01  5.705579e+01  0.000000e+00
   endloop
 endfacet
 facet normal  0.000000e+00 -0.000000e+00 -1.000000e+00
   outer loop
     vertex  5.702163e+01  5.803769e+01  0.000000e+00
     vertex  5.704877e+01  5.798378e+01  0.000000e+00
     vertex  7.964987e+00  5.801064e+01  0.000000e+00
   endloop
 endfacet
 facet normal -0.000000e+00  0.000000e+00 -1.000000e+00
   outer loop
     vertex  5.702163e+01  5.803769e+01  0.000000e+00
     vertex  7.964987e+00  5.801064e+01  0.000000e+00
     vertex  7.991390e+00  5.806492e+01  0.000000e+00
   endloop
 endfacet
 facet normal  0.000000e+00 -0.000000e+00 -1.000000e+00
   outer loop
     vertex  5.807861e+01  5.700224e+01  0.000000e+00
     vertex  5.813376e+01  8.022283e+00  0.000000e+00
     vertex  5.807861e+01  7.997757e+00  0.000000e+00
   endloop
 endfacet
 facet normal -0.000000e+00  0.000000e+00 -1.000000e+00
   outer loop
     vertex  5.807861e+01  5.700224e+01  0.000000e+00
     vertex  5.807861e+01  7.997757e+00  0.000000e+00
     vertex  5.802415e+01  5.702827e+01  0.000000e+00
   endloop
 endfacet
 facet normal  0.000000e+00 -0.000000e+00 -1.000000e+00
   outer loop
     vertex  5.699597e+01  5.809233e+01  0.000000e+00
     vertex  5.702163e+01  5.803769e+01  0.000000e+00
     vertex  7.991390e+00  5.806492e+01  0.000000e+00
   endloop
 endfacet
 facet normal -0.000000e+00  0.000000e+00 -1.000000e+00
   outer loop
     vertex  5.699597e+01  5.809233e+01  0.000000e+00
     vertex  7.991390e+00  5.806492e+01  0.000000e+00
     vertex  8.016293e+00  5.811991e+01  0.000000e+00
   endloop
 endfacet
 facet normal -0.000000e+00  0.000000e+00 -1.000000e+00
   outer loop
     vertex  5.813376e+01  5.697772e+01  0.000000e+00
     vertex  5.813376e+01  8.022283e+00  0.000000e+00
     vertex  5.807861e+01  5.700224e+01  0.000000e+00
   endloop
 endfacet
 facet normal  0.000000e+00 -0.000000e+00 -1.000000e+00
   outer loop
     vertex  5.697182e+01  5.814765e+01  0.000000e+00
     vertex  5.699597e+01  5.809233e+01  0.000000e+00
     vertex  8.016293e+00  5.811991e+01  0.000000e+00
   endloop
 endfacet
 facet normal -0.000000e+00  0.000000e+00 -1.000000e+00
   outer loop
     vertex  5.697182e+01  5.814765e+01  0.000000e+00
     vertex  8.016293e+00  5.811991e+01  0.000000e+00
     vertex  8.039679e+00  5.817555e+01  0.000000e+00
   endloop
 endfacet
 facet normal  0.000000e+00  0.000000e+00 -1.000000e+00
   outer loop
     vertex  5.818956e+01  5.695471e+01  0.000000e+00
     vertex  5.818956e+01  8.045286e+00  0.000000e+00
     vertex  5.813376e+01  8.022283e+00  0.000000e+00
   endloop
 endfacet
 facet normal -0.000000e+00  0.000000e+00 -1.000000e+00
   outer loop
     vertex  5.818956e+01  5.695471e+01  0.000000e+00
     vertex  5.813376e+01  8.022283e+00  0.000000e+00
     vertex  5.813376e+01  5.697772e+01  0.000000e+00
   endloop
 endfacet
 facet normal -0.000000e+00  0.000000e+00 -1.000000e+00
   outer loop
     vertex  5.694920e+01  5.820361e+01  0.000000e+00
     vertex  8.039679e+00  5.817555e+01  0.000000e+00
     vertex  8.061529e+00  5.823182e+01  0.000000e+00
   endloop
 endfacet
 facet normal  0.000000e+00 -0.000000e+00 -1.000000e+00
   outer loop
     vertex  5.694920e+01  5.820361e+01  0.000000e+00
     vertex  5.697182e+01  5.814765e+01  0.000000e+00
     vertex  8.039679e+00  5.817555e+01  0.000000e+00
   endloop
 endfacet
 facet normal  0.000000e+00  0.000000e+00 -1.000000e+00
   outer loop
     vertex  5.824598e+01  5.693325e+01  0.000000e+00
     vertex  5.824598e+01  8.066750e+00  0.000000e+00
     vertex  5.818956e+01  8.045286e+00  0.000000e+00
   endloop
 endfacet
 facet normal -0.000000e+00  0.000000e+00 -1.000000e+00
   outer loop
     vertex  5.824598e+01  5.693325e+01  0.000000e+00
     vertex  5.818956e+01  8.045286e+00  0.000000e+00
     vertex  5.818956e+01  5.695471e+01  0.000000e+00
   endloop
 endfacet
 facet normal  0.000000e+00 -0.000000e+00 -1.000000e+00
   outer loop
     vertex  5.692813e+01  5.826017e+01  0.000000e+00
     vertex  5.694920e+01  5.820361e+01  0.000000e+00
     vertex  8.061529e+00  5.823182e+01  0.000000e+00
   endloop
 endfacet
 facet normal -0.000000e+00  0.000000e+00 -1.000000e+00
   outer loop
     vertex  5.692813e+01  5.826017e+01  0.000000e+00
     vertex  8.061529e+00  5.823182e+01  0.000000e+00
     vertex  8.081827e+00  5.828867e+01  0.000000e+00
   endloop
 endfacet
 facet normal  0.000000e+00  0.000000e+00 -1.000000e+00
   outer loop
     vertex  5.830296e+01  5.691334e+01  0.000000e+00
     vertex  5.830296e+01  8.086658e+00  0.000000e+00
     vertex  5.824598e+01  8.066750e+00  0.000000e+00
   endloop
 endfacet
 facet normal -0.000000e+00  0.000000e+00 -1.000000e+00
   outer loop
     vertex  5.830296e+01  5.691334e+01  0.000000e+00
     vertex  5.824598e+01  8.066750e+00  0.000000e+00
     vertex  5.824598e+01  5.693325e+01  0.000000e+00
   endloop
 endfacet
 facet normal  0.000000e+00 -0.000000e+00 -1.000000e+00
   outer loop
     vertex  5.830296e+01  5.691334e+01  0.000000e+00
     vertex  5.836047e+01  8.104995e+00  0.000000e+00
     vertex  5.830296e+01  8.086658e+00  0.000000e+00
   endloop
 endfacet
 facet normal -0.000000e+00  0.000000e+00 -1.000000e+00
   outer loop
     vertex  5.690861e+01  5.831729e+01  0.000000e+00
     vertex  8.081827e+00  5.828867e+01  0.000000e+00
     vertex  8.100559e+00  5.834605e+01  0.000000e+00
   endloop
 endfacet
 facet normal  0.000000e+00 -0.000000e+00 -1.000000e+00
   outer loop
     vertex  5.690861e+01  5.831729e+01  0.000000e+00
     vertex  5.692813e+01  5.826017e+01  0.000000e+00
     vertex  8.081827e+00  5.828867e+01  0.000000e+00
   endloop
 endfacet
 facet normal -0.000000e+00  0.000000e+00 -1.000000e+00
   outer loop
     vertex  5.836047e+01  5.689501e+01  0.000000e+00
     vertex  5.836047e+01  8.104995e+00  0.000000e+00
     vertex  5.830296e+01  5.691334e+01  0.000000e+00
   endloop
 endfacet
 facet normal  0.000000e+00 -0.000000e+00 -1.000000e+00
   outer loop
     vertex  5.689067e+01  5.837493e+01  0.000000e+00
     vertex  5.690861e+01  5.831729e+01  0.000000e+00
     vertex  8.100559e+00  5.834605e+01  0.000000e+00
   endloop
 endfacet
 facet normal -0.000000e+00  0.000000e+00 -1.000000e+00
   outer loop
     vertex  5.689067e+01  5.837493e+01  0.000000e+00
     vertex  8.100559e+00  5.834605e+01  0.000000e+00
     vertex  8.117708e+00  5.840392e+01  0.000000e+00
   endloop
 endfacet
 facet normal -0.000000e+00  0.000000e+00 -1.000000e+00
   outer loop
     vertex  5.841846e+01  5.687825e+01  0.000000e+00
     vertex  5.836047e+01  8.104995e+00  0.000000e+00
     vertex  5.836047e+01  5.689501e+01  0.000000e+00
   endloop
 endfacet
 facet normal  0.000000e+00  0.000000e+00 -1.000000e+00
   outer loop
     vertex  5.841846e+01  5.687825e+01  0.000000e+00
     vertex  5.841846e+01  8.121747e+00  0.000000e+00
     vertex  5.836047e+01  8.104995e+00  0.000000e+00
   endloop
 endfacet
 facet normal -0.000000e+00  0.000000e+00 -1.000000e+00
   outer loop
     vertex  5.687431e+01  5.843303e+01  0.000000e+00
     vertex  8.117708e+00  5.840392e+01  0.000000e+00
     vertex  8.133264e+00  5.846224e+01  0.000000e+00
   endloop
 endfacet
 facet normal  0.000000e+00 -0.000000e+00 -1.000000e+00
   outer loop
     vertex  5.687431e+01  5.843303e+01  0.000000e+00
     vertex  5.689067e+01  5.837493e+01  0.000000e+00
     vertex  8.117708e+00  5.840392e+01  0.000000e+00
   endloop
 endfacet
 facet normal -0.000000e+00  0.000000e+00 -1.000000e+00
   outer loop
     vertex  5.847689e+01  5.686310e+01  0.000000e+00
     vertex  5.841846e+01  8.121747e+00  0.000000e+00
     vertex  5.841846e+01  5.687825e+01  0.000000e+00
   endloop
 endfacet
 facet normal  0.000000e+00  0.000000e+00 -1.000000e+00
   outer loop
     vertex  5.847689e+01  5.686310e+01  0.000000e+00
     vertex  5.847689e+01  8.136903e+00  0.000000e+00
     vertex  5.841846e+01  8.121747e+00  0.000000e+00
   endloop
 endfacet
 facet normal -0.000000e+00  0.000000e+00 -1.000000e+00
   outer loop
     vertex  5.685956e+01  5.849156e+01  0.000000e+00
     vertex  8.133264e+00  5.846224e+01  0.000000e+00
     vertex  8.147214e+00  5.852097e+01  0.000000e+00
   endloop
 endfacet
 facet normal  0.000000e+00 -0.000000e+00 -1.000000e+00
   outer loop
     vertex  5.685956e+01  5.849156e+01  0.000000e+00
     vertex  5.687431e+01  5.843303e+01  0.000000e+00
     vertex  8.133264e+00  5.846224e+01  0.000000e+00
   endloop
 endfacet
 facet normal -0.000000e+00  0.000000e+00 -1.000000e+00
   outer loop
     vertex  5.853571e+01  5.684955e+01  0.000000e+00
     vertex  5.847689e+01  8.136903e+00  0.000000e+00
     vertex  5.847689e+01  5.686310e+01  0.000000e+00
   endloop
 endfacet
 facet normal  0.000000e+00  0.000000e+00 -1.000000e+00
   outer loop
     vertex  5.853571e+01  5.684955e+01  0.000000e+00
     vertex  5.853571e+01  8.150450e+00  0.000000e+00
     vertex  5.847689e+01  8.136903e+00  0.000000e+00
   endloop
 endfacet
 facet normal -0.000000e+00  0.000000e+00 -1.000000e+00
   outer loop
     vertex  5.684642e+01  5.855047e+01  0.000000e+00
     vertex  8.147214e+00  5.852097e+01  0.000000e+00
     vertex  8.159548e+00  5.858006e+01  0.000000e+00
   endloop
 endfacet
 facet normal  0.000000e+00 -0.000000e+00 -1.000000e+00
   outer loop
     vertex  5.684642e+01  5.855047e+01  0.000000e+00
     vertex  5.685956e+01  5.849156e+01  0.000000e+00
     vertex  8.147214e+00  5.852097e+01  0.000000e+00
   endloop
 endfacet
 facet normal -0.000000e+00  0.000000e+00 -1.000000e+00
   outer loop
     vertex  5.859488e+01  5.683762e+01  0.000000e+00
     vertex  5.853571e+01  8.150450e+00  0.000000e+00
     vertex  5.853571e+01  5.684955e+01  0.000000e+00
   endloop
 endfacet
 facet normal  0.000000e+00  0.000000e+00 -1.000000e+00
   outer loop
     vertex  5.859488e+01  5.683762e+01  0.000000e+00
     vertex  5.859488e+01  8.162378e+00  0.000000e+00
     vertex  5.853571e+01  8.150450e+00  0.000000e+00
   endloop
 endfacet
 facet normal  0.000000e+00 -0.000000e+00 -1.000000e+00
   outer loop
     vertex  5.683489e+01  5.860972e+01  0.000000e+00
     vertex  5.684642e+01  5.855047e+01  0.000000e+00
     vertex  8.159548e+00  5.858006e+01  0.000000e+00
   endloop
 endfacet
 facet normal -0.000000e+00  0.000000e+00 -1.000000e+00
   outer loop
     vertex  5.683489e+01  5.860972e+01  0.000000e+00
     vertex  8.159548e+00  5.858006e+01  0.000000e+00
     vertex  8.170256e+00  5.863946e+01  0.000000e+00
   endloop
 endfacet
 facet normal -0.000000e+00  0.000000e+00 -1.000000e+00
   outer loop
     vertex  5.865435e+01  5.682732e+01  0.000000e+00
     vertex  5.859488e+01  8.162378e+00  0.000000e+00
     vertex  5.859488e+01  5.683762e+01  0.000000e+00
   endloop
 endfacet
 facet normal  0.000000e+00  0.000000e+00 -1.000000e+00
   outer loop
     vertex  5.865435e+01  5.682732e+01  0.000000e+00
     vertex  5.865435e+01  8.172678e+00  0.000000e+00
     vertex  5.859488e+01  8.162378e+00  0.000000e+00
   endloop
 endfacet
 facet normal  0.000000e+00 -0.000000e+00 -1.000000e+00
   outer loop
     vertex  5.682500e+01  5.866926e+01  0.000000e+00
     vertex  5.683489e+01  5.860972e+01  0.000000e+00
     vertex  8.170256e+00  5.863946e+01  0.000000e+00
   endloop
 endfacet
 facet normal -0.000000e+00  0.000000e+00 -1.000000e+00
   outer loop
     vertex  5.682500e+01  5.866926e+01  0.000000e+00
     vertex  8.170256e+00  5.863946e+01  0.000000e+00
     vertex  8.179330e+00  5.869913e+01  0.000000e+00
   endloop
 endfacet
 facet normal -0.000000e+00  0.000000e+00 -1.000000e+00
   outer loop
     vertex  5.871409e+01  5.681866e+01  0.000000e+00
     vertex  5.865435e+01  8.172678e+00  0.000000e+00
     vertex  5.865435e+01  5.682732e+01  0.000000e+00
   endloop
 endfacet
 facet normal  0.000000e+00  0.000000e+00 -1.000000e+00
   outer loop
     vertex  5.871409e+01  5.681866e+01  0.000000e+00
     vertex  5.871409e+01  8.181342e+00  0.000000e+00
     vertex  5.865435e+01  8.172678e+00  0.000000e+00
   endloop
 endfacet
 facet normal  0.000000e+00 -0.000000e+00 -1.000000e+00
   outer loop
     vertex  5.681675e+01  5.872906e+01  0.000000e+00
     vertex  5.682500e+01  5.866926e+01  0.000000e+00
     vertex  8.179330e+00  5.869913e+01  0.000000e+00
   endloop
 endfacet
 facet normal -0.000000e+00  0.000000e+00 -1.000000e+00
   outer loop
     vertex  5.681675e+01  5.872906e+01  0.000000e+00
     vertex  8.179330e+00  5.869913e+01  0.000000e+00
     vertex  8.186764e+00  5.875903e+01  0.000000e+00
   endloop
 endfacet
 facet normal -0.000000e+00  0.000000e+00 -1.000000e+00
   outer loop
     vertex  5.877404e+01  5.681163e+01  0.000000e+00
     vertex  5.871409e+01  8.181342e+00  0.000000e+00
     vertex  5.871409e+01  5.681866e+01  0.000000e+00
   endloop
 endfacet
 facet normal  0.000000e+00  0.000000e+00 -1.000000e+00
   outer loop
     vertex  5.877404e+01  5.681163e+01  0.000000e+00
     vertex  5.877404e+01  8.188365e+00  0.000000e+00
     vertex  5.871409e+01  8.181342e+00  0.000000e+00
   endloop
 endfacet
 facet normal  0.000000e+00 -0.000000e+00 -1.000000e+00
   outer loop
     vertex  5.681014e+01  5.878906e+01  0.000000e+00
     vertex  5.681675e+01  5.872906e+01  0.000000e+00
     vertex  8.186764e+00  5.875903e+01  0.000000e+00
   endloop
 endfacet
 facet normal -0.000000e+00  0.000000e+00 -1.000000e+00
   outer loop
     vertex  5.681014e+01  5.878906e+01  0.000000e+00
     vertex  8.186764e+00  5.875903e+01  0.000000e+00
     vertex  8.192551e+00  5.881912e+01  0.000000e+00
   endloop
 endfacet
 facet normal -0.000000e+00  0.000000e+00 -1.000000e+00
   outer loop
     vertex  5.883416e+01  5.680626e+01  0.000000e+00
     vertex  5.877404e+01  8.188365e+00  0.000000e+00
     vertex  5.877404e+01  5.681163e+01  0.000000e+00
   endloop
 endfacet
 facet normal  0.000000e+00  0.000000e+00 -1.000000e+00
   outer loop
     vertex  5.883416e+01  5.680626e+01  0.000000e+00
     vertex  5.883416e+01  8.193740e+00  0.000000e+00
     vertex  5.877404e+01  8.188365e+00  0.000000e+00
   endloop
 endfacet
 facet normal  0.000000e+00 -0.000000e+00 -1.000000e+00
   outer loop
     vertex  5.680517e+01  5.884921e+01  0.000000e+00
     vertex  5.681014e+01  5.878906e+01  0.000000e+00
     vertex  8.192551e+00  5.881912e+01  0.000000e+00
   endloop
 endfacet
 facet normal -0.000000e+00  0.000000e+00 -1.000000e+00
   outer loop
     vertex  5.680517e+01  5.884921e+01  0.000000e+00
     vertex  8.192551e+00  5.881912e+01  0.000000e+00
     vertex  8.196688e+00  5.887934e+01  0.000000e+00
   endloop
 endfacet
 facet normal -0.000000e+00  0.000000e+00 -1.000000e+00
   outer loop
     vertex  5.889441e+01  5.680254e+01  0.000000e+00
     vertex  5.883416e+01  8.193740e+00  0.000000e+00
     vertex  5.883416e+01  5.680626e+01  0.000000e+00
   endloop
 endfacet
 facet normal  0.000000e+00  0.000000e+00 -1.000000e+00
   outer loop
     vertex  5.889441e+01  5.680254e+01  0.000000e+00
     vertex  5.889441e+01  8.197464e+00  0.000000e+00
     vertex  5.883416e+01  8.193740e+00  0.000000e+00
   endloop
 endfacet
 facet normal  0.000000e+00 -0.000000e+00 -1.000000e+00
   outer loop
     vertex  5.680186e+01  5.890948e+01  0.000000e+00
     vertex  5.680517e+01  5.884921e+01  0.000000e+00
     vertex  8.196688e+00  5.887934e+01  0.000000e+00
   endloop
 endfacet
 facet normal -0.000000e+00  0.000000e+00 -1.000000e+00
   outer loop
     vertex  5.680186e+01  5.890948e+01  0.000000e+00
     vertex  8.196688e+00  5.887934e+01  0.000000e+00
     vertex  8.199172e+00  5.893965e+01  0.000000e+00
   endloop
 endfacet
 facet normal  0.000000e+00  0.000000e+00 -1.000000e+00
   outer loop
     vertex  5.895473e+01  5.680047e+01  0.000000e+00
     vertex  5.895473e+01  8.199534e+00  0.000000e+00
     vertex  5.889441e+01  8.197464e+00  0.000000e+00
   endloop
 endfacet
 facet normal -0.000000e+00  0.000000e+00 -1.000000e+00
   outer loop
     vertex  5.895473e+01  5.680047e+01  0.000000e+00
     vertex  5.889441e+01  8.197464e+00  0.000000e+00
     vertex  5.889441e+01  5.680254e+01  0.000000e+00
   endloop
 endfacet
 facet normal -0.000000e+00  0.000000e+00 -1.000000e+00
   outer loop
     vertex  5.680021e+01  5.896982e+01  0.000000e+00
     vertex  8.199172e+00  5.893965e+01  0.000000e+00
     vertex  8.200000e+00  5.900000e+01  0.000000e+00
   endloop
 endfacet
 facet normal  0.000000e+00 -0.000000e+00 -1.000000e+00
   outer loop
     vertex  5.680021e+01  5.896982e+01  0.000000e+00
     vertex  5.680186e+01  5.890948e+01  0.000000e+00
     vertex  8.199172e+00  5.893965e+01  0.000000e+00
   endloop
 endfacet
 facet normal  0.000000e+00  0.000000e+00 -1.000000e+00
   outer loop
     vertex  5.901509e+01  5.680005e+01  0.000000e+00
     vertex  5.901509e+01  8.199948e+00  0.000000e+00
     vertex  5.895473e+01  8.199534e+00  0.000000e+00
   endloop
 endfacet
 facet normal -0.000000e+00  0.000000e+00 -1.000000e+00
   outer loop
     vertex  5.901509e+01  5.680005e+01  0.000000e+00
     vertex  5.895473e+01  8.199534e+00  0.000000e+00
     vertex  5.895473e+01  5.680047e+01  0.000000e+00
   endloop
 endfacet
 facet normal  0.000000e+00 -0.000000e+00 -1.000000e+00
   outer loop
     vertex  5.680021e+01  5.903018e+01  0.000000e+00
     vertex  5.680021e+01  5.896982e+01  0.000000e+00
     vertex  8.200000e+00  5.900000e+01  0.000000e+00
   endloop
 endfacet
 facet normal -0.000000e+00  0.000000e+00 -1.000000e+00
   outer loop
     vertex  5.680021e+01  5.903018e+01  0.000000e+00
     vertex  8.200000e+00  5.900000e+01  0.000000e+00
     vertex  8.199172e+00  5.906035e+01  0.000000e+00
   endloop
 endfacet
 facet normal  0.000000e+00 -0.000000e+00 -1.000000e+00
   outer loop
     vertex  5.907544e+01  5.680129e+01  0.000000e+00
     vertex  5.913573e+01  8.195809e+00  0.000000e+00
     vertex  5.907544e+01  8.198706e+00  0.000000e+00
   endloop
 endfacet
 facet normal  0.000000e+00  0.000000e+00 -1.000000e+00
   outer loop
     vertex  5.907544e+01  5.680129e+01  0.000000e+00
     vertex  5.907544e+01  8.198706e+00  0.000000e+00
     vertex  5.901509e+01  8.199948e+00  0.000000e+00
   endloop
 endfacet
 facet normal  0.000000e+00  0.000000e+00 -1.000000e+00
   outer loop
     vertex  5.907544e+01  5.680129e+01  0.000000e+00
     vertex  5.901509e+01  8.199948e+00  0.000000e+00
     vertex  5.901509e+01  5.680005e+01  0.000000e+00
   endloop
 endfacet
 facet normal -0.000000e+00  0.000000e+00 -1.000000e+00
   outer loop
     vertex  5.680186e+01  5.909052e+01  0.000000e+00
     vertex  8.199172e+00  5.906035e+01  0.000000e+00
     vertex  8.196688e+00  5.912066e+01  0.000000e+00
   endloop
 endfacet
 facet normal  0.000000e+00  0.000000e+00 -1.000000e+00
   outer loop
     vertex  5.680186e+01  5.909052e+01  0.000000e+00
     vertex  5.680021e+01  5.903018e+01  0.000000e+00
     vertex  8.199172e+00  5.906035e+01  0.000000e+00
   endloop
 endfacet
 facet normal  0.000000e+00  0.000000e+00 -1.000000e+00
   outer loop
     vertex  5.913573e+01  5.680419e+01  0.000000e+00
     vertex  5.913573e+01  8.195809e+00  0.000000e+00
     vertex  5.907544e+01  5.680129e+01  0.000000e+00
   endloop
 endfacet
 facet normal -0.000000e+00  0.000000e+00 -1.000000e+00
   outer loop
     vertex  5.680517e+01  5.915079e+01  0.000000e+00
     vertex  8.196688e+00  5.912066e+01  0.000000e+00
     vertex  8.192551e+00  5.918088e+01  0.000000e+00
   endloop
 endfacet
 facet normal  0.000000e+00  0.000000e+00 -1.000000e+00
   outer loop
     vertex  5.680517e+01  5.915079e+01  0.000000e+00
     vertex  5.680186e+01  5.909052e+01  0.000000e+00
     vertex  8.196688e+00  5.912066e+01  0.000000e+00
   endloop
 endfacet
 facet normal  0.000000e+00  0.000000e+00 -1.000000e+00
   outer loop
     vertex  5.919592e+01  5.680874e+01  0.000000e+00
     vertex  5.913573e+01  8.195809e+00  0.000000e+00
     vertex  5.913573e+01  5.680419e+01  0.000000e+00
   endloop
 endfacet
 facet normal  0.000000e+00 -0.000000e+00 -1.000000e+00
   outer loop
     vertex  5.919592e+01  5.680874e+01  0.000000e+00
     vertex  5.925596e+01  8.185059e+00  0.000000e+00
     vertex  5.919592e+01  8.191259e+00  0.000000e+00
   endloop
 endfacet
 facet normal  0.000000e+00  0.000000e+00 -1.000000e+00
   outer loop
     vertex  5.919592e+01  5.680874e+01  0.000000e+00
     vertex  5.919592e+01  8.191259e+00  0.000000e+00
     vertex  5.913573e+01  8.195809e+00  0.000000e+00
   endloop
 endfacet
 facet normal -0.000000e+00  0.000000e+00 -1.000000e+00
   outer loop
     vertex  5.681014e+01  5.921094e+01  0.000000e+00
     vertex  8.192551e+00  5.918088e+01  0.000000e+00
     vertex  8.186764e+00  5.924097e+01  0.000000e+00
   endloop
 endfacet
 facet normal  0.000000e+00  0.000000e+00 -1.000000e+00
   outer loop
     vertex  5.681014e+01  5.921094e+01  0.000000e+00
     vertex  5.680517e+01  5.915079e+01  0.000000e+00
     vertex  8.192551e+00  5.918088e+01  0.000000e+00
   endloop
 endfacet
 facet normal  0.000000e+00  0.000000e+00 -1.000000e+00
   outer loop
     vertex  5.925596e+01  5.681494e+01  0.000000e+00
     vertex  5.925596e+01  8.185059e+00  0.000000e+00
     vertex  5.919592e+01  5.680874e+01  0.000000e+00
   endloop
 endfacet
 facet normal  0.000000e+00 -0.000000e+00 -1.000000e+00
   outer loop
     vertex  5.925596e+01  5.681494e+01  0.000000e+00
     vertex  5.931581e+01  8.177215e+00  0.000000e+00
     vertex  5.925596e+01  8.185059e+00  0.000000e+00
   endloop
 endfacet
 facet normal -0.000000e+00  0.000000e+00 -1.000000e+00
   outer loop
     vertex  5.681675e+01  5.927094e+01  0.000000e+00
     vertex  8.186764e+00  5.924097e+01  0.000000e+00
     vertex  8.179330e+00  5.930087e+01  0.000000e+00
   endloop
 endfacet
 facet normal  0.000000e+00  0.000000e+00 -1.000000e+00
   outer loop
     vertex  5.681675e+01  5.927094e+01  0.000000e+00
     vertex  5.681014e+01  5.921094e+01  0.000000e+00
     vertex  8.186764e+00  5.924097e+01  0.000000e+00
   endloop
 endfacet
 facet normal  0.000000e+00  0.000000e+00 -1.000000e+00
   outer loop
     vertex  5.931581e+01  5.682278e+01  0.000000e+00
     vertex  5.931581e+01  8.177215e+00  0.000000e+00
     vertex  5.925596e+01  5.681494e+01  0.000000e+00
   endloop
 endfacet
 facet normal  0.000000e+00 -0.000000e+00 -1.000000e+00
   outer loop
     vertex  5.931581e+01  5.682278e+01  0.000000e+00
     vertex  5.937542e+01  8.167732e+00  0.000000e+00
     vertex  5.931581e+01  8.177215e+00  0.000000e+00
   endloop
 endfacet
 facet normal  0.000000e+00  0.000000e+00 -1.000000e+00
   outer loop
     vertex  5.682500e+01  5.933074e+01  0.000000e+00
     vertex  5.681675e+01  5.927094e+01  0.000000e+00
     vertex  8.179330e+00  5.930087e+01  0.000000e+00
   endloop
 endfacet
 facet normal -0.000000e+00  0.000000e+00 -1.000000e+00
   outer loop
     vertex  5.682500e+01  5.933074e+01  0.000000e+00
     vertex  8.179330e+00  5.930087e+01  0.000000e+00
     vertex  8.170256e+00  5.936054e+01  0.000000e+00
   endloop
 endfacet
 facet normal  0.000000e+00  0.000000e+00 -1.000000e+00
   outer loop
     vertex  5.937542e+01  5.683227e+01  0.000000e+00
     vertex  5.937542e+01  8.167732e+00  0.000000e+00
     vertex  5.931581e+01  5.682278e+01  0.000000e+00
   endloop
 endfacet
 facet normal  0.000000e+00 -0.000000e+00 -1.000000e+00
   outer loop
     vertex  5.937542e+01  5.683227e+01  0.000000e+00
     vertex  5.943475e+01  8.156616e+00  0.000000e+00
     vertex  5.937542e+01  8.167732e+00  0.000000e+00
   endloop
 endfacet
 facet normal -0.000000e+00  0.000000e+00 -1.000000e+00
   outer loop
     vertex  5.683489e+01  5.939028e+01  0.000000e+00
     vertex  8.170256e+00  5.936054e+01  0.000000e+00
     vertex  8.159548e+00  5.941994e+01  0.000000e+00
   endloop
 endfacet
 facet normal  0.000000e+00  0.000000e+00 -1.000000e+00
   outer loop
     vertex  5.683489e+01  5.939028e+01  0.000000e+00
     vertex  5.682500e+01  5.933074e+01  0.000000e+00
     vertex  8.170256e+00  5.936054e+01  0.000000e+00
   endloop
 endfacet
 facet normal  0.000000e+00  0.000000e+00 -1.000000e+00
   outer loop
     vertex  5.943475e+01  5.684338e+01  0.000000e+00
     vertex  5.943475e+01  8.156616e+00  0.000000e+00
     vertex  5.937542e+01  5.683227e+01  0.000000e+00
   endloop
 endfacet
 facet normal  0.000000e+00 -0.000000e+00 -1.000000e+00
   outer loop
     vertex  5.943475e+01  5.684338e+01  0.000000e+00
     vertex  5.949375e+01  8.143878e+00  0.000000e+00
     vertex  5.943475e+01  8.156616e+00  0.000000e+00
   endloop
 endfacet
 facet normal  0.000000e+00  0.000000e+00 -1.000000e+00
   outer loop
     vertex  5.684642e+01  5.944953e+01  0.000000e+00
     vertex  5.683489e+01  5.939028e+01  0.000000e+00
     vertex  8.159548e+00  5.941994e+01  0.000000e+00
   endloop
 endfacet
 facet normal -0.000000e+00  0.000000e+00 -1.000000e+00
   outer loop
     vertex  5.684642e+01  5.944953e+01  0.000000e+00
     vertex  8.159548e+00  5.941994e+01  0.000000e+00
     vertex  8.147214e+00  5.947903e+01  0.000000e+00
   endloop
 endfacet
 facet normal  0.000000e+00  0.000000e+00 -1.000000e+00
   outer loop
     vertex  5.949375e+01  5.685612e+01  0.000000e+00
     vertex  5.949375e+01  8.143878e+00  0.000000e+00
     vertex  5.943475e+01  5.684338e+01  0.000000e+00
   endloop
 endfacet
 facet normal  0.000000e+00 -0.000000e+00 -1.000000e+00
   outer loop
     vertex  5.949375e+01  5.685612e+01  0.000000e+00
     vertex  5.955238e+01  8.129525e+00  0.000000e+00
     vertex  5.949375e+01  8.143878e+00  0.000000e+00
   endloop
 endfacet
 facet normal  0.000000e+00  0.000000e+00 -1.000000e+00
   outer loop
     vertex  5.685956e+01  5.950844e+01  0.000000e+00
     vertex  5.684642e+01  5.944953e+01  0.000000e+00
     vertex  8.147214e+00  5.947903e+01  0.000000e+00
   endloop
 endfacet
 facet normal -0.000000e+00  0.000000e+00 -1.000000e+00
   outer loop
     vertex  5.685956e+01  5.950844e+01  0.000000e+00
     vertex  8.147214e+00  5.947903e+01  0.000000e+00
     vertex  8.133264e+00  5.953776e+01  0.000000e+00
   endloop
 endfacet
 facet normal  0.000000e+00  0.000000e+00 -1.000000e+00
   outer loop
     vertex  5.955238e+01  5.687047e+01  0.000000e+00
     vertex  5.955238e+01  8.129525e+00  0.000000e+00
     vertex  5.949375e+01  5.685612e+01  0.000000e+00
   endloop
 endfacet
 facet normal  0.000000e+00 -0.000000e+00 -1.000000e+00
   outer loop
     vertex  5.955238e+01  5.687047e+01  0.000000e+00
     vertex  5.961059e+01  8.113570e+00  0.000000e+00
     vertex  5.955238e+01  8.129525e+00  0.000000e+00
   endloop
 endfacet
 facet normal -0.000000e+00  0.000000e+00 -1.000000e+00
   outer loop
     vertex  5.687431e+01  5.956697e+01  0.000000e+00
     vertex  8.133264e+00  5.953776e+01  0.000000e+00
     vertex  8.117708e+00  5.959608e+01  0.000000e+00
   endloop
 endfacet
 facet normal  0.000000e+00  0.000000e+00 -1.000000e+00
   outer loop
     vertex  5.687431e+01  5.956697e+01  0.000000e+00
     vertex  5.685956e+01  5.950844e+01  0.000000e+00
     vertex  8.133264e+00  5.953776e+01  0.000000e+00
   endloop
 endfacet
 facet normal  0.000000e+00  0.000000e+00 -1.000000e+00
   outer loop
     vertex  5.961059e+01  5.688643e+01  0.000000e+00
     vertex  5.961059e+01  8.113570e+00  0.000000e+00
     vertex  5.955238e+01  5.687047e+01  0.000000e+00
   endloop
 endfacet
 facet normal  0.000000e+00  0.000000e+00 -1.000000e+00
   outer loop
     vertex  5.689067e+01  5.962507e+01  0.000000e+00
     vertex  5.687431e+01  5.956697e+01  0.000000e+00
     vertex  8.117708e+00  5.959608e+01  0.000000e+00
   endloop
 endfacet
 facet normal -0.000000e+00  0.000000e+00 -1.000000e+00
   outer loop
     vertex  5.689067e+01  5.962507e+01  0.000000e+00
     vertex  8.117708e+00  5.959608e+01  0.000000e+00
     vertex  8.100559e+00  5.965395e+01  0.000000e+00
   endloop
 endfacet
 facet normal  0.000000e+00  0.000000e+00 -1.000000e+00
   outer loop
     vertex  5.966835e+01  5.690398e+01  0.000000e+00
     vertex  5.961059e+01  8.113570e+00  0.000000e+00
     vertex  5.961059e+01  5.688643e+01  0.000000e+00
   endloop
 endfacet
 facet normal  0.000000e+00 -0.000000e+00 -1.000000e+00
   outer loop
     vertex  5.966835e+01  5.690398e+01  0.000000e+00
     vertex  5.972560e+01  8.076899e+00  0.000000e+00
     vertex  5.966835e+01  8.096023e+00  0.000000e+00
   endloop
 endfacet
 facet normal  0.000000e+00  0.000000e+00 -1.000000e+00
   outer loop
     vertex  5.966835e+01  5.690398e+01  0.000000e+00
     vertex  5.966835e+01  8.096023e+00  0.000000e+00
     vertex  5.961059e+01  8.113570e+00  0.000000e+00
   endloop
 endfacet
 facet normal -0.000000e+00  0.000000e+00 -1.000000e+00
   outer loop
     vertex  5.690861e+01  5.968271e+01  0.000000e+00
     vertex  8.100559e+00  5.965395e+01  0.000000e+00
     vertex  8.081827e+00  5.971133e+01  0.000000e+00
   endloop
 endfacet
 facet normal  0.000000e+00  0.000000e+00 -1.000000e+00
   outer loop
     vertex  5.690861e+01  5.968271e+01  0.000000e+00
     vertex  5.689067e+01  5.962507e+01  0.000000e+00
     vertex  8.100559e+00  5.965395e+01  0.000000e+00
   endloop
 endfacet
 facet normal  0.000000e+00  0.000000e+00 -1.000000e+00
   outer loop
     vertex  5.972560e+01  5.692310e+01  0.000000e+00
     vertex  5.972560e+01  8.076899e+00  0.000000e+00
     vertex  5.966835e+01  5.690398e+01  0.000000e+00
   endloop
 endfacet
 facet normal  0.000000e+00  0.000000e+00 -1.000000e+00
   outer loop
     vertex  5.692813e+01  5.973983e+01  0.000000e+00
     vertex  5.690861e+01  5.968271e+01  0.000000e+00
     vertex  8.081827e+00  5.971133e+01  0.000000e+00
   endloop
 endfacet
 facet normal -0.000000e+00  0.000000e+00 -1.000000e+00
   outer loop
     vertex  5.692813e+01  5.973983e+01  0.000000e+00
     vertex  8.081827e+00  5.971133e+01  0.000000e+00
     vertex  8.061529e+00  5.976818e+01  0.000000e+00
   endloop
 endfacet
 facet normal  0.000000e+00  0.000000e+00 -1.000000e+00
   outer loop
     vertex  5.978230e+01  5.694379e+01  0.000000e+00
     vertex  5.972560e+01  8.076899e+00  0.000000e+00
     vertex  5.972560e+01  5.692310e+01  0.000000e+00
   endloop
 endfacet
 facet normal  0.000000e+00  0.000000e+00 -1.000000e+00
   outer loop
     vertex  5.978230e+01  5.694379e+01  0.000000e+00
     vertex  5.978230e+01  8.056211e+00  0.000000e+00
     vertex  5.972560e+01  8.076899e+00  0.000000e+00
   endloop
 endfacet
 facet normal  0.000000e+00  0.000000e+00 -1.000000e+00
   outer loop
     vertex  5.694920e+01  5.979639e+01  0.000000e+00
     vertex  5.692813e+01  5.973983e+01  0.000000e+00
     vertex  8.061529e+00  5.976818e+01  0.000000e+00
   endloop
 endfacet
 facet normal -0.000000e+00  0.000000e+00 -1.000000e+00
   outer loop
     vertex  5.694920e+01  5.979639e+01  0.000000e+00
     vertex  8.061529e+00  5.976818e+01  0.000000e+00
     vertex  8.039679e+00  5.982445e+01  0.000000e+00
   endloop
 endfacet
 facet normal  0.000000e+00  0.000000e+00 -1.000000e+00
   outer loop
     vertex  5.983842e+01  5.696602e+01  0.000000e+00
     vertex  5.978230e+01  8.056211e+00  0.000000e+00
     vertex  5.978230e+01  5.694379e+01  0.000000e+00
   endloop
 endfacet
 facet normal  0.000000e+00 -0.000000e+00 -1.000000e+00
   outer loop
     vertex  5.983842e+01  5.696602e+01  0.000000e+00
     vertex  5.989390e+01  8.010209e+00  0.000000e+00
     vertex  5.983842e+01  8.033976e+00  0.000000e+00
   endloop
 endfacet
 facet normal  0.000000e+00  0.000000e+00 -1.000000e+00
   outer loop
     vertex  5.983842e+01  5.696602e+01  0.000000e+00
     vertex  5.983842e+01  8.033976e+00  0.000000e+00
     vertex  5.978230e+01  8.056211e+00  0.000000e+00
   endloop
 endfacet
 facet normal  0.000000e+00  0.000000e+00 -1.000000e+00
   outer loop
     vertex  5.697182e+01  5.985235e+01  0.000000e+00
     vertex  5.694920e+01  5.979639e+01  0.000000e+00
     vertex  8.039679e+00  5.982445e+01  0.000000e+00
   endloop
 endfacet
 facet normal -0.000000e+00  0.000000e+00 -1.000000e+00
   outer loop
     vertex  5.697182e+01  5.985235e+01  0.000000e+00
     vertex  8.039679e+00  5.982445e+01  0.000000e+00
     vertex  8.016293e+00  5.988009e+01  0.000000e+00
   endloop
 endfacet
 facet normal  0.000000e+00  0.000000e+00 -1.000000e+00
   outer loop
     vertex  5.989390e+01  5.698979e+01  0.000000e+00
     vertex  5.989390e+01  8.010209e+00  0.000000e+00
     vertex  5.983842e+01  5.696602e+01  0.000000e+00
   endloop
 endfacet
 facet normal  0.000000e+00  0.000000e+00 -1.000000e+00
   outer loop
     vertex  5.699597e+01  5.990767e+01  0.000000e+00
     vertex  5.697182e+01  5.985235e+01  0.000000e+00
     vertex  8.016293e+00  5.988009e+01  0.000000e+00
   endloop
 endfacet
 facet normal -0.000000e+00  0.000000e+00 -1.000000e+00
   outer loop
     vertex  5.699597e+01  5.990767e+01  0.000000e+00
     vertex  8.016293e+00  5.988009e+01  0.000000e+00
     vertex  7.991390e+00  5.993508e+01  0.000000e+00
   endloop
 endfacet
 facet normal  0.000000e+00  0.000000e+00 -1.000000e+00
   outer loop
     vertex  5.994871e+01  5.701507e+01  0.000000e+00
     vertex  5.989390e+01  8.010209e+00  0.000000e+00
     vertex  5.989390e+01  5.698979e+01  0.000000e+00
   endloop
 endfacet
 facet normal  0.000000e+00  0.000000e+00 -1.000000e+00
   outer loop
     vertex  5.994871e+01  5.701507e+01  0.000000e+00
     vertex  5.994871e+01  7.984929e+00  0.000000e+00
     vertex  5.989390e+01  8.010209e+00  0.000000e+00
   endloop
 endfacet
 facet normal -0.000000e+00  0.000000e+00 -1.000000e+00
   outer loop
     vertex  5.702163e+01  5.996231e+01  0.000000e+00
     vertex  7.991390e+00  5.993508e+01  0.000000e+00
     vertex  7.964987e+00  5.998936e+01  0.000000e+00
   endloop
 endfacet
 facet normal  0.000000e+00  0.000000e+00 -1.000000e+00
   outer loop
     vertex  5.702163e+01  5.996231e+01  0.000000e+00
     vertex  5.699597e+01  5.990767e+01  0.000000e+00
     vertex  7.991390e+00  5.993508e+01  0.000000e+00
   endloop
 endfacet
 facet normal  0.000000e+00  0.000000e+00 -1.000000e+00
   outer loop
     vertex  6.000281e+01  5.704185e+01  0.000000e+00
     vertex  5.994871e+01  7.984929e+00  0.000000e+00
     vertex  5.994871e+01  5.701507e+01  0.000000e+00
   endloop
 endfacet
 facet normal  0.000000e+00 -0.000000e+00 -1.000000e+00
   outer loop
     vertex  6.000281e+01  5.704185e+01  0.000000e+00
     vertex  6.005615e+01  7.929907e+00  0.000000e+00
     vertex  6.000281e+01  7.958155e+00  0.000000e+00
   endloop
 endfacet
 facet normal  0.000000e+00  0.000000e+00 -1.000000e+00
   outer loop
     vertex  6.000281e+01  5.704185e+01  0.000000e+00
     vertex  6.000281e+01  7.958155e+00  0.000000e+00
     vertex  5.994871e+01  7.984929e+00  0.000000e+00
   endloop
 endfacet
 facet normal  0.000000e+00  0.000000e+00 -1.000000e+00
   outer loop
     vertex  5.704877e+01  6.001622e+01  0.000000e+00
     vertex  5.702163e+01  5.996231e+01  0.000000e+00
     vertex  7.964987e+00  5.998936e+01  0.000000e+00
   endloop
 endfacet
 facet normal -0.000000e+00  0.000000e+00 -1.000000e+00
   outer loop
     vertex  5.704877e+01  6.001622e+01  0.000000e+00
     vertex  7.964987e+00  5.998936e+01  0.000000e+00
     vertex  7.937106e+00  6.004289e+01  0.000000e+00
   endloop
 endfacet
 facet normal  0.000000e+00  0.000000e+00 -1.000000e+00
   outer loop
     vertex  6.005615e+01  5.707009e+01  0.000000e+00
     vertex  6.005615e+01  7.929907e+00  0.000000e+00
     vertex  6.000281e+01  5.704185e+01  0.000000e+00
   endloop
 endfacet
 facet normal -0.000000e+00  0.000000e+00 -1.000000e+00
   outer loop
     vertex  5.707738e+01  6.006937e+01  0.000000e+00
     vertex  7.937106e+00  6.004289e+01  0.000000e+00
     vertex  7.907766e+00  6.009564e+01  0.000000e+00
   endloop
 endfacet
 facet normal  0.000000e+00  0.000000e+00 -1.000000e+00
   outer loop
     vertex  5.707738e+01  6.006937e+01  0.000000e+00
     vertex  5.704877e+01  6.001622e+01  0.000000e+00
     vertex  7.937106e+00  6.004289e+01  0.000000e+00
   endloop
 endfacet
 facet normal  0.000000e+00  0.000000e+00 -1.000000e+00
   outer loop
     vertex  6.010870e+01  5.709979e+01  0.000000e+00
     vertex  6.005615e+01  7.929907e+00  0.000000e+00
     vertex  6.005615e+01  5.707009e+01  0.000000e+00
   endloop
 endfacet
 facet normal  0.000000e+00  0.000000e+00 -1.000000e+00
   outer loop
     vertex  6.010870e+01  5.709979e+01  0.000000e+00
     vertex  6.010870e+01  7.900206e+00  0.000000e+00
     vertex  6.005615e+01  7.929907e+00  0.000000e+00
   endloop
 endfacet
 facet normal  0.000000e+00  0.000000e+00 -1.000000e+00
   outer loop
     vertex  5.710744e+01  6.012171e+01  0.000000e+00
     vertex  5.707738e+01  6.006937e+01  0.000000e+00
     vertex  7.907766e+00  6.009564e+01  0.000000e+00
   endloop
 endfacet
 facet normal -0.000000e+00  0.000000e+00 -1.000000e+00
   outer loop
     vertex  5.710744e+01  6.012171e+01  0.000000e+00
     vertex  7.907766e+00  6.009564e+01  0.000000e+00
     vertex  7.876990e+00  6.014757e+01  0.000000e+00
   endloop
 endfacet
 facet normal  0.000000e+00  0.000000e+00 -1.000000e+00
   outer loop
     vertex  6.016041e+01  5.713093e+01  0.000000e+00
     vertex  6.016041e+01  7.869074e+00  0.000000e+00
     vertex  6.010870e+01  7.900206e+00  0.000000e+00
   endloop
 endfacet
 facet normal  0.000000e+00  0.000000e+00 -1.000000e+00
   outer loop
     vertex  6.016041e+01  5.713093e+01  0.000000e+00
     vertex  6.010870e+01  7.900206e+00  0.000000e+00
     vertex  6.010870e+01  5.709979e+01  0.000000e+00
   endloop
 endfacet
 facet normal  0.000000e+00  0.000000e+00 -1.000000e+00
   outer loop
     vertex  5.713893e+01  6.017321e+01  0.000000e+00
     vertex  5.710744e+01  6.012171e+01  0.000000e+00
     vertex  7.876990e+00  6.014757e+01  0.000000e+00
   endloop
 endfacet
 facet normal -0.000000e+00  0.000000e+00 -1.000000e+00
   outer loop
     vertex  5.713893e+01  6.017321e+01  0.000000e+00
     vertex  7.876990e+00  6.014757e+01  0.000000e+00
     vertex  7.844801e+00  6.019863e+01  0.000000e+00
   endloop
 endfacet
 facet normal  0.000000e+00  0.000000e+00 -1.000000e+00
   outer loop
     vertex  6.021125e+01  5.716346e+01  0.000000e+00
     vertex  6.021125e+01  7.836536e+00  0.000000e+00
     vertex  6.016041e+01  7.869074e+00  0.000000e+00
   endloop
 endfacet
 facet normal  0.000000e+00  0.000000e+00 -1.000000e+00
   outer loop
     vertex  6.021125e+01  5.716346e+01  0.000000e+00
     vertex  6.016041e+01  7.869074e+00  0.000000e+00
     vertex  6.016041e+01  5.713093e+01  0.000000e+00
   endloop
 endfacet
 facet normal  0.000000e+00  0.000000e+00 -1.000000e+00
   outer loop
     vertex  5.717182e+01  6.022382e+01  0.000000e+00
     vertex  5.713893e+01  6.017321e+01  0.000000e+00
     vertex  7.844801e+00  6.019863e+01  0.000000e+00
   endloop
 endfacet
 facet normal -0.000000e+00  0.000000e+00 -1.000000e+00
   outer loop
     vertex  5.717182e+01  6.022382e+01  0.000000e+00
     vertex  7.844801e+00  6.019863e+01  0.000000e+00
     vertex  7.811224e+00  6.024879e+01  0.000000e+00
   endloop
 endfacet
 facet normal  0.000000e+00  0.000000e+00 -1.000000e+00
   outer loop
     vertex  6.026118e+01  5.719738e+01  0.000000e+00
     vertex  6.026118e+01  7.802615e+00  0.000000e+00
     vertex  6.021125e+01  7.836536e+00  0.000000e+00
   endloop
 endfacet
 facet normal  0.000000e+00  0.000000e+00 -1.000000e+00
   outer loop
     vertex  6.026118e+01  5.719738e+01  0.000000e+00
     vertex  6.021125e+01  7.836536e+00  0.000000e+00
     vertex  6.021125e+01  5.716346e+01  0.000000e+00
   endloop
 endfacet
 facet normal  0.000000e+00  0.000000e+00 -1.000000e+00
   outer loop
     vertex  5.720608e+01  6.027352e+01  0.000000e+00
     vertex  5.717182e+01  6.022382e+01  0.000000e+00
     vertex  7.811224e+00  6.024879e+01  0.000000e+00
   endloop
 endfacet
 facet normal -0.000000e+00  0.000000e+00 -1.000000e+00
   outer loop
     vertex  5.720608e+01  6.027352e+01  0.000000e+00
     vertex  7.811224e+00  6.024879e+01  0.000000e+00
     vertex  7.776283e+00  6.029801e+01  0.000000e+00
   endloop
 endfacet
 facet normal  0.000000e+00 -0.000000e+00 -1.000000e+00
   outer loop
     vertex  6.031016e+01  5.723266e+01  0.000000e+00
     vertex  6.035815e+01  7.730729e+00  0.000000e+00
     vertex  6.031016e+01  7.767337e+00  0.000000e+00
   endloop
 endfacet
 facet normal  0.000000e+00  0.000000e+00 -1.000000e+00
   outer loop
     vertex  6.031016e+01  5.723266e+01  0.000000e+00
     vertex  6.031016e+01  7.767337e+00  0.000000e+00
     vertex  6.026118e+01  7.802615e+00  0.000000e+00
   endloop
 endfacet
 facet normal  0.000000e+00  0.000000e+00 -1.000000e+00
   outer loop
     vertex  6.031016e+01  5.723266e+01  0.000000e+00
     vertex  6.026118e+01  7.802615e+00  0.000000e+00
     vertex  6.026118e+01  5.719738e+01  0.000000e+00
   endloop
 endfacet
 facet normal  0.000000e+00  0.000000e+00 -1.000000e+00
   outer loop
     vertex  5.724169e+01  6.032225e+01  0.000000e+00
     vertex  5.720608e+01  6.027352e+01  0.000000e+00
     vertex  7.776283e+00  6.029801e+01  0.000000e+00
   endloop
 endfacet
 facet normal -0.000000e+00  0.000000e+00 -1.000000e+00
   outer loop
     vertex  5.724169e+01  6.032225e+01  0.000000e+00
     vertex  7.776283e+00  6.029801e+01  0.000000e+00
     vertex  7.740005e+00  6.034625e+01  0.000000e+00
   endloop
 endfacet
 facet normal  0.000000e+00  0.000000e+00 -1.000000e+00
   outer loop
     vertex  6.035815e+01  5.726927e+01  0.000000e+00
     vertex  6.035815e+01  7.730729e+00  0.000000e+00
     vertex  6.031016e+01  5.723266e+01  0.000000e+00
   endloop
 endfacet
 facet normal  0.000000e+00  0.000000e+00 -1.000000e+00
   outer loop
     vertex  5.727863e+01  6.036999e+01  0.000000e+00
     vertex  5.724169e+01  6.032225e+01  0.000000e+00
     vertex  7.740005e+00  6.034625e+01  0.000000e+00
   endloop
 endfacet
 facet normal -0.000000e+00  0.000000e+00 -1.000000e+00
   outer loop
     vertex  5.727863e+01  6.036999e+01  0.000000e+00
     vertex  7.740005e+00  6.034625e+01  0.000000e+00
     vertex  7.702417e+00  6.039348e+01  0.000000e+00
   endloop
 endfacet
 facet normal  0.000000e+00 -0.000000e+00 -1.000000e+00
   outer loop
     vertex  6.040512e+01  5.730718e+01  0.000000e+00
     vertex  6.045103e+01  7.653633e+00  0.000000e+00
     vertex  6.040512e+01  7.692818e+00  0.000000e+00
   endloop
 endfacet
 facet normal  0.000000e+00  0.000000e+00 -1.000000e+00
   outer loop
     vertex  6.040512e+01  5.730718e+01  0.000000e+00
     vertex  6.040512e+01  7.692818e+00  0.000000e+00
     vertex  6.035815e+01  7.730729e+00  0.000000e+00
   endloop
 endfacet
 facet normal  0.000000e+00  0.000000e+00 -1.000000e+00
   outer loop
     vertex  6.040512e+01  5.730718e+01  0.000000e+00
     vertex  6.035815e+01  7.730729e+00  0.000000e+00
     vertex  6.035815e+01  5.726927e+01  0.000000e+00
   endloop
 endfacet
 facet normal  0.000000e+00  0.000000e+00 -1.000000e+00
   outer loop
     vertex  5.731686e+01  6.041670e+01  0.000000e+00
     vertex  5.727863e+01  6.036999e+01  0.000000e+00
     vertex  7.702417e+00  6.039348e+01  0.000000e+00
   endloop
 endfacet
 facet normal -0.000000e+00  0.000000e+00 -1.000000e+00
   outer loop
     vertex  5.731686e+01  6.041670e+01  0.000000e+00
     vertex  7.702417e+00  6.039348e+01  0.000000e+00
     vertex  7.663547e+00  6.043966e+01  0.000000e+00
   endloop
 endfacet
 facet normal  0.000000e+00  0.000000e+00 -1.000000e+00
   outer loop
     vertex  6.045103e+01  5.734637e+01  0.000000e+00
     vertex  6.045103e+01  7.653633e+00  0.000000e+00
     vertex  6.040512e+01  5.730718e+01  0.000000e+00
   endloop
 endfacet
 facet normal -0.000000e+00  0.000000e+00 -1.000000e+00
   outer loop
     vertex  5.735636e+01  6.046234e+01  0.000000e+00
     vertex  7.663547e+00  6.043966e+01  0.000000e+00
     vertex  7.623425e+00  6.048475e+01  0.000000e+00
   endloop
 endfacet
 facet normal  0.000000e+00  0.000000e+00 -1.000000e+00
   outer loop
     vertex  5.735636e+01  6.046234e+01  0.000000e+00
     vertex  5.731686e+01  6.041670e+01  0.000000e+00
     vertex  7.663547e+00  6.043966e+01  0.000000e+00
   endloop
 endfacet
 facet normal  0.000000e+00  0.000000e+00 -1.000000e+00
   outer loop
     vertex  6.049585e+01  5.738680e+01  0.000000e+00
     vertex  6.049585e+01  7.613203e+00  0.000000e+00
     vertex  6.045103e+01  7.653633e+00  0.000000e+00
   endloop
 endfacet
 facet normal  0.000000e+00  0.000000e+00 -1.000000e+00
   outer loop
     vertex  6.049585e+01  5.738680e+01  0.000000e+00
     vertex  6.045103e+01  7.653633e+00  0.000000e+00
     vertex  6.045103e+01  5.734637e+01  0.000000e+00
   endloop
 endfacet
 facet normal  0.000000e+00  0.000000e+00 -1.000000e+00
   outer loop
     vertex  5.739710e+01  6.050688e+01  0.000000e+00
     vertex  5.735636e+01  6.046234e+01  0.000000e+00
     vertex  7.623425e+00  6.048475e+01  0.000000e+00
   endloop
 endfacet
 facet normal -0.000000e+00  0.000000e+00 -1.000000e+00
   outer loop
     vertex  5.739710e+01  6.050688e+01  0.000000e+00
     vertex  7.623425e+00  6.048475e+01  0.000000e+00
     vertex  7.582082e+00  6.052873e+01  0.000000e+00
   endloop
 endfacet
 facet normal  0.000000e+00  0.000000e+00 -1.000000e+00
   outer loop
     vertex  6.053955e+01  5.742844e+01  0.000000e+00
     vertex  6.049585e+01  7.613203e+00  0.000000e+00
     vertex  6.049585e+01  5.738680e+01  0.000000e+00
   endloop
 endfacet
 facet normal  0.000000e+00  0.000000e+00 -1.000000e+00
   outer loop
     vertex  6.053955e+01  5.742844e+01  0.000000e+00
     vertex  6.053955e+01  7.571558e+00  0.000000e+00
     vertex  6.049585e+01  7.613203e+00  0.000000e+00
   endloop
 endfacet
 facet normal  0.000000e+00  0.000000e+00 -1.000000e+00
   outer loop
     vertex  5.743904e+01  6.055029e+01  0.000000e+00
     vertex  5.739710e+01  6.050688e+01  0.000000e+00
     vertex  7.582082e+00  6.052873e+01  0.000000e+00
   endloop
 endfacet
 facet normal -0.000000e+00  0.000000e+00 -1.000000e+00
   outer loop
     vertex  5.743904e+01  6.055029e+01  0.000000e+00
     vertex  7.582082e+00  6.052873e+01  0.000000e+00
     vertex  7.539547e+00  6.057156e+01  0.000000e+00
   endloop
 endfacet
 facet normal  0.000000e+00  0.000000e+00 -1.000000e+00
   outer loop
     vertex  6.058208e+01  5.747127e+01  0.000000e+00
     vertex  6.053955e+01  7.571558e+00  0.000000e+00
     vertex  6.053955e+01  5.742844e+01  0.000000e+00
   endloop
 endfacet
 facet normal  0.000000e+00 -0.000000e+00 -1.000000e+00
   outer loop
     vertex  6.058208e+01  5.747127e+01  0.000000e+00
     vertex  6.062343e+01  7.484753e+00  0.000000e+00
     vertex  6.058208e+01  7.528731e+00  0.000000e+00
   endloop
 endfacet
 facet normal  0.000000e+00  0.000000e+00 -1.000000e+00
   outer loop
     vertex  6.058208e+01  5.747127e+01  0.000000e+00
     vertex  6.058208e+01  7.528731e+00  0.000000e+00
     vertex  6.053955e+01  7.571558e+00  0.000000e+00
   endloop
 endfacet
 facet normal  0.000000e+00  0.000000e+00 -1.000000e+00
   outer loop
     vertex  5.748216e+01  6.059253e+01  0.000000e+00
     vertex  5.743904e+01  6.055029e+01  0.000000e+00
     vertex  7.539547e+00  6.057156e+01  0.000000e+00
   endloop
 endfacet
 facet normal -0.000000e+00  0.000000e+00 -1.000000e+00
   outer loop
     vertex  5.748216e+01  6.059253e+01  0.000000e+00
     vertex  7.539547e+00  6.057156e+01  0.000000e+00
     vertex  7.495853e+00  6.061320e+01  0.000000e+00
   endloop
 endfacet
 facet normal  0.000000e+00  0.000000e+00 -1.000000e+00
   outer loop
     vertex  6.062343e+01  5.751525e+01  0.000000e+00
     vertex  6.062343e+01  7.484753e+00  0.000000e+00
     vertex  6.058208e+01  5.747127e+01  0.000000e+00
   endloop
 endfacet
 facet normal  0.000000e+00  0.000000e+00 -1.000000e+00
   outer loop
     vertex  5.752642e+01  6.063357e+01  0.000000e+00
     vertex  5.748216e+01  6.059253e+01  0.000000e+00
     vertex  7.495853e+00  6.061320e+01  0.000000e+00
   endloop
 endfacet
 facet normal -0.000000e+00  0.000000e+00 -1.000000e+00
   outer loop
     vertex  5.752642e+01  6.063357e+01  0.000000e+00
     vertex  7.495853e+00  6.061320e+01  0.000000e+00
     vertex  7.451033e+00  6.065363e+01  0.000000e+00
   endloop
 endfacet
 facet normal  0.000000e+00  0.000000e+00 -1.000000e+00
   outer loop
     vertex  6.066355e+01  5.756034e+01  0.000000e+00
     vertex  6.062343e+01  7.484753e+00  0.000000e+00
     vertex  6.062343e+01  5.751525e+01  0.000000e+00
   endloop
 endfacet
 facet normal  0.000000e+00  0.000000e+00 -1.000000e+00
   outer loop
     vertex  6.066355e+01  5.756034e+01  0.000000e+00
     vertex  6.066355e+01  7.439657e+00  0.000000e+00
     vertex  6.062343e+01  7.484753e+00  0.000000e+00
   endloop
 endfacet
 facet normal  0.000000e+00  0.000000e+00 -1.000000e+00
   outer loop
     vertex  5.757179e+01  6.067338e+01  0.000000e+00
     vertex  5.752642e+01  6.063357e+01  0.000000e+00
     vertex  7.451033e+00  6.065363e+01  0.000000e+00
   endloop
 endfacet
 facet normal -0.000000e+00  0.000000e+00 -1.000000e+00
   outer loop
     vertex  5.757179e+01  6.067338e+01  0.000000e+00
     vertex  7.451033e+00  6.065363e+01  0.000000e+00
     vertex  7.405121e+00  6.069282e+01  0.000000e+00
   endloop
 endfacet
 facet normal  0.000000e+00  0.000000e+00 -1.000000e+00
   outer loop
     vertex  6.070242e+01  5.760652e+01  0.000000e+00
     vertex  6.066355e+01  7.439657e+00  0.000000e+00
     vertex  6.066355e+01  5.756034e+01  0.000000e+00
   endloop
 endfacet
 facet normal  0.000000e+00 -0.000000e+00 -1.000000e+00
   outer loop
     vertex  6.070242e+01  5.760652e+01  0.000000e+00
     vertex  6.074000e+01  7.346248e+00  0.000000e+00
     vertex  6.070242e+01  7.393477e+00  0.000000e+00
   endloop
 endfacet
 facet normal  0.000000e+00  0.000000e+00 -1.000000e+00
   outer loop
     vertex  6.070242e+01  5.760652e+01  0.000000e+00
     vertex  6.070242e+01  7.393477e+00  0.000000e+00
     vertex  6.066355e+01  7.439657e+00  0.000000e+00
   endloop
 endfacet
 facet normal  0.000000e+00  0.000000e+00 -1.000000e+00
   outer loop
     vertex  6.074000e+01  5.765375e+01  0.000000e+00
     vertex  6.074000e+01  7.346248e+00  0.000000e+00
     vertex  6.070242e+01  5.760652e+01  0.000000e+00
   endloop
 endfacet
 facet normal  0.000000e+00  0.000000e+00 -1.000000e+00
   outer loop
     vertex  6.077628e+01  5.770199e+01  0.000000e+00
     vertex  6.074000e+01  7.346248e+00  0.000000e+00
     vertex  6.074000e+01  5.765375e+01  0.000000e+00
   endloop
 endfacet
 facet normal  0.000000e+00 -0.000000e+00 -1.000000e+00
   outer loop
     vertex  6.077628e+01  5.770199e+01  0.000000e+00
     vertex  6.081122e+01  7.248787e+00  0.000000e+00
     vertex  6.077628e+01  7.298006e+00  0.000000e+00
   endloop
 endfacet
 facet normal  0.000000e+00  0.000000e+00 -1.000000e+00
   outer loop
     vertex  6.077628e+01  5.770199e+01  0.000000e+00
     vertex  6.077628e+01  7.298006e+00  0.000000e+00
     vertex  6.074000e+01  7.346248e+00  0.000000e+00
   endloop
 endfacet
 facet normal  0.000000e+00  0.000000e+00 -1.000000e+00
   outer loop
     vertex  6.081122e+01  5.775121e+01  0.000000e+00
     vertex  6.081122e+01  7.248787e+00  0.000000e+00
     vertex  6.077628e+01  5.770199e+01  0.000000e+00
   endloop
 endfacet
 facet normal  0.000000e+00  0.000000e+00 -1.000000e+00
   outer loop
     vertex  6.084480e+01  5.780137e+01  0.000000e+00
     vertex  6.084480e+01  7.198628e+00  0.000000e+00
     vertex  6.081122e+01  7.248787e+00  0.000000e+00
   endloop
 endfacet
 facet normal  0.000000e+00  0.000000e+00 -1.000000e+00
   outer loop
     vertex  6.084480e+01  5.780137e+01  0.000000e+00
     vertex  6.081122e+01  7.248787e+00  0.000000e+00
     vertex  6.081122e+01  5.775121e+01  0.000000e+00
   endloop
 endfacet
 facet normal  0.000000e+00  0.000000e+00 -1.000000e+00
   outer loop
     vertex  6.087699e+01  5.785243e+01  0.000000e+00
     vertex  6.084480e+01  7.198628e+00  0.000000e+00
     vertex  6.084480e+01  5.780137e+01  0.000000e+00
   endloop
 endfacet
 facet normal  0.000000e+00  0.000000e+00 -1.000000e+00
   outer loop
     vertex  6.087699e+01  5.785243e+01  0.000000e+00
     vertex  6.087699e+01  7.147566e+00  0.000000e+00
     vertex  6.084480e+01  7.198628e+00  0.000000e+00
   endloop
 endfacet
 facet normal  0.000000e+00 -0.000000e+00 -1.000000e+00
   outer loop
     vertex  6.090777e+01  5.790436e+01  0.000000e+00
     vertex  6.093711e+01  7.042891e+00  0.000000e+00
     vertex  6.090777e+01  7.095641e+00  0.000000e+00
   endloop
 endfacet
 facet normal  0.000000e+00  0.000000e+00 -1.000000e+00
   outer loop
     vertex  6.090777e+01  5.790436e+01  0.000000e+00
     vertex  6.090777e+01  7.095641e+00  0.000000e+00
     vertex  6.087699e+01  7.147566e+00  0.000000e+00
   endloop
 endfacet
 facet normal  0.000000e+00  0.000000e+00 -1.000000e+00
   outer loop
     vertex  6.090777e+01  5.790436e+01  0.000000e+00
     vertex  6.087699e+01  7.147566e+00  0.000000e+00
     vertex  6.087699e+01  5.785243e+01  0.000000e+00
   endloop
 endfacet
 facet normal  0.000000e+00 -0.000000e+00 -1.000000e+00
   outer loop
     vertex  6.093711e+01  5.795711e+01  0.000000e+00
     vertex  6.096499e+01  6.989356e+00  0.000000e+00
     vertex  6.093711e+01  7.042891e+00  0.000000e+00
   endloop
 endfacet
 facet normal  0.000000e+00  0.000000e+00 -1.000000e+00
   outer loop
     vertex  6.093711e+01  5.795711e+01  0.000000e+00
     vertex  6.093711e+01  7.042891e+00  0.000000e+00
     vertex  6.090777e+01  5.790436e+01  0.000000e+00
   endloop
 endfacet
 facet normal  0.000000e+00  0.000000e+00 -1.000000e+00
   outer loop
     vertex  6.096499e+01  5.801064e+01  0.000000e+00
     vertex  6.096499e+01  6.989356e+00  0.000000e+00
     vertex  6.093711e+01  5.795711e+01  0.000000e+00
   endloop
 endfacet
 facet normal  0.000000e+00  0.000000e+00 -1.000000e+00
   outer loop
     vertex  6.500000e+01  6.500000e+01  0.000000e+00
     vertex  6.108183e+01  5.828867e+01  0.000000e+00
     vertex  6.110056e+01  5.834605e+01  0.000000e+00
   endloop
 endfacet
 facet normal  0.000000e+00  0.000000e+00 -1.000000e+00
   outer loop
     vertex  6.500000e+01  6.500000e+01  0.000000e+00
     vertex  6.101629e+01  5.988009e+01  0.000000e+00
     vertex  6.099139e+01  5.993508e+01  0.000000e+00
   endloop
 endfacet
 facet normal  0.000000e+00  0.000000e+00 -1.000000e+00
   outer loop
     vertex  6.500000e+01  6.500000e+01  0.000000e+00
     vertex  6.110056e+01  5.834605e+01  0.000000e+00
     vertex  6.111771e+01  5.840392e+01  0.000000e+00
   endloop
 endfacet
 facet normal  0.000000e+00  0.000000e+00 -1.000000e+00
   outer loop
     vertex  6.500000e+01  6.500000e+01  0.000000e+00
     vertex  6.099139e+01  5.993508e+01  0.000000e+00
     vertex  6.096499e+01  5.998936e+01  0.000000e+00
   endloop
 endfacet
 facet normal  0.000000e+00  0.000000e+00 -1.000000e+00
   outer loop
     vertex  6.500000e+01  6.500000e+01  0.000000e+00
     vertex  6.111771e+01  5.840392e+01  0.000000e+00
     vertex  6.113326e+01  5.846224e+01  0.000000e+00
   endloop
 endfacet
 facet normal  0.000000e+00  0.000000e+00 -1.000000e+00
   outer loop
     vertex  6.500000e+01  6.500000e+01  0.000000e+00
     vertex  6.096499e+01  5.998936e+01  0.000000e+00
     vertex  6.093711e+01  6.004289e+01  0.000000e+00
   endloop
 endfacet
 facet normal  0.000000e+00  0.000000e+00 -1.000000e+00
   outer loop
     vertex  6.500000e+01  6.500000e+01  0.000000e+00
     vertex  6.113326e+01  5.846224e+01  0.000000e+00
     vertex  6.114721e+01  5.852097e+01  0.000000e+00
   endloop
 endfacet
 facet normal  0.000000e+00  0.000000e+00 -1.000000e+00
   outer loop
     vertex  6.500000e+01  6.500000e+01  0.000000e+00
     vertex  6.093711e+01  6.004289e+01  0.000000e+00
     vertex  6.090777e+01  6.009564e+01  0.000000e+00
   endloop
 endfacet
 facet normal  0.000000e+00  0.000000e+00 -1.000000e+00
   outer loop
     vertex  6.500000e+01  6.500000e+01  0.000000e+00
     vertex  6.114721e+01  5.852097e+01  0.000000e+00
     vertex  6.115955e+01  5.858006e+01  0.000000e+00
   endloop
 endfacet
 facet normal  0.000000e+00  0.000000e+00 -1.000000e+00
   outer loop
     vertex  6.500000e+01  6.500000e+01  0.000000e+00
     vertex  6.090777e+01  6.009564e+01  0.000000e+00
     vertex  6.087699e+01  6.014757e+01  0.000000e+00
   endloop
 endfacet
 facet normal  0.000000e+00  0.000000e+00 -1.000000e+00
   outer loop
     vertex  6.500000e+01  6.500000e+01  0.000000e+00
     vertex  6.115955e+01  5.858006e+01  0.000000e+00
     vertex  6.117026e+01  5.863946e+01  0.000000e+00
   endloop
 endfacet
 facet normal  0.000000e+00  0.000000e+00 -1.000000e+00
   outer loop
     vertex  6.500000e+01  6.500000e+01  0.000000e+00
     vertex  6.087699e+01  6.014757e+01  0.000000e+00
     vertex  6.084480e+01  6.019863e+01  0.000000e+00
   endloop
 endfacet
 facet normal  0.000000e+00  0.000000e+00 -1.000000e+00
   outer loop
     vertex  6.500000e+01  6.500000e+01  0.000000e+00
     vertex  6.117026e+01  5.863946e+01  0.000000e+00
     vertex  6.117933e+01  5.869913e+01  0.000000e+00
   endloop
 endfacet
 facet normal  0.000000e+00  0.000000e+00 -1.000000e+00
   outer loop
     vertex  6.500000e+01  6.500000e+01  0.000000e+00
     vertex  6.084480e+01  6.019863e+01  0.000000e+00
     vertex  6.081122e+01  6.024879e+01  0.000000e+00
   endloop
 endfacet
 facet normal  0.000000e+00  0.000000e+00 -1.000000e+00
   outer loop
     vertex  6.500000e+01  6.500000e+01  0.000000e+00
     vertex  6.117933e+01  5.869913e+01  0.000000e+00
     vertex  6.118676e+01  5.875903e+01  0.000000e+00
   endloop
 endfacet
 facet normal  0.000000e+00  0.000000e+00 -1.000000e+00
   outer loop
     vertex  6.500000e+01  6.500000e+01  0.000000e+00
     vertex  6.081122e+01  6.024879e+01  0.000000e+00
     vertex  6.077628e+01  6.029801e+01  0.000000e+00
   endloop
 endfacet
 facet normal  0.000000e+00  0.000000e+00 -1.000000e+00
   outer loop
     vertex  6.500000e+01  6.500000e+01  0.000000e+00
     vertex  6.118676e+01  5.875903e+01  0.000000e+00
     vertex  6.119255e+01  5.881912e+01  0.000000e+00
   endloop
 endfacet
 facet normal  0.000000e+00  0.000000e+00 -1.000000e+00
   outer loop
     vertex  6.500000e+01  6.500000e+01  0.000000e+00
     vertex  6.077628e+01  6.029801e+01  0.000000e+00
     vertex  6.074000e+01  6.034625e+01  0.000000e+00
   endloop
 endfacet
 facet normal  0.000000e+00  0.000000e+00 -1.000000e+00
   outer loop
     vertex  6.500000e+01  6.500000e+01  0.000000e+00
     vertex  6.119255e+01  5.881912e+01  0.000000e+00
     vertex  6.119669e+01  5.887934e+01  0.000000e+00
   endloop
 endfacet
 facet normal  0.000000e+00  0.000000e+00 -1.000000e+00
   outer loop
     vertex  6.500000e+01  6.500000e+01  0.000000e+00
     vertex  6.074000e+01  6.034625e+01  0.000000e+00
     vertex  6.070242e+01  6.039348e+01  0.000000e+00
   endloop
 endfacet
 facet normal  0.000000e+00  0.000000e+00 -1.000000e+00
   outer loop
     vertex  6.500000e+01  6.500000e+01  0.000000e+00
     vertex  6.119669e+01  5.887934e+01  0.000000e+00
     vertex  6.119917e+01  5.893965e+01  0.000000e+00
   endloop
 endfacet
 facet normal  0.000000e+00  0.000000e+00 -1.000000e+00
   outer loop
     vertex  6.500000e+01  6.500000e+01  0.000000e+00
     vertex  6.070242e+01  6.039348e+01  0.000000e+00
     vertex  6.066355e+01  6.043966e+01  0.000000e+00
   endloop
 endfacet
 facet normal  0.000000e+00  0.000000e+00 -1.000000e+00
   outer loop
     vertex  6.500000e+01  6.500000e+01  0.000000e+00
     vertex  6.119917e+01  5.893965e+01  0.000000e+00
     vertex  6.120000e+01  5.900000e+01  0.000000e+00
   endloop
 endfacet
 facet normal  0.000000e+00  0.000000e+00 -1.000000e+00
   outer loop
     vertex  6.500000e+01  6.500000e+01  0.000000e+00
     vertex  6.066355e+01  6.043966e+01  0.000000e+00
     vertex  6.062343e+01  6.048475e+01  0.000000e+00
   endloop
 endfacet
 facet normal  0.000000e+00  0.000000e+00 -1.000000e+00
   outer loop
     vertex  6.500000e+01  6.500000e+01  0.000000e+00
     vertex  6.062343e+01  6.048475e+01  0.000000e+00
     vertex  6.058208e+01  6.052873e+01  0.000000e+00
   endloop
 endfacet
 facet normal  0.000000e+00  0.000000e+00 -1.000000e+00
   outer loop
     vertex  6.500000e+01  6.500000e+01  0.000000e+00
     vertex  6.058208e+01  6.052873e+01  0.000000e+00
     vertex  6.053955e+01  6.057156e+01  0.000000e+00
   endloop
 endfacet
 facet normal  0.000000e+00  0.000000e+00 -1.000000e+00
   outer loop
     vertex  6.500000e+01  6.500000e+01  0.000000e+00
     vertex  6.053955e+01  6.057156e+01  0.000000e+00
     vertex  6.049585e+01  6.061320e+01  0.000000e+00
   endloop
 endfacet
 facet normal  0.000000e+00  0.000000e+00 -1.000000e+00
   outer loop
     vertex  6.500000e+01  6.500000e+01  0.000000e+00
     vertex  6.049585e+01  6.061320e+01  0.000000e+00
     vertex  6.045103e+01  6.065363e+01  0.000000e+00
   endloop
 endfacet
 facet normal  0.000000e+00  0.000000e+00 -1.000000e+00
   outer loop
     vertex  6.500000e+01  6.500000e+01  0.000000e+00
     vertex  6.045103e+01  6.065363e+01  0.000000e+00
     vertex  6.040512e+01  6.069282e+01  0.000000e+00
   endloop
 endfacet
 facet normal  0.000000e+00  0.000000e+00 -1.000000e+00
   outer loop
     vertex  6.500000e+01  6.500000e+01  0.000000e+00
     vertex  6.040512e+01  6.069282e+01  0.000000e+00
     vertex  6.035815e+01  6.073073e+01  0.000000e+00
   endloop
 endfacet
 facet normal  0.000000e+00  0.000000e+00 -1.000000e+00
   outer loop
     vertex  6.500000e+01  6.500000e+01  0.000000e+00
     vertex  6.035815e+01  6.073073e+01  0.000000e+00
     vertex  6.031016e+01  6.076734e+01  0.000000e+00
   endloop
 endfacet
 facet normal  0.000000e+00  0.000000e+00 -1.000000e+00
   outer loop
     vertex  6.500000e+01  6.500000e+01  0.000000e+00
     vertex  6.031016e+01  6.076734e+01  0.000000e+00
     vertex  6.026118e+01  6.080262e+01  0.000000e+00
   endloop
 endfacet
 facet normal  0.000000e+00  0.000000e+00 -1.000000e+00
   outer loop
     vertex  6.500000e+01  6.500000e+01  0.000000e+00
     vertex  6.026118e+01  6.080262e+01  0.000000e+00
     vertex  6.021125e+01  6.083654e+01  0.000000e+00
   endloop
 endfacet
 facet normal  0.000000e+00  0.000000e+00 -1.000000e+00
   outer loop
     vertex  6.500000e+01  6.500000e+01  0.000000e+00
     vertex  6.021125e+01  6.083654e+01  0.000000e+00
     vertex  6.016041e+01  6.086907e+01  0.000000e+00
   endloop
 endfacet
 facet normal  0.000000e+00  0.000000e+00 -1.000000e+00
   outer loop
     vertex  6.500000e+01  6.500000e+01  0.000000e+00
     vertex  6.016041e+01  6.086907e+01  0.000000e+00
     vertex  6.010870e+01  6.090021e+01  0.000000e+00
   endloop
 endfacet
 facet normal  0.000000e+00  0.000000e+00 -1.000000e+00
   outer loop
     vertex  6.500000e+01  6.500000e+01  0.000000e+00
     vertex  6.010870e+01  6.090021e+01  0.000000e+00
     vertex  6.005615e+01  6.092991e+01  0.000000e+00
   endloop
 endfacet
 facet normal  0.000000e+00  0.000000e+00 -1.000000e+00
   outer loop
     vertex  6.500000e+01  6.500000e+01  0.000000e+00
     vertex  6.005615e+01  6.092991e+01  0.000000e+00
     vertex  6.000281e+01  6.095815e+01  0.000000e+00
   endloop
 endfacet
 facet normal  0.000000e+00  0.000000e+00 -1.000000e+00
   outer loop
     vertex  6.500000e+01  6.500000e+01  0.000000e+00
     vertex  6.000281e+01  6.095815e+01  0.000000e+00
     vertex  5.994871e+01  6.098493e+01  0.000000e+00
   endloop
 endfacet
 facet normal  0.000000e+00  0.000000e+00 -1.000000e+00
   outer loop
     vertex  6.500000e+01  6.500000e+01  0.000000e+00
     vertex  5.994871e+01  6.098493e+01  0.000000e+00
     vertex  5.989390e+01  6.101021e+01  0.000000e+00
   endloop
 endfacet
 facet normal  0.000000e+00  0.000000e+00 -1.000000e+00
   outer loop
     vertex  6.500000e+01  6.500000e+01  0.000000e+00
     vertex  5.989390e+01  6.101021e+01  0.000000e+00
     vertex  5.983842e+01  6.103398e+01  0.000000e+00
   endloop
 endfacet
 facet normal  0.000000e+00  0.000000e+00 -1.000000e+00
   outer loop
     vertex  6.500000e+01  6.500000e+01  0.000000e+00
     vertex  5.983842e+01  6.103398e+01  0.000000e+00
     vertex  5.978230e+01  6.105621e+01  0.000000e+00
   endloop
 endfacet
 facet normal  0.000000e+00  0.000000e+00 -1.000000e+00
   outer loop
     vertex  6.500000e+01  6.500000e+01  0.000000e+00
     vertex  5.978230e+01  6.105621e+01  0.000000e+00
     vertex  5.972560e+01  6.107690e+01  0.000000e+00
   endloop
 endfacet
 facet normal  0.000000e+00  0.000000e+00 -1.000000e+00
   outer loop
     vertex  6.500000e+01  6.500000e+01  0.000000e+00
     vertex  5.972560e+01  6.107690e+01  0.000000e+00
     vertex  5.966835e+01  6.109602e+01  0.000000e+00
   endloop
 endfacet
 facet normal  0.000000e+00  0.000000e+00 -1.000000e+00
   outer loop
     vertex  6.500000e+01  6.500000e+01  0.000000e+00
     vertex  5.966835e+01  6.109602e+01  0.000000e+00
     vertex  5.961059e+01  6.111357e+01  0.000000e+00
   endloop
 endfacet
 facet normal  0.000000e+00  0.000000e+00 -1.000000e+00
   outer loop
     vertex  6.500000e+01  6.500000e+01  0.000000e+00
     vertex  5.961059e+01  6.111357e+01  0.000000e+00
     vertex  5.955238e+01  6.112953e+01  0.000000e+00
   endloop
 endfacet
 facet normal  0.000000e+00  0.000000e+00 -1.000000e+00
   outer loop
     vertex  6.500000e+01  6.500000e+01  0.000000e+00
     vertex  5.955238e+01  6.112953e+01  0.000000e+00
     vertex  5.949375e+01  6.114388e+01  0.000000e+00
   endloop
 endfacet
 facet normal  0.000000e+00  0.000000e+00 -1.000000e+00
   outer loop
     vertex  6.500000e+01  6.500000e+01  0.000000e+00
     vertex  5.949375e+01  6.114388e+01  0.000000e+00
     vertex  5.943475e+01  6.115662e+01  0.000000e+00
   endloop
 endfacet
 facet normal  0.000000e+00  0.000000e+00 -1.000000e+00
   outer loop
     vertex  6.500000e+01  6.500000e+01  0.000000e+00
     vertex  5.943475e+01  6.115662e+01  0.000000e+00
     vertex  5.937542e+01  6.116773e+01  0.000000e+00
   endloop
 endfacet
 facet normal  0.000000e+00  0.000000e+00 -1.000000e+00
   outer loop
     vertex  6.500000e+01  6.500000e+01  0.000000e+00
     vertex  5.937542e+01  6.116773e+01  0.000000e+00
     vertex  5.931581e+01  6.117722e+01  0.000000e+00
   endloop
 endfacet
 facet normal  0.000000e+00  0.000000e+00 -1.000000e+00
   outer loop
     vertex  6.500000e+01  6.500000e+01  0.000000e+00
     vertex  5.931581e+01  6.117722e+01  0.000000e+00
     vertex  5.925596e+01  6.118506e+01  0.000000e+00
   endloop
 endfacet
 facet normal  0.000000e+00  0.000000e+00 -1.000000e+00
   outer loop
     vertex  6.500000e+01  6.500000e+01  0.000000e+00
     vertex  5.925596e+01  6.118506e+01  0.000000e+00
     vertex  5.919592e+01  6.119126e+01  0.000000e+00
   endloop
 endfacet
 facet normal  0.000000e+00  0.000000e+00 -1.000000e+00
   outer loop
     vertex  6.500000e+01  6.500000e+01  0.000000e+00
     vertex  5.919592e+01  6.119126e+01  0.000000e+00
     vertex  5.913573e+01  6.119581e+01  0.000000e+00
   endloop
 endfacet
 facet normal  0.000000e+00  0.000000e+00 -1.000000e+00
   outer loop
     vertex  6.500000e+01  6.500000e+01  0.000000e+00
     vertex  5.913573e+01  6.119581e+01  0.000000e+00
     vertex  5.907544e+01  6.119871e+01  0.000000e+00
   endloop
 endfacet
 facet normal  0.000000e+00  0.000000e+00 -1.000000e+00
   outer loop
     vertex  6.500000e+01  6.500000e+01  0.000000e+00
     vertex  5.907544e+01  6.119871e+01  0.000000e+00
     vertex  5.901509e+01  6.119995e+01  0.000000e+00
   endloop
 endfacet
 facet normal  0.000000e+00  0.000000e+00 -1.000000e+00
   outer loop
     vertex  6.500000e+01  6.500000e+01  0.000000e+00
     vertex  5.901509e+01  6.119995e+01  0.000000e+00
     vertex  5.895473e+01  6.119953e+01  0.000000e+00
   endloop
 endfacet
 facet normal  0.000000e+00  0.000000e+00 -1.000000e+00
   outer loop
     vertex  6.500000e+01  6.500000e+01  0.000000e+00
     vertex  5.895473e+01  6.119953e+01  0.000000e+00
     vertex  5.889441e+01  6.119746e+01  0.000000e+00
   endloop
 endfacet
 facet normal  0.000000e+00  0.000000e+00 -1.000000e+00
   outer loop
     vertex  6.500000e+01  6.500000e+01  0.000000e+00
     vertex  5.889441e+01  6.119746e+01  0.000000e+00
     vertex  5.883416e+01  6.119374e+01  0.000000e+00
   endloop
 endfacet
 facet normal  0.000000e+00  0.000000e+00 -1.000000e+00
   outer loop
     vertex  6.500000e+01  6.500000e+01  0.000000e+00
     vertex  5.883416e+01  6.119374e+01  0.000000e+00
     vertex  5.877404e+01  6.118837e+01  0.000000e+00
   endloop
 endfacet
 facet normal  0.000000e+00  0.000000e+00 -1.000000e+00
   outer loop
     vertex  6.500000e+01  6.500000e+01  0.000000e+00
     vertex  5.877404e+01  6.118837e+01  0.000000e+00
     vertex  5.871409e+01  6.118134e+01  0.000000e+00
   endloop
 endfacet
 facet normal  0.000000e+00  0.000000e+00 -1.000000e+00
   outer loop
     vertex  6.500000e+01  6.500000e+01  0.000000e+00
     vertex  5.871409e+01  6.118134e+01  0.000000e+00
     vertex  5.865435e+01  6.117268e+01  0.000000e+00
   endloop
 endfacet
 facet normal  0.000000e+00  0.000000e+00 -1.000000e+00
   outer loop
     vertex  6.500000e+01  6.500000e+01  0.000000e+00
     vertex  5.865435e+01  6.117268e+01  0.000000e+00
     vertex  5.859488e+01  6.116238e+01  0.000000e+00
   endloop
 endfacet
 facet normal  0.000000e+00  0.000000e+00 -1.000000e+00
   outer loop
     vertex  6.500000e+01  6.500000e+01  0.000000e+00
     vertex  5.859488e+01  6.116238e+01  0.000000e+00
     vertex  5.853571e+01  6.115045e+01  0.000000e+00
   endloop
 endfacet
 facet normal  0.000000e+00  0.000000e+00 -1.000000e+00
   outer loop
     vertex  6.500000e+01  6.500000e+01  0.000000e+00
     vertex  5.853571e+01  6.115045e+01  0.000000e+00
     vertex  5.847689e+01  6.113690e+01  0.000000e+00
   endloop
 endfacet
 facet normal  0.000000e+00  0.000000e+00 -1.000000e+00
   outer loop
     vertex  6.500000e+01  6.500000e+01  0.000000e+00
     vertex  5.847689e+01  6.113690e+01  0.000000e+00
     vertex  5.841846e+01  6.112175e+01  0.000000e+00
   endloop
 endfacet
 facet normal  0.000000e+00  0.000000e+00 -1.000000e+00
   outer loop
     vertex  6.500000e+01  6.500000e+01  0.000000e+00
     vertex  6.096499e+01  6.989356e+00  0.000000e+00
     vertex  6.096499e+01  5.801064e+01  0.000000e+00
   endloop
 endfacet
 facet normal  0.000000e+00  0.000000e+00 -1.000000e+00
   outer loop
     vertex  6.500000e+01  6.500000e+01  0.000000e+00
     vertex  5.841846e+01  6.112175e+01  0.000000e+00
     vertex  5.836047e+01  6.110499e+01  0.000000e+00
   endloop
 endfacet
 facet normal  0.000000e+00  0.000000e+00 -1.000000e+00
   outer loop
     vertex  6.500000e+01  6.500000e+01  0.000000e+00
     vertex  5.836047e+01  6.110499e+01  0.000000e+00
     vertex  5.830296e+01  6.108666e+01  0.000000e+00
   endloop
 endfacet
 facet normal  0.000000e+00 -0.000000e+00 -1.000000e+00
   outer loop
     vertex  6.500000e+01  6.500000e+01  0.000000e+00
     vertex  6.500000e+01  0.000000e+00  0.000000e+00
     vertex  6.096499e+01  6.989356e+00  0.000000e+00
   endloop
 endfacet
 facet normal  0.000000e+00  0.000000e+00 -1.000000e+00
   outer loop
     vertex  6.500000e+01  6.500000e+01  0.000000e+00
     vertex  5.830296e+01  6.108666e+01  0.000000e+00
     vertex  5.824598e+01  6.106675e+01  0.000000e+00
   endloop
 endfacet
 facet normal  0.000000e+00  0.000000e+00 -1.000000e+00
   outer loop
     vertex  6.500000e+01  6.500000e+01  0.000000e+00
     vertex  5.824598e+01  6.106675e+01  0.000000e+00
     vertex  5.818956e+01  6.104529e+01  0.000000e+00
   endloop
 endfacet
 facet normal  0.000000e+00  0.000000e+00 -1.000000e+00
   outer loop
     vertex  6.500000e+01  6.500000e+01  0.000000e+00
     vertex  5.818956e+01  6.104529e+01  0.000000e+00
     vertex  5.813376e+01  6.102228e+01  0.000000e+00
   endloop
 endfacet
 facet normal  0.000000e+00  0.000000e+00 -1.000000e+00
   outer loop
     vertex  6.500000e+01  6.500000e+01  0.000000e+00
     vertex  6.120000e+01  5.900000e+01  0.000000e+00
     vertex  6.119917e+01  5.906035e+01  0.000000e+00
   endloop
 endfacet
 facet normal  0.000000e+00  0.000000e+00 -1.000000e+00
   outer loop
     vertex  6.500000e+01  6.500000e+01  0.000000e+00
     vertex  6.119917e+01  5.906035e+01  0.000000e+00
     vertex  6.119669e+01  5.912066e+01  0.000000e+00
   endloop
 endfacet
 facet normal  0.000000e+00  0.000000e+00 -1.000000e+00
   outer loop
     vertex  6.500000e+01  6.500000e+01  0.000000e+00
     vertex  6.119669e+01  5.912066e+01  0.000000e+00
     vertex  6.119255e+01  5.918088e+01  0.000000e+00
   endloop
 endfacet
 facet normal  0.000000e+00  0.000000e+00 -1.000000e+00
   outer loop
     vertex  6.500000e+01  6.500000e+01  0.000000e+00
     vertex  6.119255e+01  5.918088e+01  0.000000e+00
     vertex  6.118676e+01  5.924097e+01  0.000000e+00
   endloop
 endfacet
 facet normal  0.000000e+00  0.000000e+00 -1.000000e+00
   outer loop
     vertex  6.500000e+01  6.500000e+01  0.000000e+00
     vertex  6.118676e+01  5.924097e+01  0.000000e+00
     vertex  6.117933e+01  5.930087e+01  0.000000e+00
   endloop
 endfacet
 facet normal  0.000000e+00  0.000000e+00 -1.000000e+00
   outer loop
     vertex  6.500000e+01  6.500000e+01  0.000000e+00
     vertex  6.117933e+01  5.930087e+01  0.000000e+00
     vertex  6.117026e+01  5.936054e+01  0.000000e+00
   endloop
 endfacet
 facet normal  0.000000e+00  0.000000e+00 -1.000000e+00
   outer loop
     vertex  6.500000e+01  6.500000e+01  0.000000e+00
     vertex  6.117026e+01  5.936054e+01  0.000000e+00
     vertex  6.115955e+01  5.941994e+01  0.000000e+00
   endloop
 endfacet
 facet normal  0.000000e+00  0.000000e+00 -1.000000e+00
   outer loop
     vertex  6.500000e+01  6.500000e+01  0.000000e+00
     vertex  6.115955e+01  5.941994e+01  0.000000e+00
     vertex  6.114721e+01  5.947903e+01  0.000000e+00
   endloop
 endfacet
 facet normal  0.000000e+00  0.000000e+00 -1.000000e+00
   outer loop
     vertex  6.500000e+01  6.500000e+01  0.000000e+00
     vertex  6.114721e+01  5.947903e+01  0.000000e+00
     vertex  6.113326e+01  5.953776e+01  0.000000e+00
   endloop
 endfacet
 facet normal  0.000000e+00  0.000000e+00 -1.000000e+00
   outer loop
     vertex  6.500000e+01  6.500000e+01  0.000000e+00
     vertex  6.113326e+01  5.953776e+01  0.000000e+00
     vertex  6.111771e+01  5.959608e+01  0.000000e+00
   endloop
 endfacet
 facet normal  0.000000e+00  0.000000e+00 -1.000000e+00
   outer loop
     vertex  6.500000e+01  6.500000e+01  0.000000e+00
     vertex  6.096499e+01  5.801064e+01  0.000000e+00
     vertex  6.099139e+01  5.806492e+01  0.000000e+00
   endloop
 endfacet
 facet normal  0.000000e+00  0.000000e+00 -1.000000e+00
   outer loop
     vertex  6.500000e+01  6.500000e+01  0.000000e+00
     vertex  6.111771e+01  5.959608e+01  0.000000e+00
     vertex  6.110056e+01  5.965395e+01  0.000000e+00
   endloop
 endfacet
 facet normal  0.000000e+00  0.000000e+00 -1.000000e+00
   outer loop
     vertex  6.500000e+01  6.500000e+01  0.000000e+00
     vertex  6.099139e+01  5.806492e+01  0.000000e+00
     vertex  6.101629e+01  5.811991e+01  0.000000e+00
   endloop
 endfacet
 facet normal  0.000000e+00  0.000000e+00 -1.000000e+00
   outer loop
     vertex  6.500000e+01  6.500000e+01  0.000000e+00
     vertex  6.110056e+01  5.965395e+01  0.000000e+00
     vertex  6.108183e+01  5.971133e+01  0.000000e+00
   endloop
 endfacet
 facet normal  0.000000e+00  0.000000e+00 -1.000000e+00
   outer loop
     vertex  6.500000e+01  6.500000e+01  0.000000e+00
     vertex  6.101629e+01  5.811991e+01  0.000000e+00
     vertex  6.103968e+01  5.817555e+01  0.000000e+00
   endloop
 endfacet
 facet normal  0.000000e+00  0.000000e+00 -1.000000e+00
   outer loop
     vertex  6.500000e+01  6.500000e+01  0.000000e+00
     vertex  6.108183e+01  5.971133e+01  0.000000e+00
     vertex  6.106153e+01  5.976818e+01  0.000000e+00
   endloop
 endfacet
 facet normal  0.000000e+00  0.000000e+00 -1.000000e+00
   outer loop
     vertex  6.500000e+01  6.500000e+01  0.000000e+00
     vertex  6.103968e+01  5.817555e+01  0.000000e+00
     vertex  6.106153e+01  5.823182e+01  0.000000e+00
   endloop
 endfacet
 facet normal  0.000000e+00  0.000000e+00 -1.000000e+00
   outer loop
     vertex  6.500000e+01  6.500000e+01  0.000000e+00
     vertex  6.106153e+01  5.976818e+01  0.000000e+00
     vertex  6.103968e+01  5.982445e+01  0.000000e+00
   endloop
 endfacet
 facet normal  0.000000e+00  0.000000e+00 -1.000000e+00
   outer loop
     vertex  6.500000e+01  6.500000e+01  0.000000e+00
     vertex  6.106153e+01  5.823182e+01  0.000000e+00
     vertex  6.108183e+01  5.828867e+01  0.000000e+00
   endloop
 endfacet
 facet normal  0.000000e+00  0.000000e+00 -1.000000e+00
   outer loop
     vertex  6.500000e+01  6.500000e+01  0.000000e+00
     vertex  6.103968e+01  5.982445e+01  0.000000e+00
     vertex  6.101629e+01  5.988009e+01  0.000000e+00
   endloop
 endfacet
 facet normal -0.000000e+00  0.000000e+00 -1.000000e+00
   outer loop
     vertex  6.500000e+01  6.500000e+01  0.000000e+00
     vertex  5.813376e+01  6.102228e+01  0.000000e+00
     vertex  0.000000e+00  6.500000e+01  0.000000e+00
   endloop
 endfacet
 facet normal -0.000000e+00  0.000000e+00 -1.000000e+00
   outer loop
     vertex  5.813376e+01  6.102228e+01  0.000000e+00
     vertex  5.807861e+01  6.099776e+01  0.000000e+00
     vertex  0.000000e+00  6.500000e+01  0.000000e+00
   endloop
 endfacet
 facet normal -0.000000e+00  0.000000e+00 -1.000000e+00
   outer loop
     vertex  5.807861e+01  6.099776e+01  0.000000e+00
     vertex  5.802415e+01  6.097173e+01  0.000000e+00
     vertex  0.000000e+00  6.500000e+01  0.000000e+00
   endloop
 endfacet
 facet normal -0.000000e+00  0.000000e+00 -1.000000e+00
   outer loop
     vertex  5.802415e+01  6.097173e+01  0.000000e+00
     vertex  5.797042e+01  6.094421e+01  0.000000e+00
     vertex  0.000000e+00  6.500000e+01  0.000000e+00
   endloop
 endfacet
 facet normal -0.000000e+00  0.000000e+00 -1.000000e+00
   outer loop
     vertex  5.797042e+01  6.094421e+01  0.000000e+00
     vertex  5.791747e+01  6.091524e+01  0.000000e+00
     vertex  0.000000e+00  6.500000e+01  0.000000e+00
   endloop
 endfacet
 facet normal -0.000000e+00  0.000000e+00 -1.000000e+00
   outer loop
     vertex  5.791747e+01  6.091524e+01  0.000000e+00
     vertex  5.786534e+01  6.088482e+01  0.000000e+00
     vertex  0.000000e+00  6.500000e+01  0.000000e+00
   endloop
 endfacet
 facet normal -0.000000e+00  0.000000e+00 -1.000000e+00
   outer loop
     vertex  5.786534e+01  6.088482e+01  0.000000e+00
     vertex  5.781405e+01  6.085298e+01  0.000000e+00
     vertex  0.000000e+00  6.500000e+01  0.000000e+00
   endloop
 endfacet
 facet normal -0.000000e+00  0.000000e+00 -1.000000e+00
   outer loop
     vertex  5.781405e+01  6.085298e+01  0.000000e+00
     vertex  5.776367e+01  6.081975e+01  0.000000e+00
     vertex  0.000000e+00  6.500000e+01  0.000000e+00
   endloop
 endfacet
 facet normal -0.000000e+00  0.000000e+00 -1.000000e+00
   outer loop
     vertex  5.776367e+01  6.081975e+01  0.000000e+00
     vertex  5.771421e+01  6.078514e+01  0.000000e+00
     vertex  0.000000e+00  6.500000e+01  0.000000e+00
   endloop
 endfacet
 facet normal -0.000000e+00  0.000000e+00 -1.000000e+00
   outer loop
     vertex  5.771421e+01  6.078514e+01  0.000000e+00
     vertex  5.766572e+01  6.074920e+01  0.000000e+00
     vertex  0.000000e+00  6.500000e+01  0.000000e+00
   endloop
 endfacet
 facet normal -0.000000e+00  0.000000e+00 -1.000000e+00
   outer loop
     vertex  5.766572e+01  6.074920e+01  0.000000e+00
     vertex  5.761823e+01  6.071193e+01  0.000000e+00
     vertex  0.000000e+00  6.500000e+01  0.000000e+00
   endloop
 endfacet
 facet normal -0.000000e+00  0.000000e+00 -1.000000e+00
   outer loop
     vertex  5.761823e+01  6.071193e+01  0.000000e+00
     vertex  5.757179e+01  6.067338e+01  0.000000e+00
     vertex  0.000000e+00  6.500000e+01  0.000000e+00
   endloop
 endfacet
 facet normal  0.000000e+00  0.000000e+00 -1.000000e+00
   outer loop
     vertex  5.757179e+01  6.067338e+01  0.000000e+00
     vertex  6.893901e+00  6.101021e+01  0.000000e+00
     vertex  0.000000e+00  6.500000e+01  0.000000e+00
   endloop
 endfacet
 facet normal  0.000000e+00  0.000000e+00 -1.000000e+00
   outer loop
     vertex  5.757179e+01  6.067338e+01  0.000000e+00
     vertex  6.948713e+00  6.098493e+01  0.000000e+00
     vertex  6.893901e+00  6.101021e+01  0.000000e+00
   endloop
 endfacet
 facet normal  0.000000e+00  0.000000e+00 -1.000000e+00
   outer loop
     vertex  5.757179e+01  6.067338e+01  0.000000e+00
     vertex  7.002811e+00  6.095815e+01  0.000000e+00
     vertex  6.948713e+00  6.098493e+01  0.000000e+00
   endloop
 endfacet
 facet normal  0.000000e+00  0.000000e+00 -1.000000e+00
   outer loop
     vertex  5.757179e+01  6.067338e+01  0.000000e+00
     vertex  7.056153e+00  6.092991e+01  0.000000e+00
     vertex  7.002811e+00  6.095815e+01  0.000000e+00
   endloop
 endfacet
 facet normal  0.000000e+00  0.000000e+00 -1.000000e+00
   outer loop
     vertex  5.757179e+01  6.067338e+01  0.000000e+00
     vertex  7.108701e+00  6.090021e+01  0.000000e+00
     vertex  7.056153e+00  6.092991e+01  0.000000e+00
   endloop
 endfacet
 facet normal  0.000000e+00  0.000000e+00 -1.000000e+00
   outer loop
     vertex  5.757179e+01  6.067338e+01  0.000000e+00
     vertex  7.160414e+00  6.086907e+01  0.000000e+00
     vertex  7.108701e+00  6.090021e+01  0.000000e+00
   endloop
 endfacet
 facet normal  0.000000e+00  0.000000e+00 -1.000000e+00
   outer loop
     vertex  5.757179e+01  6.067338e+01  0.000000e+00
     vertex  7.211254e+00  6.083654e+01  0.000000e+00
     vertex  7.160414e+00  6.086907e+01  0.000000e+00
   endloop
 endfacet
 facet normal  0.000000e+00  0.000000e+00 -1.000000e+00
   outer loop
     vertex  5.757179e+01  6.067338e+01  0.000000e+00
     vertex  7.261181e+00  6.080262e+01  0.000000e+00
     vertex  7.211254e+00  6.083654e+01  0.000000e+00
   endloop
 endfacet
 facet normal  0.000000e+00  0.000000e+00 -1.000000e+00
   outer loop
     vertex  5.757179e+01  6.067338e+01  0.000000e+00
     vertex  7.310160e+00  6.076734e+01  0.000000e+00
     vertex  7.261181e+00  6.080262e+01  0.000000e+00
   endloop
 endfacet
 facet normal  0.000000e+00  0.000000e+00 -1.000000e+00
   outer loop
     vertex  5.757179e+01  6.067338e+01  0.000000e+00
     vertex  7.358152e+00  6.073073e+01  0.000000e+00
     vertex  7.310160e+00  6.076734e+01  0.000000e+00
   endloop
 endfacet
 facet normal  0.000000e+00  0.000000e+00 -1.000000e+00
   outer loop
     vertex  5.757179e+01  6.067338e+01  0.000000e+00
     vertex  7.405121e+00  6.069282e+01  0.000000e+00
     vertex  7.358152e+00  6.073073e+01  0.000000e+00
   endloop
 endfacet
 facet normal  1.000000e+00 -0.000000e+00  0.000000e+00
   outer loop
     vertex  6.500000e+01  6.080000e+01  6.000000e+00
     vertex  6.500000e+01  6.500000e+01  0.000000e+00
     vertex  6.500000e+01  6.500000e+01  6.000000e+00
   endloop
 endfacet
 facet normal  1.000000e+00 -0.000000e+00  0.000000e+00
   outer loop
     vertex  6.500000e+01  5.880000e+01  6.000000e+00
     vertex  6.500000e+01  6.500000e+01  0.000000e+00
     vertex  6.500000e+01  6.080000e+01  6.000000e+00
   endloop
 endfacet
 facet normal  1.000000e+00 -0.000000e+00  0.000000e+00
   outer loop
     vertex  6.500000e+01  5.460000e+01  6.000000e+00
     vertex  6.500000e+01  6.500000e+01  0.000000e+00
     vertex  6.500000e+01  5.880000e+01  6.000000e+00
   endloop
 endfacet
 facet normal  1.000000e+00 -0.000000e+00  0.000000e+00
   outer loop
     vertex  6.500000e+01  5.260000e+01  6.000000e+00
     vertex  6.500000e+01  6.500000e+01  0.000000e+00
     vertex  6.500000e+01  5.460000e+01  6.000000e+00
   endloop
 endfacet
 facet normal  1.000000e+00 -0.000000e+00  0.000000e+00
   outer loop
     vertex  6.500000e+01  4.840000e+01  6.000000e+00
     vertex  6.500000e+01  6.500000e+01  0.000000e+00
     vertex  6.500000e+01  5.260000e+01  6.000000e+00
   endloop
 endfacet
 facet normal  1.000000e+00 -0.000000e+00  0.000000e+00
   outer loop
     vertex  6.500000e+01  4.640000e+01  6.000000e+00
     vertex  6.500000e+01  6.500000e+01  0.000000e+00
     vertex  6.500000e+01  4.840000e+01  6.000000e+00
   endloop
 endfacet
 facet normal  1.000000e+00 -0.000000e+00  0.000000e+00
   outer loop
     vertex  6.500000e+01  4.220000e+01  6.000000e+00
     vertex  6.500000e+01  6.500000e+01  0.000000e+00
     vertex  6.500000e+01  4.640000e+01  6.000000e+00
   endloop
 endfacet
 facet normal  1.000000e+00  0.000000e+00  0.000000e+00
   outer loop
     vertex  6.500000e+01  0.000000e+00  0.000000e+00
     vertex  6.500000e+01  2.360000e+01  6.000000e+00
     vertex  6.500000e+01  2.160000e+01  6.000000e+00
   endloop
 endfacet
 facet normal  1.000000e+00  0.000000e+00  0.000000e+00
   outer loop
     vertex  6.500000e+01  0.000000e+00  0.000000e+00
     vertex  6.500000e+01  2.160000e+01  6.000000e+00
     vertex  6.500000e+01  1.740000e+01  6.000000e+00
   endloop
 endfacet
 facet normal  1.000000e+00  0.000000e+00  0.000000e+00
   outer loop
     vertex  6.500000e+01  0.000000e+00  0.000000e+00
     vertex  6.500000e+01  1.740000e+01  6.000000e+00
     vertex  6.500000e+01  1.540000e+01  6.000000e+00
   endloop
 endfacet
 facet normal  1.000000e+00  0.000000e+00  0.000000e+00
   outer loop
     vertex  6.500000e+01  0.000000e+00  0.000000e+00
     vertex  6.500000e+01  1.540000e+01  6.000000e+00
     vertex  6.500000e+01  1.120000e+01  6.000000e+00
   endloop
 endfacet
 facet normal  1.000000e+00  0.000000e+00  0.000000e+00
   outer loop
     vertex  6.500000e+01  0.000000e+00  0.000000e+00
     vertex  6.500000e+01  1.120000e+01  6.000000e+00
     vertex  6.500000e+01  9.200000e+00  6.000000e+00
   endloop
 endfacet
 facet normal  1.000000e+00 -0.000000e+00  0.000000e+00
   outer loop
     vertex  6.500000e+01  5.000000e+00  6.000000e+00
     vertex  6.500000e+01  0.000000e+00  0.000000e+00
     vertex  6.500000e+01  9.200000e+00  6.000000e+00
   endloop
 endfacet
 facet normal  1.000000e+00 -0.000000e+00  0.000000e+00
   outer loop
     vertex  6.500000e+01  3.000000e+00  6.000000e+00
     vertex  6.500000e+01  0.000000e+00  0.000000e+00
     vertex  6.500000e+01  5.000000e+00  6.000000e+00
   endloop
 endfacet
 facet normal  1.000000e+00 -0.000000e+00  0.000000e+00
   outer loop
     vertex  6.500000e+01  0.000000e+00  6.000000e+00
     vertex  6.500000e+01  0.000000e+00  0.000000e+00
     vertex  6.500000e+01  3.000000e+00  6.000000e+00
   endloop
 endfacet
 facet normal  1.000000e+00  0.000000e+00  0.000000e+00
   outer loop
     vertex  6.500000e+01  0.000000e+00  0.000000e+00
     vertex  6.500000e+01  6.500000e+01  0.000000e+00
     vertex  6.500000e+01  4.220000e+01  6.000000e+00
   endloop
 endfacet
 facet normal  1.000000e+00  0.000000e+00  0.000000e+00
   outer loop
     vertex  6.500000e+01  0.000000e+00  0.000000e+00
     vertex  6.500000e+01  4.220000e+01  6.000000e+00
     vertex  6.500000e+01  4.020000e+01  6.000000e+00
   endloop
 endfacet
 facet normal  1.000000e+00  0.000000e+00  0.000000e+00
   outer loop
     vertex  6.500000e+01  0.000000e+00  0.000000e+00
     vertex  6.500000e+01  4.020000e+01  6.000000e+00
     vertex  6.500000e+01  3.600000e+01  6.000000e+00
   endloop
 endfacet
 facet normal  1.000000e+00  0.000000e+00  0.000000e+00
   outer loop
     vertex  6.500000e+01  0.000000e+00  0.000000e+00
     vertex  6.500000e+01  3.600000e+01  6.000000e+00
     vertex  6.500000e+01  3.400000e+01  6.000000e+00
   endloop
 endfacet
 facet normal  1.000000e+00  0.000000e+00  0.000000e+00
   outer loop
     vertex  6.500000e+01  0.000000e+00  0.000000e+00
     vertex  6.500000e+01  3.400000e+01  6.000000e+00
     vertex  6.500000e+01  2.980000e+01  6.000000e+00
   endloop
 endfacet
 facet normal  1.000000e+00  0.000000e+00  0.000000e+00
   outer loop
     vertex  6.500000e+01  0.000000e+00  0.000000e+00
     vertex  6.500000e+01  2.980000e+01  6.000000e+00
     vertex  6.500000e+01  2.780000e+01  6.000000e+00
   endloop
 endfacet
 facet normal  1.000000e+00  0.000000e+00  0.000000e+00
   outer loop
     vertex  6.500000e+01  0.000000e+00  0.000000e+00
     vertex  6.500000e+01  2.780000e+01  6.000000e+00
     vertex  6.500000e+01  2.360000e+01  6.000000e+00
   endloop
 endfacet
 facet normal  0.000000e+00 -1.000000e+00  0.000000e+00
   outer loop
     vertex  6.500000e+01  3.000000e+00  6.000000e+00
     vertex  0.000000e+00  3.000000e+00  3.400000e+01
     vertex  0.000000e+00  3.000000e+00  6.000000e+00
   endloop
 endfacet
 facet normal -0.000000e+00 -1.000000e+00 -0.000000e+00
   outer loop
     vertex  6.500000e+01  3.000000e+00  3.400000e+01
     vertex  0.000000e+00  3.000000e+00  3.400000e+01
     vertex  6.500000e+01  3.000000e+00  6.000000e+00
   endloop
 endfacet
 facet normal  0.000000e+00  0.000000e+00  1.000000e+00
   outer loop
     vertex  6.500000e+01  3.000000e+00  3.400000e+01
     vertex  0.000000e+00  5.000000e+00  3.400000e+01
     vertex  0.000000e+00  3.000000e+00  3.400000e+01
   endloop
 endfacet
 facet normal  0.000000e+00  0.000000e+00  1.000000e+00
   outer loop
     vertex  6.500000e+01  5.000000e+00  3.400000e+01
     vertex  0.000000e+00  5.000000e+00  3.400000e+01
     vertex  6.500000e+01  3.000000e+00  3.400000e+01
   endloop
 endfacet
 facet normal  0.000000e+00  1.000000e+00  0.000000e+00
   outer loop
     vertex  4.040408e+00  5.000000e+00  8.000000e+00
     vertex  4.040408e+00  5.000000e+00  6.000000e+00
     vertex  0.000000e+00  5.000000e+00  6.000000e+00
   endloop
 endfacet
 facet normal  0.000000e+00  1.000000e+00  0.000000e+00
   outer loop
     vertex  0.000000e+00  5.000000e+00  3.400000e+01
     vertex  7.959592e+00  5.000000e+00  8.000000e+00
     vertex  4.040408e+00  5.000000e+00  8.000000e+00
   endloop
 endfacet
 facet normal  0.000000e+00  1.000000e+00  0.000000e+00
   outer loop
     vertex  0.000000e+00  5.000000e+00  3.400000e+01
     vertex  4.040408e+00  5.000000e+00  8.000000e+00
     vertex  0.000000e+00  5.000000e+00  6.000000e+00
   endloop
 endfacet
 facet normal  0.000000e+00  1.000000e+00  0.000000e+00
   outer loop
     vertex  5.704041e+01  5.000000e+00  6.000000e+00
     vertex  7.959592e+00  5.000000e+00  6.000000e+00
     vertex  7.959592e+00  5.000000e+00  8.000000e+00
   endloop
 endfacet
 facet normal  0.000000e+00  1.000000e+00  0.000000e+00
   outer loop
     vertex  5.704041e+01  5.000000e+00  8.000000e+00
     vertex  5.704041e+01  5.000000e+00  6.000000e+00
     vertex  7.959592e+00  5.000000e+00  8.000000e+00
   endloop
 endfacet
 facet normal  0.000000e+00  1.000000e+00  0.000000e+00
   outer loop
     vertex  6.500000e+01  5.000000e+00  6.000000e+00
     vertex  6.095959e+01  5.000000e+00  6.000000e+00
     vertex  6.095959e+01  5.000000e+00  8.000000e+00
   endloop
 endfacet
 facet normal  0.000000e+00  1.000000e+00  0.000000e+00
   outer loop
     vertex  6.500000e+01  5.000000e+00  3.400000e+01
     vertex  6.095959e+01  5.000000e+00  8.000000e+00
     vertex  5.704041e+01  5.000000e+00  8.000000e+00
   endloop
 endfacet
 facet normal  0.000000e+00  1.000000e+00  0.000000e+00
   outer loop
     vertex  6.500000e+01  5.000000e+00  3.400000e+01
     vertex  7.959592e+00  5.000000e+00  8.000000e+00
     vertex  0.000000e+00  5.000000e+00  3.400000e+01
   endloop
 endfacet
 facet normal  0.000000e+00  1.000000e+00  0.000000e+00
   outer loop
     vertex  6.500000e+01  5.000000e+00  3.400000e+01
     vertex  5.704041e+01  5.000000e+00  8.000000e+00
     vertex  7.959592e+00  5.000000e+00  8.000000e+00
   endloop
 endfacet
 facet normal  0.000000e+00  1.000000e+00  0.000000e+00
   outer loop
     vertex  6.500000e+01  5.000000e+00  3.400000e+01
     vertex  6.500000e+01  5.000000e+00  6.000000e+00
     vertex  6.095959e+01  5.000000e+00  8.000000e+00
   endloop
 endfacet
 facet normal  0.000000e+00 -1.000000e+00  0.000000e+00
   outer loop
     vertex  6.500000e+01  9.200000e+00  6.000000e+00
     vertex  0.000000e+00  9.200000e+00  3.400000e+01
     vertex  0.000000e+00  9.200000e+00  6.000000e+00
   endloop
 endfacet
 facet normal -0.000000e+00 -1.000000e+00 -0.000000e+00
   outer loop
     vertex  6.500000e+01  9.200000e+00  3.400000e+01
     vertex  0.000000e+00  9.200000e+00  3.400000e+01
     vertex  6.500000e+01  9.200000e+00  6.000000e+00
   endloop
 endfacet
 facet normal -9.999063e-01 -1.368690e-02  0.000000e+00
   outer loop
     vertex  6.119918e+01  6.060217e+00  6.000000e+00
     vertex  6.120000e+01  6.000000e+00  0.000000e+00
     vertex  6.120000e+01  6.000000e+00  6.000000e+00
   endloop
 endfacet
 facet normal -9.999059e-01 -1.371831e-02  3.153403e-07
   outer loop
     vertex  6.119918e+01  6.060217e+00  6.000000e+00
     vertex  6.119917e+01  6.060355e+00  0.000000e+00
     vertex  6.120000e+01  6.000000e+00  0.000000e+00
   endloop
 endfacet
 facet normal -9.991532e-01 -4.114462e-02  6.292330e-07
   outer loop
     vertex  6.119670e+01  6.120388e+00  6.000000e+00
     vertex  6.119669e+01  6.120664e+00  0.000000e+00
     vertex  6.119917e+01  6.060355e+00  0.000000e+00
   endloop
 endfacet
 facet normal -9.991571e-01 -4.105044e-02 -3.146165e-07
   outer loop
     vertex  6.119670e+01  6.120388e+00  6.000000e+00
     vertex  6.119917e+01  6.060355e+00  0.000000e+00
     vertex  6.119918e+01  6.060217e+00  6.000000e+00
   endloop
 endfacet
 facet normal -9.976484e-01 -6.853995e-02  9.416782e-07
   outer loop
     vertex  6.119259e+01  6.180470e+00  6.000000e+00
     vertex  6.119255e+01  6.180883e+00  0.000000e+00
     vertex  6.119669e+01  6.120664e+00  0.000000e+00
   endloop
 endfacet
 facet normal -9.976591e-01 -6.838323e-02 -6.277855e-07
   outer loop
     vertex  6.119259e+01  6.180470e+00  6.000000e+00
     vertex  6.119669e+01  6.120664e+00  0.000000e+00
     vertex  6.119670e+01  6.120388e+00  6.000000e+00
   endloop
 endfacet
 facet normal -9.953925e-01 -9.588368e-02  1.252676e-06
   outer loop
     vertex  6.118682e+01  6.240416e+00  6.000000e+00
     vertex  6.118676e+01  6.240965e+00  0.000000e+00
     vertex  6.119255e+01  6.180883e+00  0.000000e+00
   endloop
 endfacet
 facet normal -9.954136e-01 -9.566477e-02 -9.395069e-07
   outer loop
     vertex  6.118682e+01  6.240416e+00  6.000000e+00
     vertex  6.119255e+01  6.180883e+00  0.000000e+00
     vertex  6.119259e+01  6.180470e+00  6.000000e+00
   endloop
 endfacet
 facet normal -9.923874e-01 -1.231552e-01  1.562226e-06
   outer loop
     vertex  6.117942e+01  6.300182e+00  6.000000e+00
     vertex  6.117933e+01  6.300867e+00  0.000000e+00
     vertex  6.118676e+01  6.240965e+00  0.000000e+00
   endloop
 endfacet
 facet normal -9.924222e-01 -1.228746e-01 -1.249781e-06
   outer loop
     vertex  6.117942e+01  6.300182e+00  6.000000e+00
     vertex  6.118676e+01  6.240965e+00  0.000000e+00
     vertex  6.118682e+01  6.240416e+00  6.000000e+00
   endloop
 endfacet
 facet normal -9.886353e-01 -1.503341e-01  1.870328e-06
   outer loop
     vertex  6.117039e+01  6.359723e+00  6.000000e+00
     vertex  6.117026e+01  6.360541e+00  0.000000e+00
     vertex  6.117933e+01  6.300867e+00  0.000000e+00
   endloop
 endfacet
 facet normal -9.886871e-01 -1.499924e-01 -1.558607e-06
   outer loop
     vertex  6.117039e+01  6.359723e+00  6.000000e+00
     vertex  6.117933e+01  6.300867e+00  0.000000e+00
     vertex  6.117942e+01  6.300182e+00  6.000000e+00
   endloop
 endfacet
 facet normal -9.841389e-01 -1.773998e-01  2.176983e-06
   outer loop
     vertex  6.115973e+01  6.418994e+00  6.000000e+00
     vertex  6.115955e+01  6.419944e+00  0.000000e+00
     vertex  6.117026e+01  6.360541e+00  0.000000e+00
   endloop
 endfacet
 facet normal -9.842112e-01 -1.769978e-01 -1.865986e-06
   outer loop
     vertex  6.115973e+01  6.418994e+00  6.000000e+00
     vertex  6.117026e+01  6.360541e+00  0.000000e+00
     vertex  6.117039e+01  6.359723e+00  6.000000e+00
   endloop
 endfacet
 facet normal -9.789017e-01 -2.043319e-01  2.482191e-06
   outer loop
     vertex  6.114745e+01  6.477952e+00  6.000000e+00
     vertex  6.114721e+01  6.479031e+00  0.000000e+00
     vertex  6.115955e+01  6.419944e+00  0.000000e+00
   endloop
 endfacet
 facet normal -9.789978e-01 -2.038706e-01 -2.171917e-06
   outer loop
     vertex  6.114745e+01  6.477952e+00  6.000000e+00
     vertex  6.115955e+01  6.419944e+00  0.000000e+00
     vertex  6.115973e+01  6.418994e+00  6.000000e+00
   endloop
 endfacet
 facet normal -9.729276e-01 -2.311102e-01  2.785950e-06
   outer loop
     vertex  6.113357e+01  6.536551e+00  6.000000e+00
     vertex  6.113326e+01  6.537758e+00  0.000000e+00
     vertex  6.114721e+01  6.479031e+00  0.000000e+00
   endloop
 endfacet
 facet normal -9.730509e-01 -2.305906e-01 -2.476400e-06
   outer loop
     vertex  6.113357e+01  6.536551e+00  6.000000e+00
     vertex  6.114721e+01  6.479031e+00  0.000000e+00
     vertex  6.114745e+01  6.477952e+00  6.000000e+00
   endloop
 endfacet
 facet normal -9.663748e-01 -2.571378e-01 -2.779436e-06
   outer loop
     vertex  6.111808e+01  6.594749e+00  6.000000e+00
     vertex  6.113326e+01  6.537758e+00  0.000000e+00
     vertex  6.113357e+01  6.536551e+00  6.000000e+00
   endloop
 endfacet
 facet normal -9.662211e-01 -2.577146e-01  3.088263e-06
   outer loop
     vertex  6.111808e+01  6.594749e+00  6.000000e+00
     vertex  6.111771e+01  6.596080e+00  0.000000e+00
     vertex  6.113326e+01  6.537758e+00  0.000000e+00
   endloop
 endfacet
 facet normal -9.589745e-01 -2.834923e-01 -3.081025e-06
   outer loop
     vertex  6.110101e+01  6.652501e+00  6.000000e+00
     vertex  6.111771e+01  6.596080e+00  0.000000e+00
     vertex  6.111808e+01  6.594749e+00  6.000000e+00
   endloop
 endfacet
 facet normal -9.587873e-01 -2.841250e-01  3.389127e-06
   outer loop
     vertex  6.110101e+01  6.652501e+00  6.000000e+00
     vertex  6.110056e+01  6.653953e+00  0.000000e+00
     vertex  6.111771e+01  6.596080e+00  0.000000e+00
   endloop
 endfacet
 facet normal -9.508557e-01 -3.096344e-01 -3.381166e-06
   outer loop
     vertex  6.108236e+01  6.709763e+00  6.000000e+00
     vertex  6.110056e+01  6.653953e+00  0.000000e+00
     vertex  6.110101e+01  6.652501e+00  6.000000e+00
   endloop
 endfacet
 facet normal -9.506317e-01 -3.103214e-01  3.688544e-06
   outer loop
     vertex  6.108236e+01  6.709763e+00  6.000000e+00
     vertex  6.108183e+01  6.711333e+00  0.000000e+00
     vertex  6.110056e+01  6.653953e+00  0.000000e+00
   endloop
 endfacet
 facet normal -9.420244e-01 -3.355445e-01 -3.679859e-06
   outer loop
     vertex  6.106216e+01  6.766494e+00  6.000000e+00
     vertex  6.108183e+01  6.711333e+00  0.000000e+00
     vertex  6.108236e+01  6.709763e+00  6.000000e+00
   endloop
 endfacet
 facet normal -9.417605e-01 -3.362843e-01  3.986514e-06
   outer loop
     vertex  6.106216e+01  6.766494e+00  6.000000e+00
     vertex  6.106153e+01  6.768178e+00  0.000000e+00
     vertex  6.108183e+01  6.711333e+00  0.000000e+00
   endloop
 endfacet
 facet normal -9.324871e-01 -3.612032e-01 -3.977105e-06
   outer loop
     vertex  6.104040e+01  6.822651e+00  6.000000e+00
     vertex  6.106153e+01  6.768178e+00  0.000000e+00
     vertex  6.106216e+01  6.766494e+00  6.000000e+00
   endloop
 endfacet
 facet normal -9.321804e-01 -3.619940e-01  4.283036e-06
   outer loop
     vertex  6.104040e+01  6.822651e+00  6.000000e+00
     vertex  6.103968e+01  6.824445e+00  0.000000e+00
     vertex  6.106153e+01  6.768178e+00  0.000000e+00
   endloop
 endfacet
 facet normal -9.222512e-01 -3.865912e-01 -4.272903e-06
   outer loop
     vertex  6.101712e+01  6.878191e+00  6.000000e+00
     vertex  6.103968e+01  6.824445e+00  0.000000e+00
     vertex  6.104040e+01  6.822651e+00  6.000000e+00
   endloop
 endfacet
 facet normal -9.218986e-01 -3.874313e-01  4.578110e-06
   outer loop
     vertex  6.101712e+01  6.878191e+00  6.000000e+00
     vertex  6.101629e+01  6.880092e+00  0.000000e+00
     vertex  6.103968e+01  6.824445e+00  0.000000e+00
   endloop
 endfacet
 facet normal -9.109228e-01 -4.125769e-01  4.871737e-06
   outer loop
     vertex  6.099233e+01  6.933073e+00  6.000000e+00
     vertex  6.099139e+01  6.935076e+00  0.000000e+00
     vertex  6.101629e+01  6.880092e+00  0.000000e+00
   endloop
 endfacet
 facet normal -9.113242e-01 -4.116895e-01 -4.567253e-06
   outer loop
     vertex  6.099233e+01  6.933073e+00  6.000000e+00
     vertex  6.101629e+01  6.880092e+00  0.000000e+00
     vertex  6.101712e+01  6.878191e+00  6.000000e+00
   endloop
 endfacet
 facet normal -8.992613e-01 -4.374119e-01  5.163916e-06
   outer loop
     vertex  6.096604e+01  6.987256e+00  6.000000e+00
     vertex  6.096499e+01  6.989356e+00  0.000000e+00
     vertex  6.099139e+01  6.935076e+00  0.000000e+00
   endloop
 endfacet
 facet normal -8.997143e-01 -4.364793e-01 -4.860156e-06
   outer loop
     vertex  6.096604e+01  6.987256e+00  6.000000e+00
     vertex  6.099139e+01  6.935076e+00  0.000000e+00
     vertex  6.099233e+01  6.933073e+00  6.000000e+00
   endloop
 endfacet
 facet normal -8.869228e-01 -4.619176e-01  5.454648e-06
   outer loop
     vertex  6.093828e+01  7.040699e+00  6.000000e+00
     vertex  6.093711e+01  7.042891e+00  0.000000e+00
     vertex  6.096499e+01  6.989356e+00  0.000000e+00
   endloop
 endfacet
 facet normal -8.874302e-01 -4.609421e-01 -5.151612e-06
   outer loop
     vertex  6.093828e+01  7.040699e+00  6.000000e+00
     vertex  6.096499e+01  6.989356e+00  0.000000e+00
     vertex  6.096604e+01  6.987256e+00  6.000000e+00
   endloop
 endfacet
 facet normal -8.739167e-01 -4.860756e-01  5.743932e-06
   outer loop
     vertex  6.090907e+01  7.093362e+00  6.000000e+00
     vertex  6.090777e+01  7.095641e+00  0.000000e+00
     vertex  6.093711e+01  7.042891e+00  0.000000e+00
   endloop
 endfacet
 facet normal -8.744812e-01 -4.850594e-01 -5.441619e-06
   outer loop
     vertex  6.090907e+01  7.093362e+00  6.000000e+00
     vertex  6.093711e+01  7.042891e+00  0.000000e+00
     vertex  6.093828e+01  7.040699e+00  6.000000e+00
   endloop
 endfacet
 facet normal -8.602528e-01 -5.098678e-01  6.031768e-06
   outer loop
     vertex  6.087843e+01  7.145206e+00  6.000000e+00
     vertex  6.087699e+01  7.147566e+00  0.000000e+00
     vertex  6.090777e+01  7.095641e+00  0.000000e+00
   endloop
 endfacet
 facet normal -8.608769e-01 -5.088133e-01 -5.730180e-06
   outer loop
     vertex  6.087843e+01  7.145206e+00  6.000000e+00
     vertex  6.090777e+01  7.095641e+00  0.000000e+00
     vertex  6.090907e+01  7.093362e+00  6.000000e+00
   endloop
 endfacet
 facet normal -8.459413e-01 -5.332761e-01  6.318157e-06
   outer loop
     vertex  6.084638e+01  7.196192e+00  6.000000e+00
     vertex  6.084480e+01  7.198628e+00  0.000000e+00
     vertex  6.087699e+01  7.147566e+00  0.000000e+00
   endloop
 endfacet
 facet normal -8.466275e-01 -5.321860e-01 -6.017292e-06
   outer loop
     vertex  6.084638e+01  7.196192e+00  6.000000e+00
     vertex  6.087699e+01  7.147566e+00  0.000000e+00
     vertex  6.087843e+01  7.145206e+00  6.000000e+00
   endloop
 endfacet
 facet normal -8.309929e-01 -5.562829e-01  6.603098e-06
   outer loop
     vertex  6.081295e+01  7.246282e+00  6.000000e+00
     vertex  6.081122e+01  7.248787e+00  0.000000e+00
     vertex  6.084480e+01  7.198628e+00  0.000000e+00
   endloop
 endfacet
 facet normal -8.317437e-01 -5.551598e-01 -6.302957e-06
   outer loop
     vertex  6.081295e+01  7.246282e+00  6.000000e+00
     vertex  6.084480e+01  7.198628e+00  0.000000e+00
     vertex  6.084638e+01  7.196192e+00  6.000000e+00
   endloop
 endfacet
 facet normal -8.154191e-01 -5.788711e-01  6.886592e-06
   outer loop
     vertex  6.077816e+01  7.295438e+00  6.000000e+00
     vertex  6.077628e+01  7.298006e+00  0.000000e+00
     vertex  6.081122e+01  7.248787e+00  0.000000e+00
   endloop
 endfacet
 facet normal -8.162367e-01 -5.777177e-01 -6.587175e-06
   outer loop
     vertex  6.077816e+01  7.295438e+00  6.000000e+00
     vertex  6.081122e+01  7.248787e+00  0.000000e+00
     vertex  6.081295e+01  7.246282e+00  6.000000e+00
   endloop
 endfacet
 facet normal -7.992314e-01 -6.010234e-01  7.168638e-06
   outer loop
     vertex  6.074203e+01  7.343623e+00  6.000000e+00
     vertex  6.074000e+01  7.346248e+00  0.000000e+00
     vertex  6.077628e+01  7.298006e+00  0.000000e+00
   endloop
 endfacet
 facet normal -8.001180e-01 -5.998426e-01 -6.869945e-06
   outer loop
     vertex  6.074203e+01  7.343623e+00  6.000000e+00
     vertex  6.077628e+01  7.298006e+00  0.000000e+00
     vertex  6.077816e+01  7.295438e+00  6.000000e+00
   endloop
 endfacet
 facet normal -7.824421e-01 -6.227234e-01  7.449236e-06
   outer loop
     vertex  6.070460e+01  7.390801e+00  6.000000e+00
     vertex  6.070242e+01  7.393477e+00  0.000000e+00
     vertex  6.074000e+01  7.346248e+00  0.000000e+00
   endloop
 endfacet
 facet normal -7.833998e-01 -6.215181e-01 -7.151267e-06
   outer loop
     vertex  6.070460e+01  7.390801e+00  6.000000e+00
     vertex  6.074000e+01  7.346248e+00  0.000000e+00
     vertex  6.074203e+01  7.343623e+00  6.000000e+00
   endloop
 endfacet
 facet normal -7.650637e-01 -6.439545e-01  7.728387e-06
   outer loop
     vertex  6.066590e+01  7.436937e+00  6.000000e+00
     vertex  6.066355e+01  7.439657e+00  0.000000e+00
     vertex  6.070242e+01  7.393477e+00  0.000000e+00
   endloop
 endfacet
 facet normal -7.660946e-01 -6.427279e-01 -7.431142e-06
   outer loop
     vertex  6.066590e+01  7.436937e+00  6.000000e+00
     vertex  6.070242e+01  7.393477e+00  0.000000e+00
     vertex  6.070460e+01  7.390801e+00  6.000000e+00
   endloop
 endfacet
 facet normal -7.471095e-01 -6.647010e-01  8.006091e-06
   outer loop
     vertex  6.062594e+01  7.481996e+00  6.000000e+00
     vertex  6.062343e+01  7.484753e+00  0.000000e+00
     vertex  6.066355e+01  7.439657e+00  0.000000e+00
   endloop
 endfacet
 facet normal -7.482153e-01 -6.634560e-01 -7.709569e-06
   outer loop
     vertex  6.062594e+01  7.481996e+00  6.000000e+00
     vertex  6.066355e+01  7.439657e+00  0.000000e+00
     vertex  6.066590e+01  7.436937e+00  6.000000e+00
   endloop
 endfacet
 facet normal -7.285929e-01 -6.849470e-01  8.282346e-06
   outer loop
     vertex  6.058477e+01  7.525945e+00  6.000000e+00
     vertex  6.058208e+01  7.528731e+00  0.000000e+00
     vertex  6.062343e+01  7.484753e+00  0.000000e+00
   endloop
 endfacet
 facet normal -7.297754e-01 -6.836870e-01 -7.986548e-06
   outer loop
     vertex  6.058477e+01  7.525945e+00  6.000000e+00
     vertex  6.062343e+01  7.484753e+00  0.000000e+00
     vertex  6.062594e+01  7.481996e+00  6.000000e+00
   endloop
 endfacet
 facet normal -7.095278e-01 -7.046775e-01  8.557154e-06
   outer loop
     vertex  6.054241e+01  7.568750e+00  6.000000e+00
     vertex  6.053955e+01  7.571558e+00  0.000000e+00
     vertex  6.058208e+01  7.528731e+00  0.000000e+00
   endloop
 endfacet
 facet normal -7.107886e-01 -7.034057e-01 -8.262080e-06
   outer loop
     vertex  6.054241e+01  7.568750e+00  6.000000e+00
     vertex  6.058208e+01  7.528731e+00  0.000000e+00
     vertex  6.058477e+01  7.525945e+00  6.000000e+00
   endloop
 endfacet
 facet normal -6.899286e-01 -7.238775e-01  8.830515e-06
   outer loop
     vertex  6.049889e+01  7.610380e+00  6.000000e+00
     vertex  6.049585e+01  7.613203e+00  0.000000e+00
     vertex  6.053955e+01  7.571558e+00  0.000000e+00
   endloop
 endfacet
 facet normal -6.912692e-01 -7.225973e-01 -8.536165e-06
   outer loop
     vertex  6.049889e+01  7.610380e+00  6.000000e+00
     vertex  6.053955e+01  7.571558e+00  0.000000e+00
     vertex  6.054241e+01  7.568750e+00  6.000000e+00
   endloop
 endfacet
 facet normal -6.698100e-01 -7.425325e-01  9.102428e-06
   outer loop
     vertex  6.045425e+01  7.650803e+00  6.000000e+00
     vertex  6.045103e+01  7.653633e+00  0.000000e+00
     vertex  6.049585e+01  7.613203e+00  0.000000e+00
   endloop
 endfacet
 facet normal -6.712318e-01 -7.412475e-01 -8.808801e-06
   outer loop
     vertex  6.045425e+01  7.650803e+00  6.000000e+00
     vertex  6.049585e+01  7.613203e+00  0.000000e+00
     vertex  6.049889e+01  7.610380e+00  6.000000e+00
   endloop
 endfacet
 facet normal -6.491872e-01 -7.606287e-01  9.372893e-06
   outer loop
     vertex  6.040852e+01  7.689990e+00  6.000000e+00
     vertex  6.040512e+01  7.692818e+00  0.000000e+00
     vertex  6.045103e+01  7.653633e+00  0.000000e+00
   endloop
 endfacet
 facet normal -6.506915e-01 -7.593422e-01 -9.079991e-06
   outer loop
     vertex  6.040852e+01  7.689990e+00  6.000000e+00
     vertex  6.045103e+01  7.653633e+00  0.000000e+00
     vertex  6.045425e+01  7.650803e+00  6.000000e+00
   endloop
 endfacet
 facet normal -6.280757e-01 -7.781522e-01  9.641911e-06
   outer loop
     vertex  6.036174e+01  7.727909e+00  6.000000e+00
     vertex  6.035815e+01  7.730729e+00  0.000000e+00
     vertex  6.040512e+01  7.692818e+00  0.000000e+00
   endloop
 endfacet
 facet normal -6.296635e-01 -7.768680e-01 -9.349732e-06
   outer loop
     vertex  6.036174e+01  7.727909e+00  6.000000e+00
     vertex  6.040512e+01  7.692818e+00  0.000000e+00
     vertex  6.040852e+01  7.689990e+00  6.000000e+00
   endloop
 endfacet
 facet normal -6.064915e-01 -7.950900e-01  9.909481e-06
   outer loop
     vertex  6.031393e+01  7.764534e+00  6.000000e+00
     vertex  6.031016e+01  7.767337e+00  0.000000e+00
     vertex  6.035815e+01  7.730729e+00  0.000000e+00
   endloop
 endfacet
 facet normal -6.081638e-01 -7.938116e-01 -9.618026e-06
   outer loop
     vertex  6.031393e+01  7.764534e+00  6.000000e+00
     vertex  6.035815e+01  7.730729e+00  0.000000e+00
     vertex  6.036174e+01  7.727909e+00  6.000000e+00
   endloop
 endfacet
 facet normal -5.862083e-01 -8.101604e-01 -9.884872e-06
   outer loop
     vertex  6.026514e+01  7.799837e+00  6.000000e+00
     vertex  6.031016e+01  7.767337e+00  0.000000e+00
     vertex  6.031393e+01  7.764534e+00  6.000000e+00
   endloop
 endfacet
 facet normal -5.844507e-01 -8.114292e-01  1.017560e-05
   outer loop
     vertex  6.026514e+01  7.799837e+00  6.000000e+00
     vertex  6.026118e+01  7.802615e+00  0.000000e+00
     vertex  6.031016e+01  7.767337e+00  0.000000e+00
   endloop
 endfacet
 facet normal -5.638136e-01 -8.259021e-01 -1.015027e-05
   outer loop
     vertex  6.021540e+01  7.833791e+00  6.000000e+00
     vertex  6.026118e+01  7.802615e+00  0.000000e+00
     vertex  6.026514e+01  7.799837e+00  6.000000e+00
   endloop
 endfacet
 facet normal -5.619699e-01 -8.271577e-01  1.044028e-05
   outer loop
     vertex  6.021540e+01  7.833791e+00  6.000000e+00
     vertex  6.021125e+01  7.836536e+00  0.000000e+00
     vertex  6.026118e+01  7.802615e+00  0.000000e+00
   endloop
 endfacet
 facet normal -5.409964e-01 -8.410249e-01 -1.041422e-05
   outer loop
     vertex  6.016476e+01  7.866372e+00  6.000000e+00
     vertex  6.021125e+01  7.836536e+00  0.000000e+00
     vertex  6.021540e+01  7.833791e+00  6.000000e+00
   endloop
 endfacet
 facet normal -5.390661e-01 -8.422635e-01  1.070351e-05
   outer loop
     vertex  6.016476e+01  7.866372e+00  6.000000e+00
     vertex  6.016041e+01  7.869074e+00  0.000000e+00
     vertex  6.021125e+01  7.836536e+00  0.000000e+00
   endloop
 endfacet
 facet normal -5.177738e-01 -8.555175e-01 -1.067673e-05
   outer loop
     vertex  6.011324e+01  7.897553e+00  6.000000e+00
     vertex  6.016041e+01  7.869074e+00  0.000000e+00
     vertex  6.016476e+01  7.866372e+00  6.000000e+00
   endloop
 endfacet
 facet normal -5.157565e-01 -8.567352e-01  1.096529e-05
   outer loop
     vertex  6.011324e+01  7.897553e+00  6.000000e+00
     vertex  6.010870e+01  7.900206e+00  0.000000e+00
     vertex  6.016041e+01  7.869074e+00  0.000000e+00
   endloop
 endfacet
 facet normal -4.941633e-01 -8.693691e-01 -1.093778e-05
   outer loop
     vertex  6.006088e+01  7.927313e+00  6.000000e+00
     vertex  6.010870e+01  7.900206e+00  0.000000e+00
     vertex  6.011324e+01  7.897553e+00  6.000000e+00
   endloop
 endfacet
 facet normal -4.920587e-01 -8.705620e-01  1.122562e-05
   outer loop
     vertex  6.006088e+01  7.927313e+00  6.000000e+00
     vertex  6.005615e+01  7.929907e+00  0.000000e+00
     vertex  6.010870e+01  7.900206e+00  0.000000e+00
   endloop
 endfacet
 facet normal -4.701824e-01 -8.825693e-01 -1.119739e-05
   outer loop
     vertex  6.000773e+01  7.955628e+00  6.000000e+00
     vertex  6.005615e+01  7.929907e+00  0.000000e+00
     vertex  6.006088e+01  7.927313e+00  6.000000e+00
   endloop
 endfacet
 facet normal -4.679904e-01 -8.837335e-01  1.148450e-05
   outer loop
     vertex  6.000773e+01  7.955628e+00  6.000000e+00
     vertex  6.000281e+01  7.958155e+00  0.000000e+00
     vertex  6.005615e+01  7.929907e+00  0.000000e+00
   endloop
 endfacet
 facet normal -4.458492e-01 -8.951081e-01 -1.145555e-05
   outer loop
     vertex  5.995382e+01  7.982478e+00  6.000000e+00
     vertex  6.000281e+01  7.958155e+00  0.000000e+00
     vertex  6.000773e+01  7.955628e+00  6.000000e+00
   endloop
 endfacet
 facet normal -4.435699e-01 -8.962398e-01  1.174194e-05
   outer loop
     vertex  5.995382e+01  7.982478e+00  6.000000e+00
     vertex  5.994871e+01  7.984929e+00  0.000000e+00
     vertex  6.000281e+01  7.958155e+00  0.000000e+00
   endloop
 endfacet
 facet normal -4.211820e-01 -9.069762e-01 -1.171226e-05
   outer loop
     vertex  5.989920e+01  8.007843e+00  6.000000e+00
     vertex  5.994871e+01  7.984929e+00  0.000000e+00
     vertex  5.995382e+01  7.982478e+00  6.000000e+00
   endloop
 endfacet
 facet normal -4.188155e-01 -9.080714e-01  1.199793e-05
   outer loop
     vertex  5.989920e+01  8.007843e+00  6.000000e+00
     vertex  5.989390e+01  8.010209e+00  0.000000e+00
     vertex  5.994871e+01  7.984929e+00  0.000000e+00
   endloop
 endfacet
 facet normal -3.961991e-01 -9.181646e-01 -1.196753e-05
   outer loop
     vertex  5.984391e+01  8.031703e+00  6.000000e+00
     vertex  5.989390e+01  8.010209e+00  0.000000e+00
     vertex  5.989920e+01  8.007843e+00  6.000000e+00
   endloop
 endfacet
 facet normal -3.937458e-01 -9.192194e-01  1.225247e-05
   outer loop
     vertex  5.984391e+01  8.031703e+00  6.000000e+00
     vertex  5.983842e+01  8.033976e+00  0.000000e+00
     vertex  5.989390e+01  8.010209e+00  0.000000e+00
   endloop
 endfacet
 facet normal -3.709194e-01 -9.286651e-01 -1.222135e-05
   outer loop
     vertex  5.978798e+01  8.054041e+00  6.000000e+00
     vertex  5.983842e+01  8.033976e+00  0.000000e+00
     vertex  5.984391e+01  8.031703e+00  6.000000e+00
   endloop
 endfacet
 facet normal -3.683796e-01 -9.296754e-01  1.250556e-05
   outer loop
     vertex  5.978798e+01  8.054041e+00  6.000000e+00
     vertex  5.978230e+01  8.056211e+00  0.000000e+00
     vertex  5.983842e+01  8.033976e+00  0.000000e+00
   endloop
 endfacet
 facet normal -3.453617e-01 -9.384697e-01 -1.247372e-05
   outer loop
     vertex  5.973147e+01  8.074839e+00  6.000000e+00
     vertex  5.978230e+01  8.056211e+00  0.000000e+00
     vertex  5.978798e+01  8.054041e+00  6.000000e+00
   endloop
 endfacet
 facet normal -3.427362e-01 -9.394317e-01  1.275721e-05
   outer loop
     vertex  5.973147e+01  8.074839e+00  6.000000e+00
     vertex  5.972560e+01  8.076899e+00  0.000000e+00
     vertex  5.978230e+01  8.056211e+00  0.000000e+00
   endloop
 endfacet
 facet normal -3.195452e-01 -9.475710e-01 -1.272464e-05
   outer loop
     vertex  5.967440e+01  8.094083e+00  6.000000e+00
     vertex  5.972560e+01  8.076899e+00  0.000000e+00
     vertex  5.973147e+01  8.074839e+00  6.000000e+00
   endloop
 endfacet
 facet normal -3.168348e-01 -9.484807e-01  1.300741e-05
   outer loop
     vertex  5.967440e+01  8.094083e+00  6.000000e+00
     vertex  5.966835e+01  8.096023e+00  0.000000e+00
     vertex  5.972560e+01  8.076899e+00  0.000000e+00
   endloop
 endfacet
 facet normal -2.934893e-01 -9.559624e-01 -1.297412e-05
   outer loop
     vertex  5.961683e+01  8.111757e+00  6.000000e+00
     vertex  5.966835e+01  8.096023e+00  0.000000e+00
     vertex  5.967440e+01  8.094083e+00  6.000000e+00
   endloop
 endfacet
 facet normal -2.906949e-01 -9.568158e-01  1.325616e-05
   outer loop
     vertex  5.961683e+01  8.111757e+00  6.000000e+00
     vertex  5.961059e+01  8.113570e+00  0.000000e+00
     vertex  5.966835e+01  8.096023e+00  0.000000e+00
   endloop
 endfacet
 facet normal -2.672135e-01 -9.636374e-01 -1.322214e-05
   outer loop
     vertex  5.955880e+01  8.127850e+00  6.000000e+00
     vertex  5.961059e+01  8.113570e+00  0.000000e+00
     vertex  5.961683e+01  8.111757e+00  6.000000e+00
   endloop
 endfacet
 facet normal -2.643362e-01 -9.644306e-01  1.350347e-05
   outer loop
     vertex  5.955880e+01  8.127850e+00  6.000000e+00
     vertex  5.955238e+01  8.129525e+00  0.000000e+00
     vertex  5.961059e+01  8.113570e+00  0.000000e+00
   endloop
 endfacet
 facet normal -2.407374e-01 -9.705903e-01 -1.346872e-05
   outer loop
     vertex  5.950035e+01  8.142347e+00  6.000000e+00
     vertex  5.955238e+01  8.129525e+00  0.000000e+00
     vertex  5.955880e+01  8.127850e+00  6.000000e+00
   endloop
 endfacet
 facet normal -2.377784e-01 -9.713194e-01  1.374932e-05
   outer loop
     vertex  5.950035e+01  8.142347e+00  6.000000e+00
     vertex  5.949375e+01  8.143878e+00  0.000000e+00
     vertex  5.955238e+01  8.129525e+00  0.000000e+00
   endloop
 endfacet
 facet normal -2.110417e-01 -9.774771e-01  1.399373e-05
   outer loop
     vertex  5.944152e+01  8.155240e+00  6.000000e+00
     vertex  5.943475e+01  8.156616e+00  0.000000e+00
     vertex  5.949375e+01  8.143878e+00  0.000000e+00
   endloop
 endfacet
 facet normal -2.140810e-01 -9.768159e-01 -1.371386e-05
   outer loop
     vertex  5.944152e+01  8.155240e+00  6.000000e+00
     vertex  5.949375e+01  8.143878e+00  0.000000e+00
     vertex  5.950035e+01  8.142347e+00  6.000000e+00
   endloop
 endfacet
 facet normal -1.841461e-01 -9.828989e-01  1.423669e-05
   outer loop
     vertex  5.938236e+01  8.166517e+00  6.000000e+00
     vertex  5.937542e+01  8.167732e+00  0.000000e+00
     vertex  5.943475e+01  8.156616e+00  0.000000e+00
   endloop
 endfacet
 facet normal -1.872641e-01 -9.823096e-01 -1.395754e-05
   outer loop
     vertex  5.938236e+01  8.166517e+00  6.000000e+00
     vertex  5.943475e+01  8.156616e+00  0.000000e+00
     vertex  5.944152e+01  8.155240e+00  6.000000e+00
   endloop
 endfacet
 facet normal -1.571119e-01 -9.875808e-01  1.447820e-05
   outer loop
     vertex  5.932292e+01  8.176172e+00  6.000000e+00
     vertex  5.931581e+01  8.177215e+00  0.000000e+00
     vertex  5.937542e+01  8.167732e+00  0.000000e+00
   endloop
 endfacet
 facet normal -1.603069e-01 -9.870672e-01 -1.419978e-05
   outer loop
     vertex  5.932292e+01  8.176172e+00  6.000000e+00
     vertex  5.937542e+01  8.167732e+00  0.000000e+00
     vertex  5.938236e+01  8.166517e+00  6.000000e+00
   endloop
 endfacet
 facet normal -1.299594e-01 -9.915193e-01  1.471827e-05
   outer loop
     vertex  5.926323e+01  8.184195e+00  6.000000e+00
     vertex  5.925596e+01  8.185059e+00  0.000000e+00
     vertex  5.931581e+01  8.177215e+00  0.000000e+00
   endloop
 endfacet
 facet normal -1.332296e-01 -9.910852e-01 -1.444057e-05
   outer loop
     vertex  5.926323e+01  8.184195e+00  6.000000e+00
     vertex  5.931581e+01  8.177215e+00  0.000000e+00
     vertex  5.932292e+01  8.176172e+00  6.000000e+00
   endloop
 endfacet
 facet normal -1.027091e-01 -9.947114e-01  1.495689e-05
   outer loop
     vertex  5.920335e+01  8.190582e+00  6.000000e+00
     vertex  5.919592e+01  8.191259e+00  0.000000e+00
     vertex  5.925596e+01  8.185059e+00  0.000000e+00
   endloop
 endfacet
 facet normal -1.060525e-01 -9.943605e-01 -1.467991e-05
   outer loop
     vertex  5.920335e+01  8.190582e+00  6.000000e+00
     vertex  5.925596e+01  8.185059e+00  0.000000e+00
     vertex  5.926323e+01  8.184195e+00  6.000000e+00
   endloop
 endfacet
 facet normal -7.538152e-02 -9.971548e-01  1.519406e-05
   outer loop
     vertex  5.914332e+01  8.195327e+00  6.000000e+00
     vertex  5.913573e+01  8.195809e+00  0.000000e+00
     vertex  5.919592e+01  8.191259e+00  0.000000e+00
   endloop
 endfacet
 facet normal -7.879585e-02 -9.968908e-01 -1.491780e-05
   outer loop
     vertex  5.914332e+01  8.195327e+00  6.000000e+00
     vertex  5.919592e+01  8.191259e+00  0.000000e+00
     vertex  5.920335e+01  8.190582e+00  6.000000e+00
   endloop
 endfacet
 facet normal -4.799716e-02 -9.988475e-01  1.542978e-05
   outer loop
     vertex  5.908317e+01  8.198427e+00  6.000000e+00
     vertex  5.907544e+01  8.198706e+00  0.000000e+00
     vertex  5.913573e+01  8.195809e+00  0.000000e+00
   endloop
 endfacet
 facet normal -5.148020e-02 -9.986740e-01 -1.515425e-05
   outer loop
     vertex  5.908317e+01  8.198427e+00  6.000000e+00
     vertex  5.913573e+01  8.195809e+00  0.000000e+00
     vertex  5.914332e+01  8.195327e+00  6.000000e+00
   endloop
 endfacet
 facet normal -2.057667e-02 -9.997883e-01  1.566406e-05
   outer loop
     vertex  5.902297e+01  8.199880e+00  6.000000e+00
     vertex  5.901509e+01  8.199948e+00  0.000000e+00
     vertex  5.907544e+01  8.198706e+00  0.000000e+00
   endloop
 endfacet
 facet normal -2.412596e-02 -9.997089e-01 -1.538925e-05
   outer loop
     vertex  5.902297e+01  8.199880e+00  6.000000e+00
     vertex  5.907544e+01  8.198706e+00  0.000000e+00
     vertex  5.908317e+01  8.198427e+00  6.000000e+00
   endloop
 endfacet
 facet normal  6.859319e-03 -9.999765e-01  1.589688e-05
   outer loop
     vertex  5.896275e+01  8.199685e+00  6.000000e+00
     vertex  5.895473e+01  8.199534e+00  0.000000e+00
     vertex  5.901509e+01  8.199948e+00  0.000000e+00
   endloop
 endfacet
 facet normal  3.246343e-03 -9.999947e-01 -1.562280e-05
   outer loop
     vertex  5.896275e+01  8.199685e+00  6.000000e+00
     vertex  5.901509e+01  8.199948e+00  0.000000e+00
     vertex  5.902297e+01  8.199880e+00  6.000000e+00
   endloop
 endfacet
 facet normal  3.429014e-02 -9.994119e-01  1.612826e-05
   outer loop
     vertex  5.890255e+01  8.197841e+00  6.000000e+00
     vertex  5.889441e+01  8.197464e+00  0.000000e+00
     vertex  5.895473e+01  8.199534e+00  0.000000e+00
   endloop
 endfacet
 facet normal  3.061622e-02 -9.995312e-01 -1.585490e-05
   outer loop
     vertex  5.890255e+01  8.197841e+00  6.000000e+00
     vertex  5.895473e+01  8.199534e+00  0.000000e+00
     vertex  5.896275e+01  8.199685e+00  6.000000e+00
   endloop
 endfacet
 facet normal  6.169515e-02 -9.980950e-01  1.635820e-05
   outer loop
     vertex  5.884243e+01  8.194350e+00  6.000000e+00
     vertex  5.883416e+01  8.193740e+00  0.000000e+00
     vertex  5.889441e+01  8.197464e+00  0.000000e+00
   endloop
 endfacet
 facet normal  5.796315e-02 -9.983187e-01 -1.608556e-05
   outer loop
     vertex  5.884243e+01  8.194350e+00  6.000000e+00
     vertex  5.889441e+01  8.197464e+00  0.000000e+00
     vertex  5.890255e+01  8.197841e+00  6.000000e+00
   endloop
 endfacet
 facet normal  8.526665e-02 -9.963582e-01 -1.631477e-05
   outer loop
     vertex  5.878243e+01  8.189215e+00  6.000000e+00
     vertex  5.883416e+01  8.193740e+00  0.000000e+00
     vertex  5.884243e+01  8.194350e+00  6.000000e+00
   endloop
 endfacet
 facet normal  8.905371e-02 -9.960268e-01  1.658668e-05
   outer loop
     vertex  5.878243e+01  8.189215e+00  6.000000e+00
     vertex  5.877404e+01  8.188365e+00  0.000000e+00
     vertex  5.883416e+01  8.193740e+00  0.000000e+00
   endloop
 endfacet
 facet normal  1.125063e-01 -9.936510e-01 -1.654253e-05
   outer loop
     vertex  5.872259e+01  8.182440e+00  6.000000e+00
     vertex  5.877404e+01  8.188365e+00  0.000000e+00
     vertex  5.878243e+01  8.189215e+00  6.000000e+00
   endloop
 endfacet
 facet normal  1.163452e-01 -9.932088e-01  1.681372e-05
   outer loop
     vertex  5.872259e+01  8.182440e+00  6.000000e+00
     vertex  5.871409e+01  8.181342e+00  0.000000e+00
     vertex  5.877404e+01  8.188365e+00  0.000000e+00
   endloop
 endfacet
 facet normal  1.396616e-01 -9.901993e-01 -1.676884e-05
   outer loop
     vertex  5.866296e+01  8.174029e+00  6.000000e+00
     vertex  5.871409e+01  8.181342e+00  0.000000e+00
     vertex  5.872259e+01  8.182440e+00  6.000000e+00
   endloop
 endfacet
 facet normal  1.435492e-01 -9.896432e-01  1.703931e-05
   outer loop
     vertex  5.866296e+01  8.174029e+00  6.000000e+00
     vertex  5.865435e+01  8.172678e+00  0.000000e+00
     vertex  5.871409e+01  8.181342e+00  0.000000e+00
   endloop
 endfacet
 facet normal  1.667122e-01 -9.860056e-01 -1.699371e-05
   outer loop
     vertex  5.860358e+01  8.163989e+00  6.000000e+00
     vertex  5.865435e+01  8.172678e+00  0.000000e+00
     vertex  5.866296e+01  8.174029e+00  6.000000e+00
   endloop
 endfacet
 facet normal  1.706451e-01 -9.853326e-01  1.726345e-05
   outer loop
     vertex  5.860358e+01  8.163989e+00  6.000000e+00
     vertex  5.859488e+01  8.162378e+00  0.000000e+00
     vertex  5.865435e+01  8.172678e+00  0.000000e+00
   endloop
 endfacet
 facet normal  1.936380e-01 -9.810731e-01 -1.721713e-05
   outer loop
     vertex  5.854450e+01  8.152328e+00  6.000000e+00
     vertex  5.859488e+01  8.162378e+00  0.000000e+00
     vertex  5.860358e+01  8.163989e+00  6.000000e+00
   endloop
 endfacet
 facet normal  1.976125e-01 -9.802802e-01  1.748614e-05
   outer loop
     vertex  5.854450e+01  8.152328e+00  6.000000e+00
     vertex  5.853571e+01  8.150450e+00  0.000000e+00
     vertex  5.859488e+01  8.162378e+00  0.000000e+00
   endloop
 endfacet
 facet normal  2.204186e-01 -9.754054e-01 -1.743910e-05
   outer loop
     vertex  5.848575e+01  8.139054e+00  6.000000e+00
     vertex  5.853571e+01  8.150450e+00  0.000000e+00
     vertex  5.854450e+01  8.152328e+00  6.000000e+00
   endloop
 endfacet
 facet normal  2.244312e-01 -9.744899e-01  1.770739e-05
   outer loop
     vertex  5.848575e+01  8.139054e+00  6.000000e+00
     vertex  5.847689e+01  8.136903e+00  0.000000e+00
     vertex  5.853571e+01  8.150450e+00  0.000000e+00
   endloop
 endfacet
 facet normal  2.470341e-01 -9.690068e-01 -1.765962e-05
   outer loop
     vertex  5.842740e+01  8.124177e+00  6.000000e+00
     vertex  5.847689e+01  8.136903e+00  0.000000e+00
     vertex  5.848575e+01  8.139054e+00  6.000000e+00
   endloop
 endfacet
 facet normal  2.510809e-01 -9.679661e-01  1.792719e-05
   outer loop
     vertex  5.842740e+01  8.124177e+00  6.000000e+00
     vertex  5.841846e+01  8.121747e+00  0.000000e+00
     vertex  5.847689e+01  8.136903e+00  0.000000e+00
   endloop
 endfacet
 facet normal  2.734644e-01 -9.618821e-01 -1.787869e-05
   outer loop
     vertex  5.836947e+01  8.107708e+00  6.000000e+00
     vertex  5.841846e+01  8.121747e+00  0.000000e+00
     vertex  5.842740e+01  8.124177e+00  6.000000e+00
   endloop
 endfacet
 facet normal  2.775416e-01 -9.607136e-01  1.814554e-05
   outer loop
     vertex  5.836947e+01  8.107708e+00  6.000000e+00
     vertex  5.836047e+01  8.104995e+00  0.000000e+00
     vertex  5.841846e+01  8.121747e+00  0.000000e+00
   endloop
 endfacet
 facet normal  2.996899e-01 -9.540367e-01 -1.809632e-05
   outer loop
     vertex  5.831202e+01  8.089660e+00  6.000000e+00
     vertex  5.836047e+01  8.104995e+00  0.000000e+00
     vertex  5.836947e+01  8.107708e+00  6.000000e+00
   endloop
 endfacet
 facet normal  3.037934e-01 -9.527379e-01  1.836244e-05
   outer loop
     vertex  5.831202e+01  8.089660e+00  6.000000e+00
     vertex  5.830296e+01  8.086658e+00  0.000000e+00
     vertex  5.836047e+01  8.104995e+00  0.000000e+00
   endloop
 endfacet
 facet normal  3.256907e-01 -9.454764e-01 -1.831250e-05
   outer loop
     vertex  5.825508e+01  8.070046e+00  6.000000e+00
     vertex  5.830296e+01  8.086658e+00  0.000000e+00
     vertex  5.831202e+01  8.089660e+00  6.000000e+00
   endloop
 endfacet
 facet normal  3.298166e-01 -9.440450e-01  1.857790e-05
   outer loop
     vertex  5.825508e+01  8.070046e+00  6.000000e+00
     vertex  5.824598e+01  8.066750e+00  0.000000e+00
     vertex  5.830296e+01  8.086658e+00  0.000000e+00
   endloop
 endfacet
 facet normal  3.514476e-01 -9.362076e-01 -1.852723e-05
   outer loop
     vertex  5.819870e+01  8.048881e+00  6.000000e+00
     vertex  5.824598e+01  8.066750e+00  0.000000e+00
     vertex  5.825508e+01  8.070046e+00  6.000000e+00
   endloop
 endfacet
 facet normal  3.555914e-01 -9.346415e-01  1.879191e-05
   outer loop
     vertex  5.819870e+01  8.048881e+00  6.000000e+00
     vertex  5.818956e+01  8.045286e+00  0.000000e+00
     vertex  5.824598e+01  8.066750e+00  0.000000e+00
   endloop
 endfacet
 facet normal  3.769411e-01 -9.262372e-01 -1.874052e-05
   outer loop
     vertex  5.814292e+01  8.026181e+00  6.000000e+00
     vertex  5.818956e+01  8.045286e+00  0.000000e+00
     vertex  5.819870e+01  8.048881e+00  6.000000e+00
   endloop
 endfacet
 facet normal  3.810986e-01 -9.245344e-01  1.900447e-05
   outer loop
     vertex  5.814292e+01  8.026181e+00  6.000000e+00
     vertex  5.813376e+01  8.022283e+00  0.000000e+00
     vertex  5.818956e+01  8.045286e+00  0.000000e+00
   endloop
 endfacet
 facet normal  4.021521e-01 -9.155729e-01 -1.895235e-05
   outer loop
     vertex  5.808778e+01  8.001962e+00  6.000000e+00
     vertex  5.813376e+01  8.022283e+00  0.000000e+00
     vertex  5.814292e+01  8.026181e+00  6.000000e+00
   endloop
 endfacet
 facet normal  4.063188e-01 -9.137314e-01  1.921558e-05
   outer loop
     vertex  5.808778e+01  8.001962e+00  6.000000e+00
     vertex  5.807861e+01  7.997757e+00  0.000000e+00
     vertex  5.813376e+01  8.022283e+00  0.000000e+00
   endloop
 endfacet
 facet normal  4.270618e-01 -9.042224e-01 -1.916274e-05
   outer loop
     vertex  5.803332e+01  7.976244e+00  6.000000e+00
     vertex  5.807861e+01  7.997757e+00  0.000000e+00
     vertex  5.808778e+01  8.001962e+00  6.000000e+00
   endloop
 endfacet
 facet normal  4.312333e-01 -9.022405e-01  1.942525e-05
   outer loop
     vertex  5.803332e+01  7.976244e+00  6.000000e+00
     vertex  5.802415e+01  7.971728e+00  0.000000e+00
     vertex  5.807861e+01  7.997757e+00  0.000000e+00
   endloop
 endfacet
 facet normal  4.516515e-01 -8.921945e-01 -1.937169e-05
   outer loop
     vertex  5.797959e+01  7.949044e+00  6.000000e+00
     vertex  5.802415e+01  7.971728e+00  0.000000e+00
     vertex  5.803332e+01  7.976244e+00  6.000000e+00
   endloop
 endfacet
 facet normal  4.558231e-01 -8.900704e-01  1.963346e-05
   outer loop
     vertex  5.797959e+01  7.949044e+00  6.000000e+00
     vertex  5.797042e+01  7.944214e+00  0.000000e+00
     vertex  5.802415e+01  7.971728e+00  0.000000e+00
   endloop
 endfacet
 facet normal  4.759027e-01 -8.794979e-01 -1.957918e-05
   outer loop
     vertex  5.792663e+01  7.920384e+00  6.000000e+00
     vertex  5.797042e+01  7.944214e+00  0.000000e+00
     vertex  5.797959e+01  7.949044e+00  6.000000e+00
   endloop
 endfacet
 facet normal  4.800697e-01 -8.772303e-01  1.984023e-05
   outer loop
     vertex  5.792663e+01  7.920384e+00  6.000000e+00
     vertex  5.791747e+01  7.915236e+00  0.000000e+00
     vertex  5.797042e+01  7.944214e+00  0.000000e+00
   endloop
 endfacet
 facet normal  4.997974e-01 -8.661424e-01 -1.978523e-05
   outer loop
     vertex  5.787447e+01  7.890285e+00  6.000000e+00
     vertex  5.791747e+01  7.915236e+00  0.000000e+00
     vertex  5.792663e+01  7.920384e+00  6.000000e+00
   endloop
 endfacet
 facet normal  5.039550e-01 -8.637299e-01  2.004556e-05
   outer loop
     vertex  5.787447e+01  7.890285e+00  6.000000e+00
     vertex  5.786534e+01  7.884817e+00  0.000000e+00
     vertex  5.791747e+01  7.915236e+00  0.000000e+00
   endloop
 endfacet
 facet normal  5.233175e-01 -8.521378e-01 -1.998982e-05
   outer loop
     vertex  5.782315e+01  7.858770e+00  6.000000e+00
     vertex  5.786534e+01  7.884817e+00  0.000000e+00
     vertex  5.787447e+01  7.890285e+00  6.000000e+00
   endloop
 endfacet
 facet normal  5.274609e-01 -8.495793e-01  2.024943e-05
   outer loop
     vertex  5.782315e+01  7.858770e+00  6.000000e+00
     vertex  5.781405e+01  7.852980e+00  0.000000e+00
     vertex  5.786534e+01  7.884817e+00  0.000000e+00
   endloop
 endfacet
 facet normal  5.464455e-01 -8.374947e-01 -2.019298e-05
   outer loop
     vertex  5.777271e+01  7.825862e+00  6.000000e+00
     vertex  5.781405e+01  7.852980e+00  0.000000e+00
     vertex  5.782315e+01  7.858770e+00  6.000000e+00
   endloop
 endfacet
 facet normal  5.505698e-01 -8.347891e-01  2.045186e-05
   outer loop
     vertex  5.777271e+01  7.825862e+00  6.000000e+00
     vertex  5.776367e+01  7.819747e+00  0.000000e+00
     vertex  5.781405e+01  7.852980e+00  0.000000e+00
   endloop
 endfacet
 facet normal  5.691640e-01 -8.222240e-01 -2.039468e-05
   outer loop
     vertex  5.772320e+01  7.791585e+00  6.000000e+00
     vertex  5.776367e+01  7.819747e+00  0.000000e+00
     vertex  5.777271e+01  7.825862e+00  6.000000e+00
   endloop
 endfacet
 facet normal  5.732642e-01 -8.193706e-01  2.065284e-05
   outer loop
     vertex  5.772320e+01  7.791585e+00  6.000000e+00
     vertex  5.771421e+01  7.785144e+00  0.000000e+00
     vertex  5.776367e+01  7.819747e+00  0.000000e+00
   endloop
 endfacet
 facet normal  5.914561e-01 -8.063372e-01 -2.059493e-05
   outer loop
     vertex  5.767464e+01  7.755966e+00  6.000000e+00
     vertex  5.771421e+01  7.785144e+00  0.000000e+00
     vertex  5.772320e+01  7.791585e+00  6.000000e+00
   endloop
 endfacet
 facet normal  5.955271e-01 -8.033352e-01  2.085237e-05
   outer loop
     vertex  5.767464e+01  7.755966e+00  6.000000e+00
     vertex  5.766572e+01  7.749198e+00  0.000000e+00
     vertex  5.771421e+01  7.785144e+00  0.000000e+00
   endloop
 endfacet
 facet normal  6.133049e-01 -7.898462e-01 -2.079374e-05
   outer loop
     vertex  5.762707e+01  7.719032e+00  6.000000e+00
     vertex  5.766572e+01  7.749198e+00  0.000000e+00
     vertex  5.767464e+01  7.755966e+00  6.000000e+00
   endloop
 endfacet
 facet normal  6.173417e-01 -7.866951e-01  2.105046e-05
   outer loop
     vertex  5.762707e+01  7.719032e+00  6.000000e+00
     vertex  5.761823e+01  7.711935e+00  0.000000e+00
     vertex  5.766572e+01  7.749198e+00  0.000000e+00
   endloop
 endfacet
 facet normal  6.346942e-01 -7.727634e-01 -2.099110e-05
   outer loop
     vertex  5.758053e+01  7.680809e+00  6.000000e+00
     vertex  5.761823e+01  7.711935e+00  0.000000e+00
     vertex  5.762707e+01  7.719032e+00  6.000000e+00
   endloop
 endfacet
 facet normal  6.386916e-01 -7.694628e-01  2.124709e-05
   outer loop
     vertex  5.758053e+01  7.680809e+00  6.000000e+00
     vertex  5.757179e+01  7.673383e+00  0.000000e+00
     vertex  5.761823e+01  7.711935e+00  0.000000e+00
   endloop
 endfacet
 facet normal  6.595607e-01 -7.516513e-01  2.144228e-05
   outer loop
     vertex  5.753506e+01  7.641327e+00  6.000000e+00
     vertex  5.752642e+01  7.633572e+00  0.000000e+00
     vertex  5.757179e+01  7.673383e+00  0.000000e+00
   endloop
 endfacet
 facet normal  6.556079e-01 -7.551015e-01 -2.118702e-05
   outer loop
     vertex  5.753506e+01  7.641327e+00  6.000000e+00
     vertex  5.757179e+01  7.673383e+00  0.000000e+00
     vertex  5.758053e+01  7.680809e+00  6.000000e+00
   endloop
 endfacet
 facet normal  6.799333e-01 -7.332740e-01  2.163602e-05
   outer loop
     vertex  5.749068e+01  7.600614e+00  6.000000e+00
     vertex  5.748216e+01  7.592530e+00  0.000000e+00
     vertex  5.752642e+01  7.633572e+00  0.000000e+00
   endloop
 endfacet
 facet normal  6.760303e-01 -7.368738e-01 -2.138148e-05
   outer loop
     vertex  5.749068e+01  7.600614e+00  6.000000e+00
     vertex  5.752642e+01  7.633572e+00  0.000000e+00
     vertex  5.753506e+01  7.641327e+00  6.000000e+00
   endloop
 endfacet
 facet normal  6.959462e-01 -7.180939e-01 -2.157450e-05
   outer loop
     vertex  5.744744e+01  7.558703e+00  6.000000e+00
     vertex  5.748216e+01  7.592530e+00  0.000000e+00
     vertex  5.749068e+01  7.600614e+00  6.000000e+00
   endloop
 endfacet
 facet normal  6.997940e-01 -7.143447e-01  2.182832e-05
   outer loop
     vertex  5.744744e+01  7.558703e+00  6.000000e+00
     vertex  5.743904e+01  7.550290e+00  0.000000e+00
     vertex  5.748216e+01  7.592530e+00  0.000000e+00
   endloop
 endfacet
 facet normal  7.153406e-01 -6.987760e-01 -2.176607e-05
   outer loop
     vertex  5.740536e+01  7.515623e+00  6.000000e+00
     vertex  5.743904e+01  7.550290e+00  0.000000e+00
     vertex  5.744744e+01  7.558703e+00  6.000000e+00
   endloop
 endfacet
 facet normal  7.191280e-01 -6.948776e-01  2.201916e-05
   outer loop
     vertex  5.740536e+01  7.515623e+00  6.000000e+00
     vertex  5.739710e+01  7.506883e+00  0.000000e+00
     vertex  5.743904e+01  7.550290e+00  0.000000e+00
   endloop
 endfacet
 facet normal  7.341989e-01 -6.789344e-01 -2.195619e-05
   outer loop
     vertex  5.736447e+01  7.471408e+00  6.000000e+00
     vertex  5.739710e+01  7.506883e+00  0.000000e+00
     vertex  5.740536e+01  7.515623e+00  6.000000e+00
   endloop
 endfacet
 facet normal  7.379206e-01 -6.748875e-01  2.220856e-05
   outer loop
     vertex  5.736447e+01  7.471408e+00  6.000000e+00
     vertex  5.735636e+01  7.462342e+00  0.000000e+00
     vertex  5.739710e+01  7.506883e+00  0.000000e+00
   endloop
 endfacet
 facet normal  7.561578e-01 -6.543893e-01  2.239651e-05
   outer loop
     vertex  5.732481e+01  7.426090e+00  6.000000e+00
     vertex  5.731686e+01  7.416700e+00  0.000000e+00
     vertex  5.735636e+01  7.462342e+00  0.000000e+00
   endloop
 endfacet
 facet normal  7.525071e-01 -6.585841e-01 -2.214487e-05
   outer loop
     vertex  5.732481e+01  7.426090e+00  6.000000e+00
     vertex  5.735636e+01  7.462342e+00  0.000000e+00
     vertex  5.736447e+01  7.471408e+00  6.000000e+00
   endloop
 endfacet
 facet normal  7.738257e-01 -6.333986e-01  2.258301e-05
   outer loop
     vertex  5.728640e+01  7.379704e+00  6.000000e+00
     vertex  5.727863e+01  7.369991e+00  0.000000e+00
     vertex  5.731686e+01  7.416700e+00  0.000000e+00
   endloop
 endfacet
 facet normal  7.702514e-01 -6.377403e-01 -2.233209e-05
   outer loop
     vertex  5.728640e+01  7.379704e+00  6.000000e+00
     vertex  5.731686e+01  7.416700e+00  0.000000e+00
     vertex  5.732481e+01  7.426090e+00  6.000000e+00
   endloop
 endfacet
 facet normal  7.909112e-01 -6.119310e-01  2.276807e-05
   outer loop
     vertex  5.724928e+01  7.332284e+00  6.000000e+00
     vertex  5.724169e+01  7.322252e+00  0.000000e+00
     vertex  5.727863e+01  7.369991e+00  0.000000e+00
   endloop
 endfacet
 facet normal  7.874186e-01 -6.164187e-01 -2.251787e-05
   outer loop
     vertex  5.724928e+01  7.332284e+00  6.000000e+00
     vertex  5.727863e+01  7.369991e+00  0.000000e+00
     vertex  5.728640e+01  7.379704e+00  6.000000e+00
   endloop
 endfacet
 facet normal  8.074012e-01 -5.900028e-01  2.295168e-05
   outer loop
     vertex  5.721347e+01  7.283865e+00  6.000000e+00
     vertex  5.720608e+01  7.273516e+00  0.000000e+00
     vertex  5.724169e+01  7.322252e+00  0.000000e+00
   endloop
 endfacet
 facet normal  8.039957e-01 -5.946351e-01 -2.270220e-05
   outer loop
     vertex  5.721347e+01  7.283865e+00  6.000000e+00
     vertex  5.724169e+01  7.322252e+00  0.000000e+00
     vertex  5.724928e+01  7.332284e+00  6.000000e+00
   endloop
 endfacet
 facet normal  8.232835e-01 -5.676304e-01  2.313384e-05
   outer loop
     vertex  5.717900e+01  7.234485e+00  6.000000e+00
     vertex  5.717182e+01  7.223822e+00  0.000000e+00
     vertex  5.720608e+01  7.273516e+00  0.000000e+00
   endloop
 endfacet
 facet normal  8.199704e-01 -5.724059e-01 -2.288509e-05
   outer loop
     vertex  5.717900e+01  7.234485e+00  6.000000e+00
     vertex  5.720608e+01  7.273516e+00  0.000000e+00
     vertex  5.721347e+01  7.283865e+00  6.000000e+00
   endloop
 endfacet
 facet normal  8.385460e-01 -5.448308e-01  2.331455e-05
   outer loop
     vertex  5.714589e+01  7.184179e+00  6.000000e+00
     vertex  5.713893e+01  7.173207e+00  0.000000e+00
     vertex  5.717182e+01  7.223822e+00  0.000000e+00
   endloop
 endfacet
 facet normal  8.353306e-01 -5.497479e-01 -2.306652e-05
   outer loop
     vertex  5.714589e+01  7.184179e+00  6.000000e+00
     vertex  5.717182e+01  7.223822e+00  0.000000e+00
     vertex  5.717900e+01  7.234485e+00  6.000000e+00
   endloop
 endfacet
 facet normal  8.531773e-01 -5.216210e-01  2.349382e-05
   outer loop
     vertex  5.711417e+01  7.132986e+00  6.000000e+00
     vertex  5.710744e+01  7.121709e+00  0.000000e+00
     vertex  5.713893e+01  7.173207e+00  0.000000e+00
   endloop
 endfacet
 facet normal  8.500649e-01 -5.266779e-01 -2.324651e-05
   outer loop
     vertex  5.711417e+01  7.132986e+00  6.000000e+00
     vertex  5.713893e+01  7.173207e+00  0.000000e+00
     vertex  5.714589e+01  7.184179e+00  6.000000e+00
   endloop
 endfacet
 facet normal  8.671664e-01 -4.980186e-01  2.367163e-05
   outer loop
     vertex  5.708387e+01  7.080944e+00  6.000000e+00
     vertex  5.707738e+01  7.069366e+00  0.000000e+00
     vertex  5.710744e+01  7.121709e+00  0.000000e+00
   endloop
 endfacet
 facet normal  8.641623e-01 -5.032132e-01 -2.342505e-05
   outer loop
     vertex  5.708387e+01  7.080944e+00  6.000000e+00
     vertex  5.710744e+01  7.121709e+00  0.000000e+00
     vertex  5.711417e+01  7.132986e+00  6.000000e+00
   endloop
 endfacet
 facet normal  8.805026e-01 -4.740412e-01  2.384800e-05
   outer loop
     vertex  5.705500e+01  7.028093e+00  6.000000e+00
     vertex  5.704877e+01  7.016219e+00  0.000000e+00
     vertex  5.707738e+01  7.069366e+00  0.000000e+00
   endloop
 endfacet
 facet normal  8.776121e-01 -4.793715e-01 -2.360215e-05
   outer loop
     vertex  5.705500e+01  7.028093e+00  6.000000e+00
     vertex  5.707738e+01  7.069366e+00  0.000000e+00
     vertex  5.708387e+01  7.080944e+00  6.000000e+00
   endloop
 endfacet
 facet normal  8.931761e-01 -4.497071e-01  2.402292e-05
   outer loop
     vertex  5.702759e+01  6.974470e+00  6.000000e+00
     vertex  5.702163e+01  6.962306e+00  0.000000e+00
     vertex  5.704877e+01  7.016219e+00  0.000000e+00
   endloop
 endfacet
 facet normal  8.904043e-01 -4.551706e-01 -2.377779e-05
   outer loop
     vertex  5.702759e+01  6.974470e+00  6.000000e+00
     vertex  5.704877e+01  7.016219e+00  0.000000e+00
     vertex  5.705500e+01  7.028093e+00  6.000000e+00
   endloop
 endfacet
 facet normal  9.051772e-01 -4.250344e-01  2.419640e-05
   outer loop
     vertex  5.700165e+01  6.920118e+00  6.000000e+00
     vertex  5.699597e+01  6.907669e+00  0.000000e+00
     vertex  5.702163e+01  6.962306e+00  0.000000e+00
   endloop
 endfacet
 facet normal  9.025292e-01 -4.306286e-01 -2.395199e-05
   outer loop
     vertex  5.700165e+01  6.920118e+00  6.000000e+00
     vertex  5.702163e+01  6.962306e+00  0.000000e+00
     vertex  5.702759e+01  6.974470e+00  6.000000e+00
   endloop
 endfacet
 facet normal  9.164969e-01 -4.000417e-01  2.436843e-05
   outer loop
     vertex  5.697722e+01  6.865076e+00  6.000000e+00
     vertex  5.697182e+01  6.852349e+00  0.000000e+00
     vertex  5.699597e+01  6.907669e+00  0.000000e+00
   endloop
 endfacet
 facet normal  9.139779e-01 -4.057639e-01 -2.412474e-05
   outer loop
     vertex  5.697722e+01  6.865076e+00  6.000000e+00
     vertex  5.699597e+01  6.907669e+00  0.000000e+00
     vertex  5.700165e+01  6.920118e+00  6.000000e+00
   endloop
 endfacet
 facet normal  9.271267e-01 -3.747479e-01  2.453900e-05
   outer loop
     vertex  5.695430e+01  6.809386e+00  6.000000e+00
     vertex  5.694920e+01  6.796387e+00  0.000000e+00
     vertex  5.697182e+01  6.852349e+00  0.000000e+00
   endloop
 endfacet
 facet normal  9.247418e-01 -3.805952e-01 -2.429604e-05
   outer loop
     vertex  5.695430e+01  6.809386e+00  6.000000e+00
     vertex  5.697182e+01  6.852349e+00  0.000000e+00
     vertex  5.697722e+01  6.865076e+00  6.000000e+00
   endloop
 endfacet
 facet normal  9.370586e-01 -3.491720e-01  2.470814e-05
   outer loop
     vertex  5.693291e+01  6.753089e+00  6.000000e+00
     vertex  5.692813e+01  6.739825e+00  0.000000e+00
     vertex  5.694920e+01  6.796387e+00  0.000000e+00
   endloop
 endfacet
 facet normal  9.348127e-01 -3.551412e-01 -2.446590e-05
   outer loop
     vertex  5.693291e+01  6.753089e+00  6.000000e+00
     vertex  5.694920e+01  6.796387e+00  0.000000e+00
     vertex  5.695430e+01  6.809386e+00  6.000000e+00
   endloop
 endfacet
 facet normal  9.462851e-01 -3.233333e-01  2.487582e-05
   outer loop
     vertex  5.691307e+01  6.696228e+00  6.000000e+00
     vertex  5.690861e+01  6.682707e+00  0.000000e+00
     vertex  5.692813e+01  6.739825e+00  0.000000e+00
   endloop
 endfacet
 facet normal  9.441831e-01 -3.294212e-01 -2.463431e-05
   outer loop
     vertex  5.691307e+01  6.696228e+00  6.000000e+00
     vertex  5.692813e+01  6.739825e+00  0.000000e+00
     vertex  5.693291e+01  6.753089e+00  6.000000e+00
   endloop
 endfacet
 facet normal  9.547993e-01 -2.972512e-01  2.504206e-05
   outer loop
     vertex  5.689480e+01  6.638846e+00  6.000000e+00
     vertex  5.689067e+01  6.625075e+00  0.000000e+00
     vertex  5.690861e+01  6.682707e+00  0.000000e+00
   endloop
 endfacet
 facet normal  9.528460e-01 -3.034543e-01 -2.480127e-05
   outer loop
     vertex  5.689480e+01  6.638846e+00  6.000000e+00
     vertex  5.690861e+01  6.682707e+00  0.000000e+00
     vertex  5.691307e+01  6.696228e+00  6.000000e+00
   endloop
 endfacet
 facet normal  9.625948e-01 -2.709453e-01  2.520684e-05
   outer loop
     vertex  5.687810e+01  6.580984e+00  6.000000e+00
     vertex  5.687431e+01  6.566972e+00  0.000000e+00
     vertex  5.689067e+01  6.625075e+00  0.000000e+00
   endloop
 endfacet
 facet normal  9.607949e-01 -2.772601e-01 -2.496678e-05
   outer loop
     vertex  5.687810e+01  6.580984e+00  6.000000e+00
     vertex  5.689067e+01  6.625075e+00  0.000000e+00
     vertex  5.689480e+01  6.638846e+00  6.000000e+00
   endloop
 endfacet
 facet normal  9.696656e-01 -2.444354e-01  2.537018e-05
   outer loop
     vertex  5.686299e+01  6.522688e+00  6.000000e+00
     vertex  5.685956e+01  6.508443e+00  0.000000e+00
     vertex  5.687431e+01  6.566972e+00  0.000000e+00
   endloop
 endfacet
 facet normal  9.680239e-01 -2.508580e-01 -2.513084e-05
   outer loop
     vertex  5.686299e+01  6.522688e+00  6.000000e+00
     vertex  5.687431e+01  6.566972e+00  0.000000e+00
     vertex  5.687810e+01  6.580984e+00  6.000000e+00
   endloop
 endfacet
 facet normal  9.760065e-01 -2.177416e-01  2.553208e-05
   outer loop
     vertex  5.684949e+01  6.463999e+00  6.000000e+00
     vertex  5.684642e+01  6.449530e+00  0.000000e+00
     vertex  5.685956e+01  6.508443e+00  0.000000e+00
   endloop
 endfacet
 facet normal  9.745275e-01 -2.242680e-01 -2.529346e-05
   outer loop
     vertex  5.684949e+01  6.463999e+00  6.000000e+00
     vertex  5.685956e+01  6.508443e+00  0.000000e+00
     vertex  5.686299e+01  6.522688e+00  6.000000e+00
   endloop
 endfacet
 facet normal  9.816126e-01 -1.908838e-01  2.569252e-05
   outer loop
     vertex  5.683759e+01  6.404963e+00  6.000000e+00
     vertex  5.683489e+01  6.390280e+00  0.000000e+00
     vertex  5.684642e+01  6.449530e+00  0.000000e+00
   endloop
 endfacet
 facet normal  9.803009e-01 -1.975100e-01 -2.545463e-05
   outer loop
     vertex  5.683759e+01  6.404963e+00  6.000000e+00
     vertex  5.684642e+01  6.449530e+00  0.000000e+00
     vertex  5.684949e+01  6.463999e+00  6.000000e+00
   endloop
 endfacet
 facet normal  9.864799e-01 -1.638824e-01  2.585152e-05
   outer loop
     vertex  5.682732e+01  6.345624e+00  6.000000e+00
     vertex  5.682500e+01  6.330735e+00  0.000000e+00
     vertex  5.683489e+01  6.390280e+00  0.000000e+00
   endloop
 endfacet
 facet normal  9.853397e-01 -1.706039e-01 -2.561435e-05
   outer loop
     vertex  5.682732e+01  6.345624e+00  6.000000e+00
     vertex  5.683489e+01  6.390280e+00  0.000000e+00
     vertex  5.683759e+01  6.404963e+00  6.000000e+00
   endloop
 endfacet
 facet normal  9.906046e-01 -1.367575e-01  2.600907e-05
   outer loop
     vertex  5.681867e+01  6.286025e+00  6.000000e+00
     vertex  5.681675e+01  6.270942e+00  0.000000e+00
     vertex  5.682500e+01  6.330735e+00  0.000000e+00
   endloop
 endfacet
 facet normal  9.896402e-01 -1.435701e-01 -2.577263e-05
   outer loop
     vertex  5.681867e+01  6.286025e+00  6.000000e+00
     vertex  5.682500e+01  6.330735e+00  0.000000e+00
     vertex  5.682732e+01  6.345624e+00  6.000000e+00
   endloop
 endfacet
 facet normal  9.931991e-01 -1.164286e-01 -2.592945e-05
   outer loop
     vertex  5.681166e+01  6.226213e+00  6.000000e+00
     vertex  5.681675e+01  6.270942e+00  0.000000e+00
     vertex  5.681867e+01  6.286025e+00  6.000000e+00
   endloop
 endfacet
 facet normal  9.939835e-01 -1.095298e-01  2.616517e-05
   outer loop
     vertex  5.681166e+01  6.226213e+00  6.000000e+00
     vertex  5.681014e+01  6.210944e+00  0.000000e+00
     vertex  5.681675e+01  6.270942e+00  0.000000e+00
   endloop
 endfacet
 facet normal  9.960137e-01 -8.919988e-02 -2.608483e-05
   outer loop
     vertex  5.680629e+01  6.166230e+00  6.000000e+00
     vertex  5.681014e+01  6.210944e+00  0.000000e+00
     vertex  5.681166e+01  6.226213e+00  6.000000e+00
   endloop
 endfacet
 facet normal  9.966142e-01 -8.221955e-02  2.631983e-05
   outer loop
     vertex  5.680629e+01  6.166230e+00  6.000000e+00
     vertex  5.680517e+01  6.150788e+00  0.000000e+00
     vertex  5.681014e+01  6.210944e+00  0.000000e+00
   endloop
 endfacet
 facet normal  9.980821e-01 -6.190433e-02 -2.623876e-05
   outer loop
     vertex  5.680256e+01  6.106123e+00  6.000000e+00
     vertex  5.680517e+01  6.150788e+00  0.000000e+00
     vertex  5.680629e+01  6.166230e+00  6.000000e+00
   endloop
 endfacet
 facet normal  9.984947e-01 -5.484744e-02  2.647304e-05
   outer loop
     vertex  5.680256e+01  6.106123e+00  6.000000e+00
     vertex  5.680186e+01  6.090518e+00  0.000000e+00
     vertex  5.680517e+01  6.150788e+00  0.000000e+00
   endloop
 endfacet
 facet normal  9.994025e-01 -3.456240e-02 -2.639124e-05
   outer loop
     vertex  5.680048e+01  6.045937e+00  6.000000e+00
     vertex  5.680186e+01  6.090518e+00  0.000000e+00
     vertex  5.680256e+01  6.106123e+00  6.000000e+00
   endloop
 endfacet
 facet normal  9.996236e-01 -2.743405e-02  2.662479e-05
   outer loop
     vertex  5.680048e+01  6.045937e+00  6.000000e+00
     vertex  5.680021e+01  6.030180e+00  0.000000e+00
     vertex  5.680186e+01  6.090518e+00  0.000000e+00
   endloop
 endfacet
 facet normal  9.999741e-01 -7.194567e-03 -2.654228e-05
   outer loop
     vertex  5.680005e+01  5.985716e+00  6.000000e+00
     vertex  5.680021e+01  6.030180e+00  0.000000e+00
     vertex  5.680048e+01  6.045937e+00  6.000000e+00
   endloop
 endfacet
 facet normal  1.000000e+00  0.000000e+00  2.677511e-05
   outer loop
     vertex  5.680005e+01  5.985716e+00  6.000000e+00
     vertex  5.680021e+01  5.969820e+00  0.000000e+00
     vertex  5.680021e+01  6.030180e+00  0.000000e+00
   endloop
 endfacet
 facet normal  9.997964e-01  2.017866e-02 -2.669187e-05
   outer loop
     vertex  5.680126e+01  5.925506e+00  6.000000e+00
     vertex  5.680021e+01  5.969820e+00  0.000000e+00
     vertex  5.680005e+01  5.985716e+00  6.000000e+00
   endloop
 endfacet
 facet normal  9.996236e-01  2.743405e-02  2.692397e-05
   outer loop
     vertex  5.680126e+01  5.925506e+00  6.000000e+00
     vertex  5.680186e+01  5.909482e+00  0.000000e+00
     vertex  5.680021e+01  5.969820e+00  0.000000e+00
   endloop
 endfacet
 facet normal  9.984947e-01  5.484744e-02  2.707139e-05
   outer loop
     vertex  5.680412e+01  5.865352e+00  6.000000e+00
     vertex  5.680517e+01  5.849212e+00  0.000000e+00
     vertex  5.680186e+01  5.909482e+00  0.000000e+00
   endloop
 endfacet
 facet normal  9.988695e-01  4.753676e-02 -2.684001e-05
   outer loop
     vertex  5.680412e+01  5.865352e+00  6.000000e+00
     vertex  5.680186e+01  5.909482e+00  0.000000e+00
     vertex  5.680126e+01  5.925506e+00  6.000000e+00
   endloop
 endfacet
 facet normal  9.966142e-01  8.221955e-02  2.721736e-05
   outer loop
     vertex  5.680863e+01  5.805298e+00  6.000000e+00
     vertex  5.681014e+01  5.789056e+00  0.000000e+00
     vertex  5.680517e+01  5.849212e+00  0.000000e+00
   endloop
 endfacet
 facet normal  9.971941e-01  7.485924e-02 -2.698670e-05
   outer loop
     vertex  5.680863e+01  5.805298e+00  6.000000e+00
     vertex  5.680517e+01  5.849212e+00  0.000000e+00
     vertex  5.680412e+01  5.865352e+00  6.000000e+00
   endloop
 endfacet
 facet normal  9.947715e-01  1.021256e-01 -2.713195e-05
   outer loop
     vertex  5.681478e+01  5.745391e+00  6.000000e+00
     vertex  5.681014e+01  5.789056e+00  0.000000e+00
     vertex  5.680863e+01  5.805298e+00  6.000000e+00
   endloop
 endfacet
 facet normal  9.939835e-01  1.095298e-01  2.736188e-05
   outer loop
     vertex  5.681478e+01  5.745391e+00  6.000000e+00
     vertex  5.681675e+01  5.729058e+00  0.000000e+00
     vertex  5.681014e+01  5.789056e+00  0.000000e+00
   endloop
 endfacet
 facet normal  9.906046e-01  1.367575e-01  2.750495e-05
   outer loop
     vertex  5.682257e+01  5.685674e+00  6.000000e+00
     vertex  5.682500e+01  5.669265e+00  0.000000e+00
     vertex  5.681675e+01  5.729058e+00  0.000000e+00
   endloop
 endfacet
 facet normal  9.916035e-01  1.293155e-01 -2.727574e-05
   outer loop
     vertex  5.682257e+01  5.685674e+00  6.000000e+00
     vertex  5.681675e+01  5.729058e+00  0.000000e+00
     vertex  5.681478e+01  5.745391e+00  6.000000e+00
   endloop
 endfacet
 facet normal  9.864799e-01  1.638824e-01  2.764658e-05
   outer loop
     vertex  5.683199e+01  5.626193e+00  6.000000e+00
     vertex  5.683489e+01  5.609720e+00  0.000000e+00
     vertex  5.682500e+01  5.669265e+00  0.000000e+00
   endloop
 endfacet
 facet normal  9.876925e-01  1.564085e-01 -2.741809e-05
   outer loop
     vertex  5.683199e+01  5.626193e+00  6.000000e+00
     vertex  5.682500e+01  5.669265e+00  0.000000e+00
     vertex  5.682257e+01  5.685674e+00  6.000000e+00
   endloop
 endfacet
 facet normal  9.816126e-01  1.908838e-01  2.778675e-05
   outer loop
     vertex  5.684303e+01  5.566992e+00  6.000000e+00
     vertex  5.684642e+01  5.550470e+00  0.000000e+00
     vertex  5.683489e+01  5.609720e+00  0.000000e+00
   endloop
 endfacet
 facet normal  9.830413e-01  1.833842e-01 -2.755899e-05
   outer loop
     vertex  5.684303e+01  5.566992e+00  6.000000e+00
     vertex  5.683489e+01  5.609720e+00  0.000000e+00
     vertex  5.683199e+01  5.626193e+00  6.000000e+00
   endloop
 endfacet
 facet normal  9.760065e-01  2.177416e-01  2.792548e-05
   outer loop
     vertex  5.685569e+01  5.508115e+00  6.000000e+00
     vertex  5.685956e+01  5.491557e+00  0.000000e+00
     vertex  5.684642e+01  5.550470e+00  0.000000e+00
   endloop
 endfacet
 facet normal  9.776536e-01  2.102226e-01 -2.769845e-05
   outer loop
     vertex  5.685569e+01  5.508115e+00  6.000000e+00
     vertex  5.684642e+01  5.550470e+00  0.000000e+00
     vertex  5.684303e+01  5.566992e+00  6.000000e+00
   endloop
 endfacet
 facet normal  9.696656e-01  2.444354e-01  2.806277e-05
   outer loop
     vertex  5.686996e+01  5.449607e+00  6.000000e+00
     vertex  5.687431e+01  5.433028e+00  0.000000e+00
     vertex  5.685956e+01  5.491557e+00  0.000000e+00
   endloop
 endfacet
 facet normal  9.715332e-01  2.369034e-01 -2.783646e-05
   outer loop
     vertex  5.686996e+01  5.449607e+00  6.000000e+00
     vertex  5.685956e+01  5.491557e+00  0.000000e+00
     vertex  5.685569e+01  5.508115e+00  6.000000e+00
   endloop
 endfacet
 facet normal  9.625948e-01  2.709453e-01  2.819860e-05
   outer loop
     vertex  5.688582e+01  5.391512e+00  6.000000e+00
     vertex  5.689067e+01  5.374925e+00  0.000000e+00
     vertex  5.687431e+01  5.433028e+00  0.000000e+00
   endloop
 endfacet
 facet normal  9.646849e-01  2.634067e-01 -2.797301e-05
   outer loop
     vertex  5.688582e+01  5.391512e+00  6.000000e+00
     vertex  5.687431e+01  5.433028e+00  0.000000e+00
     vertex  5.686996e+01  5.449607e+00  6.000000e+00
   endloop
 endfacet
 facet normal  9.547993e-01  2.972512e-01  2.833299e-05
   outer loop
     vertex  5.690327e+01  5.333872e+00  6.000000e+00
     vertex  5.690861e+01  5.317293e+00  0.000000e+00
     vertex  5.689067e+01  5.374925e+00  0.000000e+00
   endloop
 endfacet
 facet normal  9.571137e-01  2.897126e-01 -2.810813e-05
   outer loop
     vertex  5.690327e+01  5.333872e+00  6.000000e+00
     vertex  5.689067e+01  5.374925e+00  0.000000e+00
     vertex  5.688582e+01  5.391512e+00  6.000000e+00
   endloop
 endfacet
 facet normal  9.462851e-01  3.233333e-01  2.846593e-05
   outer loop
     vertex  5.692229e+01  5.276732e+00  6.000000e+00
     vertex  5.692813e+01  5.260175e+00  0.000000e+00
     vertex  5.690861e+01  5.317293e+00  0.000000e+00
   endloop
 endfacet
 facet normal  9.488253e-01  3.158015e-01 -2.824179e-05
   outer loop
     vertex  5.692229e+01  5.276732e+00  6.000000e+00
     vertex  5.690861e+01  5.317293e+00  0.000000e+00
     vertex  5.690327e+01  5.333872e+00  6.000000e+00
   endloop
 endfacet
 facet normal  9.370586e-01  3.491720e-01  2.859742e-05
   outer loop
     vertex  5.694286e+01  5.220133e+00  6.000000e+00
     vertex  5.694920e+01  5.203613e+00  0.000000e+00
     vertex  5.692813e+01  5.260175e+00  0.000000e+00
   endloop
 endfacet
 facet normal  9.398259e-01  3.416537e-01 -2.837401e-05
   outer loop
     vertex  5.694286e+01  5.220133e+00  6.000000e+00
     vertex  5.692813e+01  5.260175e+00  0.000000e+00
     vertex  5.692229e+01  5.276732e+00  6.000000e+00
   endloop
 endfacet
 facet normal  9.271267e-01  3.747479e-01  2.872747e-05
   outer loop
     vertex  5.696498e+01  5.164119e+00  6.000000e+00
     vertex  5.697182e+01  5.147651e+00  0.000000e+00
     vertex  5.694920e+01  5.203613e+00  0.000000e+00
   endloop
 endfacet
 facet normal  9.301223e-01  3.672499e-01 -2.850477e-05
   outer loop
     vertex  5.696498e+01  5.164119e+00  6.000000e+00
     vertex  5.694920e+01  5.203613e+00  0.000000e+00
     vertex  5.694286e+01  5.220133e+00  6.000000e+00
   endloop
 endfacet
 facet normal  9.164969e-01  4.000417e-01  2.885606e-05
   outer loop
     vertex  5.698862e+01  5.108731e+00  6.000000e+00
     vertex  5.699597e+01  5.092331e+00  0.000000e+00
     vertex  5.697182e+01  5.147651e+00  0.000000e+00
   endloop
 endfacet
 facet normal  9.197218e-01  3.925709e-01 -2.863409e-05
   outer loop
     vertex  5.698862e+01  5.108731e+00  6.000000e+00
     vertex  5.697182e+01  5.147651e+00  0.000000e+00
     vertex  5.696498e+01  5.164119e+00  6.000000e+00
   endloop
 endfacet
 facet normal  9.051772e-01  4.250344e-01  2.898321e-05
   outer loop
     vertex  5.701377e+01  5.054011e+00  6.000000e+00
     vertex  5.702163e+01  5.037694e+00  0.000000e+00
     vertex  5.699597e+01  5.092331e+00  0.000000e+00
   endloop
 endfacet
 facet normal  9.086320e-01  4.175977e-01 -2.876197e-05
   outer loop
     vertex  5.701377e+01  5.054011e+00  6.000000e+00
     vertex  5.699597e+01  5.092331e+00  0.000000e+00
     vertex  5.698862e+01  5.108731e+00  6.000000e+00
   endloop
 endfacet
 facet normal  8.931761e-01  4.497071e-01  2.910891e-05
   outer loop
     vertex  5.704041e+01  5.000000e+00  6.000000e+00
     vertex  5.704877e+01  4.983781e+00  0.000000e+00
     vertex  5.702163e+01  5.037694e+00  0.000000e+00
   endloop
 endfacet
 facet normal  8.805026e-01  4.740412e-01 -5.433105e-05
   outer loop
     vertex  5.704041e+01  5.000000e+00  6.000000e+00
     vertex  5.707738e+01  4.930634e+00  0.000000e+00
     vertex  5.704877e+01  4.983781e+00  0.000000e+00
   endloop
 endfacet
 facet normal  8.968614e-01  4.423116e-01 -2.888839e-05
   outer loop
     vertex  5.704041e+01  5.000000e+00  6.000000e+00
     vertex  5.702163e+01  5.037694e+00  0.000000e+00
     vertex  5.701377e+01  5.054011e+00  6.000000e+00
   endloop
 endfacet
 facet normal  8.843958e-01  4.667378e-01 -1.885171e-14
   outer loop
     vertex  5.706862e+01  4.946548e+00  8.000000e+00
     vertex  5.704041e+01  5.000000e+00  6.000000e+00
     vertex  5.704041e+01  5.000000e+00  8.000000e+00
   endloop
 endfacet
 facet normal  8.838122e-01  4.678418e-01  3.773653e-05
   outer loop
     vertex  5.706862e+01  4.946548e+00  8.000000e+00
     vertex  5.707738e+01  4.930634e+00  0.000000e+00
     vertex  5.704041e+01  5.000000e+00  6.000000e+00
   endloop
 endfacet
 facet normal  8.671664e-01  4.980186e-01  2.172395e-05
   outer loop
     vertex  5.709828e+01  4.893890e+00  8.000000e+00
     vertex  5.710744e+01  4.878291e+00  0.000000e+00
     vertex  5.707738e+01  4.930634e+00  0.000000e+00
   endloop
 endfacet
 facet normal  8.712408e-01  4.908559e-01 -2.181873e-05
   outer loop
     vertex  5.709828e+01  4.893890e+00  8.000000e+00
     vertex  5.707738e+01  4.930634e+00  0.000000e+00
     vertex  5.706862e+01  4.946548e+00  8.000000e+00
   endloop
 endfacet
 facet normal  8.531773e-01  5.216210e-01  2.166956e-05
   outer loop
     vertex  5.712939e+01  4.842068e+00  8.000000e+00
     vertex  5.713893e+01  4.826793e+00  0.000000e+00
     vertex  5.710744e+01  4.878291e+00  0.000000e+00
   endloop
 endfacet
 facet normal  8.574282e-01  5.146036e-01 -2.176451e-05
   outer loop
     vertex  5.712939e+01  4.842068e+00  8.000000e+00
     vertex  5.710744e+01  4.878291e+00  0.000000e+00
     vertex  5.709828e+01  4.893890e+00  8.000000e+00
   endloop
 endfacet
 facet normal  8.429685e-01  5.379629e-01 -2.170994e-05
   outer loop
     vertex  5.716190e+01  4.791119e+00  8.000000e+00
     vertex  5.713893e+01  4.826793e+00  0.000000e+00
     vertex  5.712939e+01  4.842068e+00  8.000000e+00
   endloop
 endfacet
 facet normal  8.385460e-01  5.448308e-01  2.161481e-05
   outer loop
     vertex  5.716190e+01  4.791119e+00  8.000000e+00
     vertex  5.717182e+01  4.776178e+00  0.000000e+00
     vertex  5.713893e+01  4.826793e+00  0.000000e+00
   endloop
 endfacet
 facet normal  8.278726e-01  5.609161e-01 -2.165501e-05
   outer loop
     vertex  5.719580e+01  4.741083e+00  8.000000e+00
     vertex  5.717182e+01  4.776178e+00  0.000000e+00
     vertex  5.716190e+01  4.791119e+00  8.000000e+00
   endloop
 endfacet
 facet normal  8.232835e-01  5.676304e-01  2.155971e-05
   outer loop
     vertex  5.719580e+01  4.741083e+00  8.000000e+00
     vertex  5.720608e+01  4.726484e+00  0.000000e+00
     vertex  5.717182e+01  4.776178e+00  0.000000e+00
   endloop
 endfacet
 facet normal  8.121519e-01  5.834460e-01 -2.159973e-05
   outer loop
     vertex  5.723107e+01  4.691997e+00  8.000000e+00
     vertex  5.720608e+01  4.726484e+00  0.000000e+00
     vertex  5.719580e+01  4.741083e+00  8.000000e+00
   endloop
 endfacet
 facet normal  8.074012e-01  5.900028e-01  2.150425e-05
   outer loop
     vertex  5.723107e+01  4.691997e+00  8.000000e+00
     vertex  5.724169e+01  4.677748e+00  0.000000e+00
     vertex  5.720608e+01  4.726484e+00  0.000000e+00
   endloop
 endfacet
 facet normal  7.958182e-01  6.055356e-01 -2.154410e-05
   outer loop
     vertex  5.726766e+01  4.643898e+00  8.000000e+00
     vertex  5.724169e+01  4.677748e+00  0.000000e+00
     vertex  5.723107e+01  4.691997e+00  8.000000e+00
   endloop
 endfacet
 facet normal  7.909112e-01  6.119310e-01  2.144844e-05
   outer loop
     vertex  5.726766e+01  4.643898e+00  8.000000e+00
     vertex  5.727863e+01  4.630009e+00  0.000000e+00
     vertex  5.724169e+01  4.677748e+00  0.000000e+00
   endloop
 endfacet
 facet normal  7.788839e-01  6.271681e-01 -2.148811e-05
   outer loop
     vertex  5.730557e+01  4.596823e+00  8.000000e+00
     vertex  5.727863e+01  4.630009e+00  0.000000e+00
     vertex  5.726766e+01  4.643898e+00  8.000000e+00
   endloop
 endfacet
 facet normal  7.738257e-01  6.333986e-01  2.139227e-05
   outer loop
     vertex  5.730557e+01  4.596823e+00  8.000000e+00
     vertex  5.731686e+01  4.583300e+00  0.000000e+00
     vertex  5.727863e+01  4.630009e+00  0.000000e+00
   endloop
 endfacet
 facet normal  7.613617e-01  6.483273e-01 -2.143177e-05
   outer loop
     vertex  5.734475e+01  4.550806e+00  8.000000e+00
     vertex  5.731686e+01  4.583300e+00  0.000000e+00
     vertex  5.730557e+01  4.596823e+00  8.000000e+00
   endloop
 endfacet
 facet normal  7.561578e-01  6.543893e-01  2.133575e-05
   outer loop
     vertex  5.734475e+01  4.550806e+00  8.000000e+00
     vertex  5.735636e+01  4.537658e+00  0.000000e+00
     vertex  5.731686e+01  4.583300e+00  0.000000e+00
   endloop
 endfacet
 facet normal  7.432649e-01  6.689972e-01 -2.137507e-05
   outer loop
     vertex  5.738519e+01  4.505884e+00  8.000000e+00
     vertex  5.735636e+01  4.537658e+00  0.000000e+00
     vertex  5.734475e+01  4.550806e+00  8.000000e+00
   endloop
 endfacet
 facet normal  7.379206e-01  6.748875e-01  2.127888e-05
   outer loop
     vertex  5.738519e+01  4.505884e+00  8.000000e+00
     vertex  5.739710e+01  4.493117e+00  0.000000e+00
     vertex  5.735636e+01  4.537658e+00  0.000000e+00
   endloop
 endfacet
 facet normal  7.246072e-01  6.891622e-01 -2.131802e-05
   outer loop
     vertex  5.742684e+01  4.462089e+00  8.000000e+00
     vertex  5.739710e+01  4.493117e+00  0.000000e+00
     vertex  5.738519e+01  4.505884e+00  8.000000e+00
   endloop
 endfacet
 facet normal  7.191280e-01  6.948776e-01  2.122165e-05
   outer loop
     vertex  5.742684e+01  4.462089e+00  8.000000e+00
     vertex  5.743904e+01  4.449710e+00  0.000000e+00
     vertex  5.739710e+01  4.493117e+00  0.000000e+00
   endloop
 endfacet
 facet normal  7.054025e-01  7.088070e-01 -2.126062e-05
   outer loop
     vertex  5.746968e+01  4.419455e+00  8.000000e+00
     vertex  5.743904e+01  4.449710e+00  0.000000e+00
     vertex  5.742684e+01  4.462089e+00  8.000000e+00
   endloop
 endfacet
 facet normal  6.997940e-01  7.143447e-01  2.116407e-05
   outer loop
     vertex  5.746968e+01  4.419455e+00  8.000000e+00
     vertex  5.748216e+01  4.407470e+00  0.000000e+00
     vertex  5.743904e+01  4.449710e+00  0.000000e+00
   endloop
 endfacet
 facet normal  6.856654e-01  7.279168e-01 -2.120286e-05
   outer loop
     vertex  5.751368e+01  4.378013e+00  8.000000e+00
     vertex  5.748216e+01  4.407470e+00  0.000000e+00
     vertex  5.746968e+01  4.419455e+00  8.000000e+00
   endloop
 endfacet
 facet normal  6.799333e-01  7.332740e-01  2.110614e-05
   outer loop
     vertex  5.751368e+01  4.378013e+00  8.000000e+00
     vertex  5.752642e+01  4.366428e+00  0.000000e+00
     vertex  5.748216e+01  4.407470e+00  0.000000e+00
   endloop
 endfacet
 facet normal  6.654109e-01  7.464773e-01 -2.114475e-05
   outer loop
     vertex  5.755879e+01  4.337796e+00  8.000000e+00
     vertex  5.752642e+01  4.366428e+00  0.000000e+00
     vertex  5.751368e+01  4.378013e+00  8.000000e+00
   endloop
 endfacet
 facet normal  6.595607e-01  7.516513e-01  2.104785e-05
   outer loop
     vertex  5.755879e+01  4.337796e+00  8.000000e+00
     vertex  5.757179e+01  4.326617e+00  0.000000e+00
     vertex  5.752642e+01  4.366428e+00  0.000000e+00
   endloop
 endfacet
 facet normal  6.446541e-01  7.644744e-01 -2.108628e-05
   outer loop
     vertex  5.760500e+01  4.298834e+00  8.000000e+00
     vertex  5.757179e+01  4.326617e+00  0.000000e+00
     vertex  5.755879e+01  4.337796e+00  8.000000e+00
   endloop
 endfacet
 facet normal  6.386916e-01  7.694628e-01  2.098921e-05
   outer loop
     vertex  5.760500e+01  4.298834e+00  8.000000e+00
     vertex  5.761823e+01  4.288065e+00  0.000000e+00
     vertex  5.757179e+01  4.326617e+00  0.000000e+00
   endloop
 endfacet
 facet normal  6.234108e-01  7.818945e-01 -2.102746e-05
   outer loop
     vertex  5.765225e+01  4.261155e+00  8.000000e+00
     vertex  5.761823e+01  4.288065e+00  0.000000e+00
     vertex  5.760500e+01  4.298834e+00  8.000000e+00
   endloop
 endfacet
 facet normal  6.173417e-01  7.866951e-01  2.093021e-05
   outer loop
     vertex  5.765225e+01  4.261155e+00  8.000000e+00
     vertex  5.766572e+01  4.250802e+00  0.000000e+00
     vertex  5.761823e+01  4.288065e+00  0.000000e+00
   endloop
 endfacet
 facet normal  6.016970e-01  7.987245e-01 -2.096829e-05
   outer loop
     vertex  5.770053e+01  4.224789e+00  8.000000e+00
     vertex  5.766572e+01  4.250802e+00  0.000000e+00
     vertex  5.765225e+01  4.261155e+00  8.000000e+00
   endloop
 endfacet
 facet normal  5.955271e-01  8.033352e-01  2.087086e-05
   outer loop
     vertex  5.770053e+01  4.224789e+00  8.000000e+00
     vertex  5.771421e+01  4.214856e+00  0.000000e+00
     vertex  5.766572e+01  4.250802e+00  0.000000e+00
   endloop
 endfacet
 facet normal  5.732642e-01  8.193706e-01  2.081116e-05
   outer loop
     vertex  5.774978e+01  4.189762e+00  8.000000e+00
     vertex  5.776367e+01  4.180253e+00  0.000000e+00
     vertex  5.771421e+01  4.214856e+00  0.000000e+00
   endloop
 endfacet
 facet normal  5.795290e-01  8.149516e-01 -2.090876e-05
   outer loop
     vertex  5.774978e+01  4.189762e+00  8.000000e+00
     vertex  5.771421e+01  4.214856e+00  0.000000e+00
     vertex  5.770053e+01  4.224789e+00  8.000000e+00
   endloop
 endfacet
 facet normal  5.569237e-01  8.305637e-01 -2.084888e-05
   outer loop
     vertex  5.779998e+01  4.156102e+00  8.000000e+00
     vertex  5.776367e+01  4.180253e+00  0.000000e+00
     vertex  5.774978e+01  4.189762e+00  8.000000e+00
   endloop
 endfacet
 facet normal  5.505698e-01  8.347891e-01  2.075110e-05
   outer loop
     vertex  5.779998e+01  4.156102e+00  8.000000e+00
     vertex  5.781405e+01  4.147020e+00  0.000000e+00
     vertex  5.776367e+01  4.180253e+00  0.000000e+00
   endloop
 endfacet
 facet normal  5.274609e-01  8.495793e-01  2.069069e-05
   outer loop
     vertex  5.785109e+01  4.123834e+00  8.000000e+00
     vertex  5.786534e+01  4.115183e+00  0.000000e+00
     vertex  5.781405e+01  4.147020e+00  0.000000e+00
   endloop
 endfacet
 facet normal  5.338980e-01  8.455489e-01 -2.078865e-05
   outer loop
     vertex  5.785109e+01  4.123834e+00  8.000000e+00
     vertex  5.781405e+01  4.147020e+00  0.000000e+00
     vertex  5.779998e+01  4.156102e+00  8.000000e+00
   endloop
 endfacet
 facet normal  5.039550e-01  8.637299e-01  2.062993e-05
   outer loop
     vertex  5.790306e+01  4.092981e+00  8.000000e+00
     vertex  5.791747e+01  4.084764e+00  0.000000e+00
     vertex  5.786534e+01  4.115183e+00  0.000000e+00
   endloop
 endfacet
 facet normal  5.104694e-01  8.598959e-01 -2.072806e-05
   outer loop
     vertex  5.790306e+01  4.092981e+00  8.000000e+00
     vertex  5.786534e+01  4.115183e+00  0.000000e+00
     vertex  5.785109e+01  4.123834e+00  8.000000e+00
   endloop
 endfacet
 facet normal  4.800697e-01  8.772303e-01  2.056881e-05
   outer loop
     vertex  5.795586e+01  4.063568e+00  8.000000e+00
     vertex  5.797042e+01  4.055786e+00  0.000000e+00
     vertex  5.791747e+01  4.084764e+00  0.000000e+00
   endloop
 endfacet
 facet normal  4.866555e-01  8.735940e-01 -2.066712e-05
   outer loop
     vertex  5.795586e+01  4.063568e+00  8.000000e+00
     vertex  5.791747e+01  4.084764e+00  0.000000e+00
     vertex  5.790306e+01  4.092981e+00  8.000000e+00
   endloop
 endfacet
 facet normal  4.558231e-01  8.900704e-01  2.050733e-05
   outer loop
     vertex  5.800945e+01  4.035616e+00  8.000000e+00
     vertex  5.802415e+01  4.028272e+00  0.000000e+00
     vertex  5.797042e+01  4.055786e+00  0.000000e+00
   endloop
 endfacet
 facet normal  4.624743e-01  8.866327e-01 -2.060582e-05
   outer loop
     vertex  5.800945e+01  4.035616e+00  8.000000e+00
     vertex  5.797042e+01  4.055786e+00  0.000000e+00
     vertex  5.795586e+01  4.063568e+00  8.000000e+00
   endloop
 endfacet
 facet normal  4.312333e-01  9.022405e-01  2.044551e-05
   outer loop
     vertex  5.806378e+01  4.009147e+00  8.000000e+00
     vertex  5.807861e+01  4.002243e+00  0.000000e+00
     vertex  5.802415e+01  4.028272e+00  0.000000e+00
   endloop
 endfacet
 facet normal  4.379441e-01  8.990022e-01 -2.054417e-05
   outer loop
     vertex  5.806378e+01  4.009147e+00  8.000000e+00
     vertex  5.802415e+01  4.028272e+00  0.000000e+00
     vertex  5.800945e+01  4.035616e+00  8.000000e+00
   endloop
 endfacet
 facet normal  4.063188e-01  9.137314e-01  2.038333e-05
   outer loop
     vertex  5.811882e+01  3.984181e+00  8.000000e+00
     vertex  5.813376e+01  3.977717e+00  0.000000e+00
     vertex  5.807861e+01  4.002243e+00  0.000000e+00
   endloop
 endfacet
 facet normal  4.130833e-01  9.106933e-01 -2.048217e-05
   outer loop
     vertex  5.811882e+01  3.984181e+00  8.000000e+00
     vertex  5.807861e+01  4.002243e+00  0.000000e+00
     vertex  5.806378e+01  4.009147e+00  8.000000e+00
   endloop
 endfacet
 facet normal  3.810986e-01  9.245344e-01  2.032079e-05
   outer loop
     vertex  5.817453e+01  3.960735e+00  8.000000e+00
     vertex  5.818956e+01  3.954714e+00  0.000000e+00
     vertex  5.813376e+01  3.977717e+00  0.000000e+00
   endloop
 endfacet
 facet normal  3.879107e-01  9.216969e-01 -2.041981e-05
   outer loop
     vertex  5.817453e+01  3.960735e+00  8.000000e+00
     vertex  5.813376e+01  3.977717e+00  0.000000e+00
     vertex  5.811882e+01  3.984181e+00  8.000000e+00
   endloop
 endfacet
 facet normal  3.555914e-01  9.346415e-01  2.025790e-05
   outer loop
     vertex  5.823086e+01  3.938829e+00  8.000000e+00
     vertex  5.824598e+01  3.933250e+00  0.000000e+00
     vertex  5.818956e+01  3.954714e+00  0.000000e+00
   endloop
 endfacet
 facet normal  3.624454e-01  9.320050e-01 -2.035710e-05
   outer loop
     vertex  5.823086e+01  3.938829e+00  8.000000e+00
     vertex  5.818956e+01  3.954714e+00  0.000000e+00
     vertex  5.817453e+01  3.960735e+00  8.000000e+00
   endloop
 endfacet
 facet normal  3.298166e-01  9.440450e-01  2.019466e-05
   outer loop
     vertex  5.828777e+01  3.918479e+00  8.000000e+00
     vertex  5.830296e+01  3.913342e+00  0.000000e+00
     vertex  5.824598e+01  3.933250e+00  0.000000e+00
   endloop
 endfacet
 facet normal  3.367066e-01  9.416096e-01 -2.029404e-05
   outer loop
     vertex  5.828777e+01  3.918479e+00  8.000000e+00
     vertex  5.824598e+01  3.933250e+00  0.000000e+00
     vertex  5.823086e+01  3.938829e+00  8.000000e+00
   endloop
 endfacet
 facet normal  3.107136e-01  9.505036e-01 -2.023062e-05
   outer loop
     vertex  5.834522e+01  3.899700e+00  8.000000e+00
     vertex  5.830296e+01  3.913342e+00  0.000000e+00
     vertex  5.828777e+01  3.918479e+00  8.000000e+00
   endloop
 endfacet
 facet normal  3.037934e-01  9.527379e-01  2.013107e-05
   outer loop
     vertex  5.834522e+01  3.899700e+00  8.000000e+00
     vertex  5.836047e+01  3.895005e+00  0.000000e+00
     vertex  5.830296e+01  3.913342e+00  0.000000e+00
   endloop
 endfacet
 facet normal  2.844861e-01  9.586802e-01 -2.016684e-05
   outer loop
     vertex  5.840316e+01  3.882506e+00  8.000000e+00
     vertex  5.836047e+01  3.895005e+00  0.000000e+00
     vertex  5.834522e+01  3.899700e+00  8.000000e+00
   endloop
 endfacet
 facet normal  2.775416e-01  9.607136e-01  2.006712e-05
   outer loop
     vertex  5.840316e+01  3.882506e+00  8.000000e+00
     vertex  5.841846e+01  3.878253e+00  0.000000e+00
     vertex  5.836047e+01  3.895005e+00  0.000000e+00
   endloop
 endfacet
 facet normal  2.580439e-01  9.661332e-01 -2.010272e-05
   outer loop
     vertex  5.846155e+01  3.866909e+00  8.000000e+00
     vertex  5.841846e+01  3.878253e+00  0.000000e+00
     vertex  5.840316e+01  3.882506e+00  8.000000e+00
   endloop
 endfacet
 facet normal  2.510809e-01  9.679661e-01  2.000281e-05
   outer loop
     vertex  5.846155e+01  3.866909e+00  8.000000e+00
     vertex  5.847689e+01  3.863097e+00  0.000000e+00
     vertex  5.841846e+01  3.878253e+00  0.000000e+00
   endloop
 endfacet
 facet normal  2.314069e-01  9.728571e-01 -2.003824e-05
   outer loop
     vertex  5.852035e+01  3.852923e+00  8.000000e+00
     vertex  5.847689e+01  3.863097e+00  0.000000e+00
     vertex  5.846155e+01  3.866909e+00  8.000000e+00
   endloop
 endfacet
 facet normal  2.244312e-01  9.744899e-01  1.993815e-05
   outer loop
     vertex  5.852035e+01  3.852923e+00  8.000000e+00
     vertex  5.853571e+01  3.849550e+00  0.000000e+00
     vertex  5.847689e+01  3.863097e+00  0.000000e+00
   endloop
 endfacet
 facet normal  2.045953e-01  9.788467e-01 -1.997340e-05
   outer loop
     vertex  5.857951e+01  3.840558e+00  8.000000e+00
     vertex  5.853571e+01  3.849550e+00  0.000000e+00
     vertex  5.852035e+01  3.852923e+00  8.000000e+00
   endloop
 endfacet
 facet normal  1.976125e-01  9.802802e-01  1.987314e-05
   outer loop
     vertex  5.857951e+01  3.840558e+00  8.000000e+00
     vertex  5.859488e+01  3.837622e+00  0.000000e+00
     vertex  5.853571e+01  3.849550e+00  0.000000e+00
   endloop
 endfacet
 facet normal  1.776292e-01  9.840975e-01 -1.990821e-05
   outer loop
     vertex  5.863899e+01  3.829822e+00  8.000000e+00
     vertex  5.859488e+01  3.837622e+00  0.000000e+00
     vertex  5.857951e+01  3.840558e+00  8.000000e+00
   endloop
 endfacet
 facet normal  1.706451e-01  9.853326e-01  1.980778e-05
   outer loop
     vertex  5.863899e+01  3.829822e+00  8.000000e+00
     vertex  5.865435e+01  3.827322e+00  0.000000e+00
     vertex  5.859488e+01  3.837622e+00  0.000000e+00
   endloop
 endfacet
 facet normal  1.505291e-01  9.886056e-01 -1.984267e-05
   outer loop
     vertex  5.869874e+01  3.820724e+00  8.000000e+00
     vertex  5.865435e+01  3.827322e+00  0.000000e+00
     vertex  5.863899e+01  3.829822e+00  8.000000e+00
   endloop
 endfacet
 facet normal  1.435492e-01  9.896432e-01  1.974206e-05
   outer loop
     vertex  5.869874e+01  3.820724e+00  8.000000e+00
     vertex  5.871409e+01  3.818658e+00  0.000000e+00
     vertex  5.865435e+01  3.827322e+00  0.000000e+00
   endloop
 endfacet
 facet normal  1.233154e-01  9.923675e-01 -1.977677e-05
   outer loop
     vertex  5.875872e+01  3.813271e+00  8.000000e+00
     vertex  5.871409e+01  3.818658e+00  0.000000e+00
     vertex  5.869874e+01  3.820724e+00  8.000000e+00
   endloop
 endfacet
 facet normal  1.163452e-01  9.932088e-01  1.967598e-05
   outer loop
     vertex  5.875872e+01  3.813271e+00  8.000000e+00
     vertex  5.877404e+01  3.811635e+00  0.000000e+00
     vertex  5.871409e+01  3.818658e+00  0.000000e+00
   endloop
 endfacet
 facet normal  9.600866e-02  9.953805e-01 -1.971052e-05
   outer loop
     vertex  5.881888e+01  3.807468e+00  8.000000e+00
     vertex  5.877404e+01  3.811635e+00  0.000000e+00
     vertex  5.875872e+01  3.813271e+00  8.000000e+00
   endloop
 endfacet
 facet normal  8.905371e-02  9.960268e-01  1.960956e-05
   outer loop
     vertex  5.881888e+01  3.807468e+00  8.000000e+00
     vertex  5.883416e+01  3.806260e+00  0.000000e+00
     vertex  5.877404e+01  3.811635e+00  0.000000e+00
   endloop
 endfacet
 facet normal  6.862942e-02  9.976422e-01 -1.964392e-05
   outer loop
     vertex  5.887918e+01  3.803320e+00  8.000000e+00
     vertex  5.883416e+01  3.806260e+00  0.000000e+00
     vertex  5.881888e+01  3.807468e+00  8.000000e+00
   endloop
 endfacet
 facet normal  6.169515e-02  9.980950e-01  1.954278e-05
   outer loop
     vertex  5.887918e+01  3.803320e+00  8.000000e+00
     vertex  5.889441e+01  3.802536e+00  0.000000e+00
     vertex  5.883416e+01  3.806260e+00  0.000000e+00
   endloop
 endfacet
 facet normal  4.119838e-02  9.991510e-01 -1.957696e-05
   outer loop
     vertex  5.893957e+01  3.800830e+00  8.000000e+00
     vertex  5.889441e+01  3.802536e+00  0.000000e+00
     vertex  5.887918e+01  3.803320e+00  8.000000e+00
   endloop
 endfacet
 facet normal  3.429014e-02  9.994119e-01  1.947564e-05
   outer loop
     vertex  5.893957e+01  3.800830e+00  8.000000e+00
     vertex  5.895473e+01  3.800466e+00  0.000000e+00
     vertex  5.889441e+01  3.802536e+00  0.000000e+00
   endloop
 endfacet
 facet normal  1.373625e-02  9.999057e-01 -1.950965e-05
   outer loop
     vertex  5.900000e+01  3.800000e+00  8.000000e+00
     vertex  5.895473e+01  3.800466e+00  0.000000e+00
     vertex  5.893957e+01  3.800830e+00  8.000000e+00
   endloop
 endfacet
 facet normal  6.859319e-03  9.999765e-01  1.940815e-05
   outer loop
     vertex  5.900000e+01  3.800000e+00  8.000000e+00
     vertex  5.901509e+01  3.800052e+00  0.000000e+00
     vertex  5.895473e+01  3.800466e+00  0.000000e+00
   endloop
 endfacet
 facet normal -1.373625e-02  9.999057e-01 -1.944199e-05
   outer loop
     vertex  5.906043e+01  3.800830e+00  8.000000e+00
     vertex  5.901509e+01  3.800052e+00  0.000000e+00
     vertex  5.900000e+01  3.800000e+00  8.000000e+00
   endloop
 endfacet
 facet normal -2.057667e-02  9.997883e-01  1.934031e-05
   outer loop
     vertex  5.906043e+01  3.800830e+00  8.000000e+00
     vertex  5.907544e+01  3.801294e+00  0.000000e+00
     vertex  5.901509e+01  3.800052e+00  0.000000e+00
   endloop
 endfacet
 facet normal -4.119838e-02  9.991510e-01 -1.937397e-05
   outer loop
     vertex  5.912082e+01  3.803320e+00  8.000000e+00
     vertex  5.907544e+01  3.801294e+00  0.000000e+00
     vertex  5.906043e+01  3.800830e+00  8.000000e+00
   endloop
 endfacet
 facet normal -4.799716e-02  9.988475e-01  1.927212e-05
   outer loop
     vertex  5.912082e+01  3.803320e+00  8.000000e+00
     vertex  5.913573e+01  3.804191e+00  0.000000e+00
     vertex  5.907544e+01  3.801294e+00  0.000000e+00
   endloop
 endfacet
 facet normal -6.862942e-02  9.976422e-01 -1.930559e-05
   outer loop
     vertex  5.918112e+01  3.807468e+00  8.000000e+00
     vertex  5.913573e+01  3.804191e+00  0.000000e+00
     vertex  5.912082e+01  3.803320e+00  8.000000e+00
   endloop
 endfacet
 facet normal -7.538152e-02  9.971548e-01  1.920357e-05
   outer loop
     vertex  5.918112e+01  3.807468e+00  8.000000e+00
     vertex  5.919592e+01  3.808741e+00  0.000000e+00
     vertex  5.913573e+01  3.804191e+00  0.000000e+00
   endloop
 endfacet
 facet normal -9.600866e-02  9.953805e-01 -1.923687e-05
   outer loop
     vertex  5.924128e+01  3.813271e+00  8.000000e+00
     vertex  5.919592e+01  3.808741e+00  0.000000e+00
     vertex  5.918112e+01  3.807468e+00  8.000000e+00
   endloop
 endfacet
 facet normal -1.027091e-01  9.947114e-01  1.913466e-05
   outer loop
     vertex  5.924128e+01  3.813271e+00  8.000000e+00
     vertex  5.925596e+01  3.814941e+00  0.000000e+00
     vertex  5.919592e+01  3.808741e+00  0.000000e+00
   endloop
 endfacet
 facet normal -1.233154e-01  9.923675e-01 -1.916778e-05
   outer loop
     vertex  5.930126e+01  3.820724e+00  8.000000e+00
     vertex  5.925596e+01  3.814941e+00  0.000000e+00
     vertex  5.924128e+01  3.813271e+00  8.000000e+00
   endloop
 endfacet
 facet normal -1.299594e-01  9.915193e-01  1.906540e-05
   outer loop
     vertex  5.930126e+01  3.820724e+00  8.000000e+00
     vertex  5.931581e+01  3.822785e+00  0.000000e+00
     vertex  5.925596e+01  3.814941e+00  0.000000e+00
   endloop
 endfacet
 facet normal -1.505291e-01  9.886056e-01 -1.909835e-05
   outer loop
     vertex  5.936101e+01  3.829822e+00  8.000000e+00
     vertex  5.931581e+01  3.822785e+00  0.000000e+00
     vertex  5.930126e+01  3.820724e+00  8.000000e+00
   endloop
 endfacet
 facet normal -1.571119e-01  9.875808e-01  1.899579e-05
   outer loop
     vertex  5.936101e+01  3.829822e+00  8.000000e+00
     vertex  5.937542e+01  3.832268e+00  0.000000e+00
     vertex  5.931581e+01  3.822785e+00  0.000000e+00
   endloop
 endfacet
 facet normal -1.776292e-01  9.840975e-01 -1.902856e-05
   outer loop
     vertex  5.942049e+01  3.840558e+00  8.000000e+00
     vertex  5.937542e+01  3.832268e+00  0.000000e+00
     vertex  5.936101e+01  3.829822e+00  8.000000e+00
   endloop
 endfacet
 facet normal -1.841461e-01  9.828989e-01  1.892583e-05
   outer loop
     vertex  5.942049e+01  3.840558e+00  8.000000e+00
     vertex  5.943475e+01  3.843384e+00  0.000000e+00
     vertex  5.937542e+01  3.832268e+00  0.000000e+00
   endloop
 endfacet
 facet normal -2.045953e-01  9.788467e-01 -1.895842e-05
   outer loop
     vertex  5.947965e+01  3.852923e+00  8.000000e+00
     vertex  5.943475e+01  3.843384e+00  0.000000e+00
     vertex  5.942049e+01  3.840558e+00  8.000000e+00
   endloop
 endfacet
 facet normal -2.110417e-01  9.774771e-01  1.885551e-05
   outer loop
     vertex  5.947965e+01  3.852923e+00  8.000000e+00
     vertex  5.949375e+01  3.856122e+00  0.000000e+00
     vertex  5.943475e+01  3.843384e+00  0.000000e+00
   endloop
 endfacet
 facet normal -2.314069e-01  9.728571e-01 -1.888792e-05
   outer loop
     vertex  5.953845e+01  3.866909e+00  8.000000e+00
     vertex  5.949375e+01  3.856122e+00  0.000000e+00
     vertex  5.947965e+01  3.852923e+00  8.000000e+00
   endloop
 endfacet
 facet normal -2.377784e-01  9.713194e-01  1.878483e-05
   outer loop
     vertex  5.953845e+01  3.866909e+00  8.000000e+00
     vertex  5.955238e+01  3.870475e+00  0.000000e+00
     vertex  5.949375e+01  3.856122e+00  0.000000e+00
   endloop
 endfacet
 facet normal -2.580439e-01  9.661332e-01 -1.881707e-05
   outer loop
     vertex  5.959684e+01  3.882506e+00  8.000000e+00
     vertex  5.955238e+01  3.870475e+00  0.000000e+00
     vertex  5.953845e+01  3.866909e+00  8.000000e+00
   endloop
 endfacet
 facet normal -2.643362e-01  9.644306e-01  1.871381e-05
   outer loop
     vertex  5.959684e+01  3.882506e+00  8.000000e+00
     vertex  5.961059e+01  3.886430e+00  0.000000e+00
     vertex  5.955238e+01  3.870475e+00  0.000000e+00
   endloop
 endfacet
 facet normal -2.844861e-01  9.586802e-01 -1.874587e-05
   outer loop
     vertex  5.965478e+01  3.899700e+00  8.000000e+00
     vertex  5.961059e+01  3.886430e+00  0.000000e+00
     vertex  5.959684e+01  3.882506e+00  8.000000e+00
   endloop
 endfacet
 facet normal -2.906949e-01  9.568158e-01  1.864243e-05
   outer loop
     vertex  5.965478e+01  3.899700e+00  8.000000e+00
     vertex  5.966835e+01  3.903977e+00  0.000000e+00
     vertex  5.961059e+01  3.886430e+00  0.000000e+00
   endloop
 endfacet
 facet normal -3.168348e-01  9.484807e-01  1.857069e-05
   outer loop
     vertex  5.971223e+01  3.918479e+00  8.000000e+00
     vertex  5.972560e+01  3.923101e+00  0.000000e+00
     vertex  5.966835e+01  3.903977e+00  0.000000e+00
   endloop
 endfacet
 facet normal -3.107136e-01  9.505036e-01 -1.867431e-05
   outer loop
     vertex  5.971223e+01  3.918479e+00  8.000000e+00
     vertex  5.966835e+01  3.903977e+00  0.000000e+00
     vertex  5.965478e+01  3.899700e+00  8.000000e+00
   endloop
 endfacet
 facet normal -3.427362e-01  9.394317e-01  1.849860e-05
   outer loop
     vertex  5.976914e+01  3.938829e+00  8.000000e+00
     vertex  5.978230e+01  3.943789e+00  0.000000e+00
     vertex  5.972560e+01  3.923101e+00  0.000000e+00
   endloop
 endfacet
 facet normal -3.367066e-01  9.416096e-01 -1.860240e-05
   outer loop
     vertex  5.976914e+01  3.938829e+00  8.000000e+00
     vertex  5.972560e+01  3.923101e+00  0.000000e+00
     vertex  5.971223e+01  3.918479e+00  8.000000e+00
   endloop
 endfacet
 facet normal -3.624454e-01  9.320050e-01 -1.853013e-05
   outer loop
     vertex  5.982547e+01  3.960735e+00  8.000000e+00
     vertex  5.978230e+01  3.943789e+00  0.000000e+00
     vertex  5.976914e+01  3.938829e+00  8.000000e+00
   endloop
 endfacet
 facet normal -3.683796e-01  9.296754e-01  1.842616e-05
   outer loop
     vertex  5.982547e+01  3.960735e+00  8.000000e+00
     vertex  5.983842e+01  3.966024e+00  0.000000e+00
     vertex  5.978230e+01  3.943789e+00  0.000000e+00
   endloop
 endfacet
 facet normal -3.879107e-01  9.216969e-01 -1.845751e-05
   outer loop
     vertex  5.988118e+01  3.984181e+00  8.000000e+00
     vertex  5.983842e+01  3.966024e+00  0.000000e+00
     vertex  5.982547e+01  3.960735e+00  8.000000e+00
   endloop
 endfacet
 facet normal -3.937458e-01  9.192194e-01  1.835336e-05
   outer loop
     vertex  5.988118e+01  3.984181e+00  8.000000e+00
     vertex  5.989390e+01  3.989791e+00  0.000000e+00
     vertex  5.983842e+01  3.966024e+00  0.000000e+00
   endloop
 endfacet
 facet normal -4.130833e-01  9.106933e-01 -1.838454e-05
   outer loop
     vertex  5.993622e+01  4.009147e+00  8.000000e+00
     vertex  5.989390e+01  3.989791e+00  0.000000e+00
     vertex  5.988118e+01  3.984181e+00  8.000000e+00
   endloop
 endfacet
 facet normal -4.188155e-01  9.080714e-01  1.828021e-05
   outer loop
     vertex  5.993622e+01  4.009147e+00  8.000000e+00
     vertex  5.994871e+01  4.015071e+00  0.000000e+00
     vertex  5.989390e+01  3.989791e+00  0.000000e+00
   endloop
 endfacet
 facet normal -4.379441e-01  8.990022e-01 -1.831121e-05
   outer loop
     vertex  5.999055e+01  4.035616e+00  8.000000e+00
     vertex  5.994871e+01  4.015071e+00  0.000000e+00
     vertex  5.993622e+01  4.009147e+00  8.000000e+00
   endloop
 endfacet
 facet normal -4.435699e-01  8.962398e-01  1.820671e-05
   outer loop
     vertex  5.999055e+01  4.035616e+00  8.000000e+00
     vertex  6.000281e+01  4.041845e+00  0.000000e+00
     vertex  5.994871e+01  4.015071e+00  0.000000e+00
   endloop
 endfacet
 facet normal -4.679904e-01  8.837335e-01  1.813285e-05
   outer loop
     vertex  6.004414e+01  4.063568e+00  8.000000e+00
     vertex  6.005615e+01  4.070093e+00  0.000000e+00
     vertex  6.000281e+01  4.041845e+00  0.000000e+00
   endloop
 endfacet
 facet normal -4.624743e-01  8.866327e-01 -1.823753e-05
   outer loop
     vertex  6.004414e+01  4.063568e+00  8.000000e+00
     vertex  6.000281e+01  4.041845e+00  0.000000e+00
     vertex  5.999055e+01  4.035616e+00  8.000000e+00
   endloop
 endfacet
 facet normal -4.920587e-01  8.705620e-01  1.805864e-05
   outer loop
     vertex  6.009694e+01  4.092981e+00  8.000000e+00
     vertex  6.010870e+01  4.099794e+00  0.000000e+00
     vertex  6.005615e+01  4.070093e+00  0.000000e+00
   endloop
 endfacet
 facet normal -4.866555e-01  8.735940e-01 -1.816350e-05
   outer loop
     vertex  6.009694e+01  4.092981e+00  8.000000e+00
     vertex  6.005615e+01  4.070093e+00  0.000000e+00
     vertex  6.004414e+01  4.063568e+00  8.000000e+00
   endloop
 endfacet
 facet normal -5.157565e-01  8.567352e-01  1.798407e-05
   outer loop
     vertex  6.014891e+01  4.123834e+00  8.000000e+00
     vertex  6.016041e+01  4.130926e+00  0.000000e+00
     vertex  6.010870e+01  4.099794e+00  0.000000e+00
   endloop
 endfacet
 facet normal -5.104694e-01  8.598959e-01 -1.808911e-05
   outer loop
     vertex  6.014891e+01  4.123834e+00  8.000000e+00
     vertex  6.010870e+01  4.099794e+00  0.000000e+00
     vertex  6.009694e+01  4.092981e+00  8.000000e+00
   endloop
 endfacet
 facet normal -5.390661e-01  8.422635e-01  1.790915e-05
   outer loop
     vertex  6.020002e+01  4.156102e+00  8.000000e+00
     vertex  6.021125e+01  4.163464e+00  0.000000e+00
     vertex  6.016041e+01  4.130926e+00  0.000000e+00
   endloop
 endfacet
 facet normal -5.338980e-01  8.455489e-01 -1.801437e-05
   outer loop
     vertex  6.020002e+01  4.156102e+00  8.000000e+00
     vertex  6.016041e+01  4.130926e+00  0.000000e+00
     vertex  6.014891e+01  4.123834e+00  8.000000e+00
   endloop
 endfacet
 facet normal -5.619699e-01  8.271577e-01  1.783388e-05
   outer loop
     vertex  6.025022e+01  4.189762e+00  8.000000e+00
     vertex  6.026118e+01  4.197385e+00  0.000000e+00
     vertex  6.021125e+01  4.163464e+00  0.000000e+00
   endloop
 endfacet
 facet normal -5.569237e-01  8.305637e-01 -1.793927e-05
   outer loop
     vertex  6.025022e+01  4.189762e+00  8.000000e+00
     vertex  6.021125e+01  4.163464e+00  0.000000e+00
     vertex  6.020002e+01  4.156102e+00  8.000000e+00
   endloop
 endfacet
 facet normal -5.844507e-01  8.114292e-01  1.775825e-05
   outer loop
     vertex  6.029947e+01  4.224789e+00  8.000000e+00
     vertex  6.031016e+01  4.232663e+00  0.000000e+00
     vertex  6.026118e+01  4.197385e+00  0.000000e+00
   endloop
 endfacet
 facet normal -5.795290e-01  8.149516e-01 -1.786382e-05
   outer loop
     vertex  6.029947e+01  4.224789e+00  8.000000e+00
     vertex  6.026118e+01  4.197385e+00  0.000000e+00
     vertex  6.025022e+01  4.189762e+00  8.000000e+00
   endloop
 endfacet
 facet normal -6.064915e-01  7.950900e-01  1.768227e-05
   outer loop
     vertex  6.034775e+01  4.261155e+00  8.000000e+00
     vertex  6.035815e+01  4.269271e+00  0.000000e+00
     vertex  6.031016e+01  4.232663e+00  0.000000e+00
   endloop
 endfacet
 facet normal -6.016970e-01  7.987245e-01 -1.778801e-05
   outer loop
     vertex  6.034775e+01  4.261155e+00  8.000000e+00
     vertex  6.031016e+01  4.232663e+00  0.000000e+00
     vertex  6.029947e+01  4.224789e+00  8.000000e+00
   endloop
 endfacet
 facet normal -6.280757e-01  7.781522e-01  1.760594e-05
   outer loop
     vertex  6.039500e+01  4.298834e+00  8.000000e+00
     vertex  6.040512e+01  4.307182e+00  0.000000e+00
     vertex  6.035815e+01  4.269271e+00  0.000000e+00
   endloop
 endfacet
 facet normal -6.234108e-01  7.818945e-01 -1.771186e-05
   outer loop
     vertex  6.039500e+01  4.298834e+00  8.000000e+00
     vertex  6.035815e+01  4.269271e+00  0.000000e+00
     vertex  6.034775e+01  4.261155e+00  8.000000e+00
   endloop
 endfacet
 facet normal -6.491872e-01  7.606287e-01  1.752925e-05
   outer loop
     vertex  6.044121e+01  4.337796e+00  8.000000e+00
     vertex  6.045103e+01  4.346367e+00  0.000000e+00
     vertex  6.040512e+01  4.307182e+00  0.000000e+00
   endloop
 endfacet
 facet normal -6.446541e-01  7.644744e-01 -1.763535e-05
   outer loop
     vertex  6.044121e+01  4.337796e+00  8.000000e+00
     vertex  6.040512e+01  4.307182e+00  0.000000e+00
     vertex  6.039500e+01  4.298834e+00  8.000000e+00
   endloop
 endfacet
 facet normal -6.698100e-01  7.425325e-01  1.745221e-05
   outer loop
     vertex  6.048632e+01  4.378013e+00  8.000000e+00
     vertex  6.049585e+01  4.386797e+00  0.000000e+00
     vertex  6.045103e+01  4.346367e+00  0.000000e+00
   endloop
 endfacet
 facet normal -6.654109e-01  7.464773e-01 -1.755848e-05
   outer loop
     vertex  6.048632e+01  4.378013e+00  8.000000e+00
     vertex  6.045103e+01  4.346367e+00  0.000000e+00
     vertex  6.044121e+01  4.337796e+00  8.000000e+00
   endloop
 endfacet
 facet normal -6.899286e-01  7.238775e-01  1.737481e-05
   outer loop
     vertex  6.053032e+01  4.419455e+00  8.000000e+00
     vertex  6.053955e+01  4.428442e+00  0.000000e+00
     vertex  6.049585e+01  4.386797e+00  0.000000e+00
   endloop
 endfacet
 facet normal -6.856654e-01  7.279168e-01 -1.748126e-05
   outer loop
     vertex  6.053032e+01  4.419455e+00  8.000000e+00
     vertex  6.049585e+01  4.386797e+00  0.000000e+00
     vertex  6.048632e+01  4.378013e+00  8.000000e+00
   endloop
 endfacet
 facet normal -7.095278e-01  7.046775e-01  1.729706e-05
   outer loop
     vertex  6.057316e+01  4.462089e+00  8.000000e+00
     vertex  6.058208e+01  4.471269e+00  0.000000e+00
     vertex  6.053955e+01  4.428442e+00  0.000000e+00
   endloop
 endfacet
 facet normal -7.054025e-01  7.088070e-01 -1.740369e-05
   outer loop
     vertex  6.057316e+01  4.462089e+00  8.000000e+00
     vertex  6.053955e+01  4.428442e+00  0.000000e+00
     vertex  6.053032e+01  4.419455e+00  8.000000e+00
   endloop
 endfacet
 facet normal -7.285929e-01  6.849470e-01  1.721895e-05
   outer loop
     vertex  6.061481e+01  4.505884e+00  8.000000e+00
     vertex  6.062343e+01  4.515247e+00  0.000000e+00
     vertex  6.058208e+01  4.471269e+00  0.000000e+00
   endloop
 endfacet
 facet normal -7.246072e-01  6.891622e-01 -1.732576e-05
   outer loop
     vertex  6.061481e+01  4.505884e+00  8.000000e+00
     vertex  6.058208e+01  4.471269e+00  0.000000e+00
     vertex  6.057316e+01  4.462089e+00  8.000000e+00
   endloop
 endfacet
 facet normal -7.471095e-01  6.647010e-01  1.714050e-05
   outer loop
     vertex  6.065525e+01  4.550806e+00  8.000000e+00
     vertex  6.066355e+01  4.560343e+00  0.000000e+00
     vertex  6.062343e+01  4.515247e+00  0.000000e+00
   endloop
 endfacet
 facet normal -7.432649e-01  6.689972e-01 -1.724748e-05
   outer loop
     vertex  6.065525e+01  4.550806e+00  8.000000e+00
     vertex  6.062343e+01  4.515247e+00  0.000000e+00
     vertex  6.061481e+01  4.505884e+00  8.000000e+00
   endloop
 endfacet
 facet normal -7.650637e-01  6.439545e-01  1.706168e-05
   outer loop
     vertex  6.069443e+01  4.596823e+00  8.000000e+00
     vertex  6.070242e+01  4.606523e+00  0.000000e+00
     vertex  6.066355e+01  4.560343e+00  0.000000e+00
   endloop
 endfacet
 facet normal -7.613617e-01  6.483273e-01 -1.716884e-05
   outer loop
     vertex  6.069443e+01  4.596823e+00  8.000000e+00
     vertex  6.066355e+01  4.560343e+00  0.000000e+00
     vertex  6.065525e+01  4.550806e+00  8.000000e+00
   endloop
 endfacet
 facet normal -7.824421e-01  6.227234e-01  1.698252e-05
   outer loop
     vertex  6.073234e+01  4.643898e+00  8.000000e+00
     vertex  6.074000e+01  4.653752e+00  0.000000e+00
     vertex  6.070242e+01  4.606523e+00  0.000000e+00
   endloop
 endfacet
 facet normal -7.788839e-01  6.271681e-01 -1.708985e-05
   outer loop
     vertex  6.073234e+01  4.643898e+00  8.000000e+00
     vertex  6.070242e+01  4.606523e+00  0.000000e+00
     vertex  6.069443e+01  4.596823e+00  8.000000e+00
   endloop
 endfacet
 facet normal -7.992314e-01  6.010234e-01  1.690300e-05
   outer loop
     vertex  6.076893e+01  4.691997e+00  8.000000e+00
     vertex  6.077628e+01  4.701994e+00  0.000000e+00
     vertex  6.074000e+01  4.653752e+00  0.000000e+00
   endloop
 endfacet
 facet normal -7.958182e-01  6.055356e-01 -1.701051e-05
   outer loop
     vertex  6.076893e+01  4.691997e+00  8.000000e+00
     vertex  6.074000e+01  4.653752e+00  0.000000e+00
     vertex  6.073234e+01  4.643898e+00  8.000000e+00
   endloop
 endfacet
 facet normal -8.154191e-01  5.788711e-01  1.682313e-05
   outer loop
     vertex  6.080420e+01  4.741083e+00  8.000000e+00
     vertex  6.081122e+01  4.751213e+00  0.000000e+00
     vertex  6.077628e+01  4.701994e+00  0.000000e+00
   endloop
 endfacet
 facet normal -8.121519e-01  5.834460e-01 -1.693081e-05
   outer loop
     vertex  6.080420e+01  4.741083e+00  8.000000e+00
     vertex  6.077628e+01  4.701994e+00  0.000000e+00
     vertex  6.076893e+01  4.691997e+00  8.000000e+00
   endloop
 endfacet
 facet normal -8.309929e-01  5.562829e-01  1.674290e-05
   outer loop
     vertex  6.083810e+01  4.791119e+00  8.000000e+00
     vertex  6.084480e+01  4.801372e+00  0.000000e+00
     vertex  6.081122e+01  4.751213e+00  0.000000e+00
   endloop
 endfacet
 facet normal -8.278726e-01  5.609161e-01 -1.685076e-05
   outer loop
     vertex  6.083810e+01  4.791119e+00  8.000000e+00
     vertex  6.081122e+01  4.751213e+00  0.000000e+00
     vertex  6.080420e+01  4.741083e+00  8.000000e+00
   endloop
 endfacet
 facet normal -8.459413e-01  5.332761e-01  1.666232e-05
   outer loop
     vertex  6.087061e+01  4.842068e+00  8.000000e+00
     vertex  6.087699e+01  4.852434e+00  0.000000e+00
     vertex  6.084480e+01  4.801372e+00  0.000000e+00
   endloop
 endfacet
 facet normal -8.429685e-01  5.379629e-01 -1.677036e-05
   outer loop
     vertex  6.087061e+01  4.842068e+00  8.000000e+00
     vertex  6.084480e+01  4.801372e+00  0.000000e+00
     vertex  6.083810e+01  4.791119e+00  8.000000e+00
   endloop
 endfacet
 facet normal -8.602528e-01  5.098678e-01  1.658138e-05
   outer loop
     vertex  6.090172e+01  4.893890e+00  8.000000e+00
     vertex  6.090777e+01  4.904359e+00  0.000000e+00
     vertex  6.087699e+01  4.852434e+00  0.000000e+00
   endloop
 endfacet
 facet normal -8.574282e-01  5.146036e-01 -1.668960e-05
   outer loop
     vertex  6.090172e+01  4.893890e+00  8.000000e+00
     vertex  6.087699e+01  4.852434e+00  0.000000e+00
     vertex  6.087061e+01  4.842068e+00  8.000000e+00
   endloop
 endfacet
 facet normal -8.712408e-01  4.908559e-01 -1.660849e-05
   outer loop
     vertex  6.093138e+01  4.946548e+00  8.000000e+00
     vertex  6.090777e+01  4.904359e+00  0.000000e+00
     vertex  6.090172e+01  4.893890e+00  8.000000e+00
   endloop
 endfacet
 facet normal -8.739167e-01  4.860756e-01  1.650009e-05
   outer loop
     vertex  6.093138e+01  4.946548e+00  8.000000e+00
     vertex  6.093711e+01  4.957109e+00  0.000000e+00
     vertex  6.090777e+01  4.904359e+00  0.000000e+00
   endloop
 endfacet
 facet normal -8.846642e-01  4.662287e-01 -1.739112e-05
   outer loop
     vertex  6.095959e+01  5.000000e+00  6.000000e+00
     vertex  6.093711e+01  4.957109e+00  0.000000e+00
     vertex  6.093138e+01  4.946548e+00  8.000000e+00
   endloop
 endfacet
 facet normal -8.869228e-01  4.619176e-01  2.189127e-05
   outer loop
     vertex  6.095959e+01  5.000000e+00  6.000000e+00
     vertex  6.096499e+01  5.010644e+00  0.000000e+00
     vertex  6.093711e+01  4.957109e+00  0.000000e+00
   endloop
 endfacet
 facet normal -8.843958e-01  4.667378e-01 -1.885203e-14
   outer loop
     vertex  6.095959e+01  5.000000e+00  8.000000e+00
     vertex  6.095959e+01  5.000000e+00  6.000000e+00
     vertex  6.093138e+01  4.946548e+00  8.000000e+00
   endloop
 endfacet
 facet normal -8.966047e-01  4.428318e-01 -2.067513e-05
   outer loop
     vertex  6.098513e+01  5.051708e+00  6.000000e+00
     vertex  6.096499e+01  5.010644e+00  0.000000e+00
     vertex  6.095959e+01  5.000000e+00  6.000000e+00
   endloop
 endfacet
 facet normal -8.992613e-01  4.374119e-01  2.533629e-05
   outer loop
     vertex  6.098513e+01  5.051708e+00  6.000000e+00
     vertex  6.099139e+01  5.064924e+00  0.000000e+00
     vertex  6.096499e+01  5.010644e+00  0.000000e+00
   endloop
 endfacet
 facet normal -9.079040e-01  4.191782e-01 -2.384597e-05
   outer loop
     vertex  6.100930e+01  5.104067e+00  6.000000e+00
     vertex  6.099139e+01  5.064924e+00  0.000000e+00
     vertex  6.098513e+01  5.051708e+00  6.000000e+00
   endloop
 endfacet
 facet normal -9.109228e-01  4.125769e-01  2.823294e-05
   outer loop
     vertex  6.100930e+01  5.104067e+00  6.000000e+00
     vertex  6.101629e+01  5.119908e+00  0.000000e+00
     vertex  6.099139e+01  5.064924e+00  0.000000e+00
   endloop
 endfacet
 facet normal -9.185793e-01  3.952367e-01 -2.646843e-05
   outer loop
     vertex  6.103210e+01  5.157041e+00  6.000000e+00
     vertex  6.101629e+01  5.119908e+00  0.000000e+00
     vertex  6.100930e+01  5.104067e+00  6.000000e+00
   endloop
 endfacet
 facet normal -9.218986e-01  3.874313e-01  3.058121e-05
   outer loop
     vertex  6.103210e+01  5.157041e+00  6.000000e+00
     vertex  6.103968e+01  5.175555e+00  0.000000e+00
     vertex  6.101629e+01  5.119908e+00  0.000000e+00
   endloop
 endfacet
 facet normal -9.286235e-01  3.710235e-01 -2.854252e-05
   outer loop
     vertex  6.105349e+01  5.210595e+00  6.000000e+00
     vertex  6.103968e+01  5.175555e+00  0.000000e+00
     vertex  6.103210e+01  5.157041e+00  6.000000e+00
   endloop
 endfacet
 facet normal -9.321804e-01  3.619940e-01  3.238111e-05
   outer loop
     vertex  6.105349e+01  5.210595e+00  6.000000e+00
     vertex  6.106153e+01  5.231822e+00  0.000000e+00
     vertex  6.103968e+01  5.175555e+00  0.000000e+00
   endloop
 endfacet
 facet normal -9.380295e-01  3.465553e-01 -3.006822e-05
   outer loop
     vertex  6.107348e+01  5.264692e+00  6.000000e+00
     vertex  6.106153e+01  5.231822e+00  0.000000e+00
     vertex  6.105349e+01  5.210595e+00  6.000000e+00
   endloop
 endfacet
 facet normal -9.417605e-01  3.362843e-01  3.363263e-05
   outer loop
     vertex  6.107348e+01  5.264692e+00  6.000000e+00
     vertex  6.108183e+01  5.288667e+00  0.000000e+00
     vertex  6.106153e+01  5.231822e+00  0.000000e+00
   endloop
 endfacet
 facet normal -9.467910e-01  3.218491e-01 -3.104555e-05
   outer loop
     vertex  6.109204e+01  5.319294e+00  6.000000e+00
     vertex  6.108183e+01  5.288667e+00  0.000000e+00
     vertex  6.107348e+01  5.264692e+00  6.000000e+00
   endloop
 endfacet
 facet normal -9.506317e-01  3.103214e-01  3.433576e-05
   outer loop
     vertex  6.109204e+01  5.319294e+00  6.000000e+00
     vertex  6.110056e+01  5.346047e+00  0.000000e+00
     vertex  6.108183e+01  5.288667e+00  0.000000e+00
   endloop
 endfacet
 facet normal -9.549018e-01  2.969216e-01 -3.147449e-05
   outer loop
     vertex  6.110917e+01  5.374363e+00  6.000000e+00
     vertex  6.110056e+01  5.346047e+00  0.000000e+00
     vertex  6.109204e+01  5.319294e+00  6.000000e+00
   endloop
 endfacet
 facet normal -9.587873e-01  2.841250e-01  3.449051e-05
   outer loop
     vertex  6.110917e+01  5.374363e+00  6.000000e+00
     vertex  6.111771e+01  5.403920e+00  0.000000e+00
     vertex  6.110056e+01  5.346047e+00  0.000000e+00
   endloop
 endfacet
 facet normal -9.662211e-01  2.577146e-01  3.409688e-05
   outer loop
     vertex  6.112484e+01  5.429863e+00  6.000000e+00
     vertex  6.113326e+01  5.462242e+00  0.000000e+00
     vertex  6.111771e+01  5.403920e+00  0.000000e+00
   endloop
 endfacet
 facet normal -9.623565e-01  2.717902e-01 -3.135505e-05
   outer loop
     vertex  6.112484e+01  5.429863e+00  6.000000e+00
     vertex  6.111771e+01  5.403920e+00  0.000000e+00
     vertex  6.110917e+01  5.374363e+00  6.000000e+00
   endloop
 endfacet
 facet normal -9.729276e-01  2.311102e-01  3.315487e-05
   outer loop
     vertex  6.113905e+01  5.485754e+00  6.000000e+00
     vertex  6.114721e+01  5.520969e+00  0.000000e+00
     vertex  6.113326e+01  5.462242e+00  0.000000e+00
   endloop
 endfacet
 facet normal -9.691499e-01  2.464719e-01 -3.068723e-05
   outer loop
     vertex  6.113905e+01  5.485754e+00  6.000000e+00
     vertex  6.113326e+01  5.462242e+00  0.000000e+00
     vertex  6.112484e+01  5.429863e+00  6.000000e+00
   endloop
 endfacet
 facet normal -9.789017e-01  2.043319e-01  3.166447e-05
   outer loop
     vertex  6.115180e+01  5.541999e+00  6.000000e+00
     vertex  6.115955e+01  5.580056e+00  0.000000e+00
     vertex  6.114721e+01  5.520969e+00  0.000000e+00
   endloop
 endfacet
 facet normal -9.752774e-01  2.209843e-01 -2.947102e-05
   outer loop
     vertex  6.115180e+01  5.541999e+00  6.000000e+00
     vertex  6.114721e+01  5.520969e+00  0.000000e+00
     vertex  6.113905e+01  5.485754e+00  6.000000e+00
   endloop
 endfacet
 facet normal -9.841389e-01  1.773998e-01  2.962569e-05
   outer loop
     vertex  6.116306e+01  5.598558e+00  6.000000e+00
     vertex  6.117026e+01  5.639459e+00  0.000000e+00
     vertex  6.115955e+01  5.580056e+00  0.000000e+00
   endloop
 endfacet
 facet normal -9.807346e-01  1.953449e-01 -2.770644e-05
   outer loop
     vertex  6.116306e+01  5.598558e+00  6.000000e+00
     vertex  6.115955e+01  5.580056e+00  0.000000e+00
     vertex  6.115180e+01  5.541999e+00  6.000000e+00
   endloop
 endfacet
 facet normal -9.886353e-01  1.503341e-01  2.703854e-05
   outer loop
     vertex  6.117284e+01  5.655393e+00  6.000000e+00
     vertex  6.117933e+01  5.699133e+00  0.000000e+00
     vertex  6.117026e+01  5.639459e+00  0.000000e+00
   endloop
 endfacet
 facet normal -9.855179e-01  1.695712e-01 -2.539347e-05
   outer loop
     vertex  6.117284e+01  5.655393e+00  6.000000e+00
     vertex  6.117026e+01  5.639459e+00  0.000000e+00
     vertex  6.116306e+01  5.598558e+00  6.000000e+00
   endloop
 endfacet
 facet normal -9.923874e-01  1.231552e-01  2.390302e-05
   outer loop
     vertex  6.118113e+01  5.712465e+00  6.000000e+00
     vertex  6.118676e+01  5.759035e+00  0.000000e+00
     vertex  6.117933e+01  5.699133e+00  0.000000e+00
   endloop
 endfacet
 facet normal -9.896241e-01  1.436810e-01 -2.253213e-05
   outer loop
     vertex  6.118113e+01  5.712465e+00  6.000000e+00
     vertex  6.117933e+01  5.699133e+00  0.000000e+00
     vertex  6.117284e+01  5.655393e+00  6.000000e+00
   endloop
 endfacet
 facet normal -9.953925e-01  9.588368e-02  2.021912e-05
   outer loop
     vertex  6.118792e+01  5.769735e+00  6.000000e+00
     vertex  6.119255e+01  5.819117e+00  0.000000e+00
     vertex  6.118676e+01  5.759035e+00  0.000000e+00
   endloop
 endfacet
 facet normal -9.930501e-01  1.176921e-01 -1.912242e-05
   outer loop
     vertex  6.118792e+01  5.769735e+00  6.000000e+00
     vertex  6.118676e+01  5.759035e+00  0.000000e+00
     vertex  6.118113e+01  5.712465e+00  6.000000e+00
   endloop
 endfacet
 facet normal -9.976484e-01  6.853995e-02  1.598687e-05
   outer loop
     vertex  6.119320e+01  5.827162e+00  6.000000e+00
     vertex  6.119669e+01  5.879336e+00  0.000000e+00
     vertex  6.119255e+01  5.819117e+00  0.000000e+00
   endloop
 endfacet
 facet normal -9.957938e-01  9.162224e-02 -1.516435e-05
   outer loop
     vertex  6.119320e+01  5.827162e+00  6.000000e+00
     vertex  6.119255e+01  5.819117e+00  0.000000e+00
     vertex  6.118792e+01  5.769735e+00  6.000000e+00
   endloop
 endfacet
 facet normal -9.991532e-01  4.114462e-02  1.120626e-05
   outer loop
     vertex  6.119698e+01  5.884709e+00  6.000000e+00
     vertex  6.119917e+01  5.939645e+00  0.000000e+00
     vertex  6.119669e+01  5.879336e+00  0.000000e+00
   endloop
 endfacet
 facet normal -9.978533e-01  6.548946e-02 -1.065792e-05
   outer loop
     vertex  6.119698e+01  5.884709e+00  6.000000e+00
     vertex  6.119669e+01  5.879336e+00  0.000000e+00
     vertex  6.119320e+01  5.827162e+00  6.000000e+00
   endloop
 endfacet
 facet normal -9.999059e-01  1.371831e-02  5.877300e-06
   outer loop
     vertex  6.119924e+01  5.942335e+00  6.000000e+00
     vertex  6.120000e+01  6.000000e+00  0.000000e+00
     vertex  6.119917e+01  5.939645e+00  0.000000e+00
   endloop
 endfacet
 facet normal -9.992270e-01  3.931169e-02 -5.603131e-06
   outer loop
     vertex  6.119924e+01  5.942335e+00  6.000000e+00
     vertex  6.119917e+01  5.939645e+00  0.000000e+00
     vertex  6.119698e+01  5.884709e+00  6.000000e+00
   endloop
 endfacet
 facet normal -9.999141e-01  1.310690e-02  0.000000e+00
   outer loop
     vertex  6.120000e+01  6.000000e+00  6.000000e+00
     vertex  6.120000e+01  6.000000e+00  0.000000e+00
     vertex  6.119924e+01  5.942335e+00  6.000000e+00
   endloop
 endfacet
 facet normal -9.999063e-01 -1.368690e-02  0.000000e+00
   outer loop
     vertex  8.199176e+00  6.060217e+00  6.000000e+00
     vertex  8.200000e+00  6.000000e+00  0.000000e+00
     vertex  8.200000e+00  6.000000e+00  6.000000e+00
   endloop
 endfacet
 facet normal -9.999059e-01 -1.371831e-02  3.153403e-07
   outer loop
     vertex  8.199176e+00  6.060217e+00  6.000000e+00
     vertex  8.199172e+00  6.060355e+00  0.000000e+00
     vertex  8.200000e+00  6.000000e+00  0.000000e+00
   endloop
 endfacet
 facet normal -9.991532e-01 -4.114462e-02  6.292330e-07
   outer loop
     vertex  8.196704e+00  6.120388e+00  6.000000e+00
     vertex  8.196688e+00  6.120664e+00  0.000000e+00
     vertex  8.199172e+00  6.060355e+00  0.000000e+00
   endloop
 endfacet
 facet normal -9.991571e-01 -4.105044e-02 -3.146165e-07
   outer loop
     vertex  8.196704e+00  6.120388e+00  6.000000e+00
     vertex  8.199172e+00  6.060355e+00  0.000000e+00
     vertex  8.199176e+00  6.060217e+00  6.000000e+00
   endloop
 endfacet
 facet normal -9.976484e-01 -6.853995e-02  9.416782e-07
   outer loop
     vertex  8.192585e+00  6.180470e+00  6.000000e+00
     vertex  8.192551e+00  6.180883e+00  0.000000e+00
     vertex  8.196688e+00  6.120664e+00  0.000000e+00
   endloop
 endfacet
 facet normal -9.976591e-01 -6.838323e-02 -6.277855e-07
   outer loop
     vertex  8.192585e+00  6.180470e+00  6.000000e+00
     vertex  8.196688e+00  6.120664e+00  0.000000e+00
     vertex  8.196704e+00  6.120388e+00  6.000000e+00
   endloop
 endfacet
 facet normal -9.953925e-01 -9.588368e-02  1.252676e-06
   outer loop
     vertex  8.186824e+00  6.240416e+00  6.000000e+00
     vertex  8.186764e+00  6.240965e+00  0.000000e+00
     vertex  8.192551e+00  6.180883e+00  0.000000e+00
   endloop
 endfacet
 facet normal -9.954136e-01 -9.566477e-02 -9.395069e-07
   outer loop
     vertex  8.186824e+00  6.240416e+00  6.000000e+00
     vertex  8.192551e+00  6.180883e+00  0.000000e+00
     vertex  8.192585e+00  6.180470e+00  6.000000e+00
   endloop
 endfacet
 facet normal -9.923874e-01 -1.231552e-01  1.562226e-06
   outer loop
     vertex  8.179424e+00  6.300182e+00  6.000000e+00
     vertex  8.179330e+00  6.300867e+00  0.000000e+00
     vertex  8.186764e+00  6.240965e+00  0.000000e+00
   endloop
 endfacet
 facet normal -9.924222e-01 -1.228746e-01 -1.249781e-06
   outer loop
     vertex  8.179424e+00  6.300182e+00  6.000000e+00
     vertex  8.186764e+00  6.240965e+00  0.000000e+00
     vertex  8.186824e+00  6.240416e+00  6.000000e+00
   endloop
 endfacet
 facet normal -9.886353e-01 -1.503341e-01  1.870328e-06
   outer loop
     vertex  8.170392e+00  6.359723e+00  6.000000e+00
     vertex  8.170256e+00  6.360541e+00  0.000000e+00
     vertex  8.179330e+00  6.300867e+00  0.000000e+00
   endloop
 endfacet
 facet normal -9.886871e-01 -1.499924e-01 -1.558607e-06
   outer loop
     vertex  8.170392e+00  6.359723e+00  6.000000e+00
     vertex  8.179330e+00  6.300867e+00  0.000000e+00
     vertex  8.179424e+00  6.300182e+00  6.000000e+00
   endloop
 endfacet
 facet normal -9.841389e-01 -1.773998e-01  2.176983e-06
   outer loop
     vertex  8.159732e+00  6.418994e+00  6.000000e+00
     vertex  8.159548e+00  6.419944e+00  0.000000e+00
     vertex  8.170256e+00  6.360541e+00  0.000000e+00
   endloop
 endfacet
 facet normal -9.842112e-01 -1.769978e-01 -1.865986e-06
   outer loop
     vertex  8.159732e+00  6.418994e+00  6.000000e+00
     vertex  8.170256e+00  6.360541e+00  0.000000e+00
     vertex  8.170392e+00  6.359723e+00  6.000000e+00
   endloop
 endfacet
 facet normal -9.789017e-01 -2.043319e-01  2.482191e-06
   outer loop
     vertex  8.147455e+00  6.477952e+00  6.000000e+00
     vertex  8.147214e+00  6.479031e+00  0.000000e+00
     vertex  8.159548e+00  6.419944e+00  0.000000e+00
   endloop
 endfacet
 facet normal -9.789978e-01 -2.038706e-01 -2.171917e-06
   outer loop
     vertex  8.147455e+00  6.477952e+00  6.000000e+00
     vertex  8.159548e+00  6.419944e+00  0.000000e+00
     vertex  8.159732e+00  6.418994e+00  6.000000e+00
   endloop
 endfacet
 facet normal -9.729276e-01 -2.311102e-01  2.785950e-06
   outer loop
     vertex  8.133568e+00  6.536551e+00  6.000000e+00
     vertex  8.133264e+00  6.537758e+00  0.000000e+00
     vertex  8.147214e+00  6.479031e+00  0.000000e+00
   endloop
 endfacet
 facet normal -9.730509e-01 -2.305906e-01 -2.476400e-06
   outer loop
     vertex  8.133568e+00  6.536551e+00  6.000000e+00
     vertex  8.147214e+00  6.479031e+00  0.000000e+00
     vertex  8.147455e+00  6.477952e+00  6.000000e+00
   endloop
 endfacet
 facet normal -9.663748e-01 -2.571378e-01 -2.779436e-06
   outer loop
     vertex  8.118083e+00  6.594749e+00  6.000000e+00
     vertex  8.133264e+00  6.537758e+00  0.000000e+00
     vertex  8.133568e+00  6.536551e+00  6.000000e+00
   endloop
 endfacet
 facet normal -9.662211e-01 -2.577146e-01  3.088263e-06
   outer loop
     vertex  8.118083e+00  6.594749e+00  6.000000e+00
     vertex  8.117708e+00  6.596080e+00  0.000000e+00
     vertex  8.133264e+00  6.537758e+00  0.000000e+00
   endloop
 endfacet
 facet normal -9.589745e-01 -2.834923e-01 -3.081025e-06
   outer loop
     vertex  8.101010e+00  6.652501e+00  6.000000e+00
     vertex  8.117708e+00  6.596080e+00  0.000000e+00
     vertex  8.118083e+00  6.594749e+00  6.000000e+00
   endloop
 endfacet
 facet normal -9.587873e-01 -2.841250e-01  3.389127e-06
   outer loop
     vertex  8.101010e+00  6.652501e+00  6.000000e+00
     vertex  8.100559e+00  6.653953e+00  0.000000e+00
     vertex  8.117708e+00  6.596080e+00  0.000000e+00
   endloop
 endfacet
 facet normal -9.508557e-01 -3.096344e-01 -3.381166e-06
   outer loop
     vertex  8.082363e+00  6.709763e+00  6.000000e+00
     vertex  8.100559e+00  6.653953e+00  0.000000e+00
     vertex  8.101010e+00  6.652501e+00  6.000000e+00
   endloop
 endfacet
 facet normal -9.506317e-01 -3.103214e-01  3.688544e-06
   outer loop
     vertex  8.082363e+00  6.709763e+00  6.000000e+00
     vertex  8.081827e+00  6.711333e+00  0.000000e+00
     vertex  8.100559e+00  6.653953e+00  0.000000e+00
   endloop
 endfacet
 facet normal -9.420244e-01 -3.355445e-01 -3.679859e-06
   outer loop
     vertex  8.062156e+00  6.766494e+00  6.000000e+00
     vertex  8.081827e+00  6.711333e+00  0.000000e+00
     vertex  8.082363e+00  6.709763e+00  6.000000e+00
   endloop
 endfacet
 facet normal -9.417605e-01 -3.362843e-01  3.986514e-06
   outer loop
     vertex  8.062156e+00  6.766494e+00  6.000000e+00
     vertex  8.061529e+00  6.768178e+00  0.000000e+00
     vertex  8.081827e+00  6.711333e+00  0.000000e+00
   endloop
 endfacet
 facet normal -9.324871e-01 -3.612032e-01 -3.977105e-06
   outer loop
     vertex  8.040403e+00  6.822651e+00  6.000000e+00
     vertex  8.061529e+00  6.768178e+00  0.000000e+00
     vertex  8.062156e+00  6.766494e+00  6.000000e+00
   endloop
 endfacet
 facet normal -9.321804e-01 -3.619940e-01  4.283036e-06
   outer loop
     vertex  8.040403e+00  6.822651e+00  6.000000e+00
     vertex  8.039679e+00  6.824445e+00  0.000000e+00
     vertex  8.061529e+00  6.768178e+00  0.000000e+00
   endloop
 endfacet
 facet normal -9.222512e-01 -3.865912e-01 -4.272903e-06
   outer loop
     vertex  8.017122e+00  6.878191e+00  6.000000e+00
     vertex  8.039679e+00  6.824445e+00  0.000000e+00
     vertex  8.040403e+00  6.822651e+00  6.000000e+00
   endloop
 endfacet
 facet normal -9.218986e-01 -3.874313e-01  4.578110e-06
   outer loop
     vertex  8.017122e+00  6.878191e+00  6.000000e+00
     vertex  8.016293e+00  6.880092e+00  0.000000e+00
     vertex  8.039679e+00  6.824445e+00  0.000000e+00
   endloop
 endfacet
 facet normal -9.109228e-01 -4.125769e-01  4.871737e-06
   outer loop
     vertex  7.992329e+00  6.933073e+00  6.000000e+00
     vertex  7.991390e+00  6.935076e+00  0.000000e+00
     vertex  8.016293e+00  6.880092e+00  0.000000e+00
   endloop
 endfacet
 facet normal -9.113242e-01 -4.116895e-01 -4.567253e-06
   outer loop
     vertex  7.992329e+00  6.933073e+00  6.000000e+00
     vertex  8.016293e+00  6.880092e+00  0.000000e+00
     vertex  8.017122e+00  6.878191e+00  6.000000e+00
   endloop
 endfacet
 facet normal -8.992613e-01 -4.374119e-01  5.163916e-06
   outer loop
     vertex  7.966043e+00  6.987256e+00  6.000000e+00
     vertex  7.964987e+00  6.989356e+00  0.000000e+00
     vertex  7.991390e+00  6.935076e+00  0.000000e+00
   endloop
 endfacet
 facet normal -8.997143e-01 -4.364793e-01 -4.860156e-06
   outer loop
     vertex  7.966043e+00  6.987256e+00  6.000000e+00
     vertex  7.991390e+00  6.935076e+00  0.000000e+00
     vertex  7.992329e+00  6.933073e+00  6.000000e+00
   endloop
 endfacet
 facet normal -8.869228e-01 -4.619176e-01  5.454648e-06
   outer loop
     vertex  7.938284e+00  7.040699e+00  6.000000e+00
     vertex  7.937106e+00  7.042891e+00  0.000000e+00
     vertex  7.964987e+00  6.989356e+00  0.000000e+00
   endloop
 endfacet
 facet normal -8.874302e-01 -4.609421e-01 -5.151612e-06
   outer loop
     vertex  7.938284e+00  7.040699e+00  6.000000e+00
     vertex  7.964987e+00  6.989356e+00  0.000000e+00
     vertex  7.966043e+00  6.987256e+00  6.000000e+00
   endloop
 endfacet
 facet normal -8.739167e-01 -4.860756e-01  5.743932e-06
   outer loop
     vertex  7.909073e+00  7.093362e+00  6.000000e+00
     vertex  7.907766e+00  7.095641e+00  0.000000e+00
     vertex  7.937106e+00  7.042891e+00  0.000000e+00
   endloop
 endfacet
 facet normal -8.744812e-01 -4.850594e-01 -5.441619e-06
   outer loop
     vertex  7.909073e+00  7.093362e+00  6.000000e+00
     vertex  7.937106e+00  7.042891e+00  0.000000e+00
     vertex  7.938284e+00  7.040699e+00  6.000000e+00
   endloop
 endfacet
 facet normal -8.602528e-01 -5.098678e-01  6.031768e-06
   outer loop
     vertex  7.878431e+00  7.145206e+00  6.000000e+00
     vertex  7.876990e+00  7.147566e+00  0.000000e+00
     vertex  7.907766e+00  7.095641e+00  0.000000e+00
   endloop
 endfacet
 facet normal -8.608769e-01 -5.088133e-01 -5.730180e-06
   outer loop
     vertex  7.878431e+00  7.145206e+00  6.000000e+00
     vertex  7.907766e+00  7.095641e+00  0.000000e+00
     vertex  7.909073e+00  7.093362e+00  6.000000e+00
   endloop
 endfacet
 facet normal -8.459413e-01 -5.332761e-01  6.318157e-06
   outer loop
     vertex  7.846381e+00  7.196192e+00  6.000000e+00
     vertex  7.844801e+00  7.198628e+00  0.000000e+00
     vertex  7.876990e+00  7.147566e+00  0.000000e+00
   endloop
 endfacet
 facet normal -8.466275e-01 -5.321860e-01 -6.017292e-06
   outer loop
     vertex  7.846381e+00  7.196192e+00  6.000000e+00
     vertex  7.876990e+00  7.147566e+00  0.000000e+00
     vertex  7.878431e+00  7.145206e+00  6.000000e+00
   endloop
 endfacet
 facet normal -8.309929e-01 -5.562829e-01  6.603098e-06
   outer loop
     vertex  7.812948e+00  7.246282e+00  6.000000e+00
     vertex  7.811224e+00  7.248787e+00  0.000000e+00
     vertex  7.844801e+00  7.198628e+00  0.000000e+00
   endloop
 endfacet
 facet normal -8.317437e-01 -5.551598e-01 -6.302957e-06
   outer loop
     vertex  7.812948e+00  7.246282e+00  6.000000e+00
     vertex  7.844801e+00  7.198628e+00  0.000000e+00
     vertex  7.846381e+00  7.196192e+00  6.000000e+00
   endloop
 endfacet
 facet normal -8.154191e-01 -5.788711e-01  6.886592e-06
   outer loop
     vertex  7.778157e+00  7.295438e+00  6.000000e+00
     vertex  7.776283e+00  7.298006e+00  0.000000e+00
     vertex  7.811224e+00  7.248787e+00  0.000000e+00
   endloop
 endfacet
 facet normal -8.162367e-01 -5.777177e-01 -6.587175e-06
   outer loop
     vertex  7.778157e+00  7.295438e+00  6.000000e+00
     vertex  7.811224e+00  7.248787e+00  0.000000e+00
     vertex  7.812948e+00  7.246282e+00  6.000000e+00
   endloop
 endfacet
 facet normal -7.992314e-01 -6.010234e-01  7.168638e-06
   outer loop
     vertex  7.742033e+00  7.343623e+00  6.000000e+00
     vertex  7.740005e+00  7.346248e+00  0.000000e+00
     vertex  7.776283e+00  7.298006e+00  0.000000e+00
   endloop
 endfacet
 facet normal -8.001180e-01 -5.998426e-01 -6.869945e-06
   outer loop
     vertex  7.742033e+00  7.343623e+00  6.000000e+00
     vertex  7.776283e+00  7.298006e+00  0.000000e+00
     vertex  7.778157e+00  7.295438e+00  6.000000e+00
   endloop
 endfacet
 facet normal -7.824421e-01 -6.227234e-01  7.449236e-06
   outer loop
     vertex  7.704603e+00  7.390801e+00  6.000000e+00
     vertex  7.702417e+00  7.393477e+00  0.000000e+00
     vertex  7.740005e+00  7.346248e+00  0.000000e+00
   endloop
 endfacet
 facet normal -7.833998e-01 -6.215181e-01 -7.151267e-06
   outer loop
     vertex  7.704603e+00  7.390801e+00  6.000000e+00
     vertex  7.740005e+00  7.346248e+00  0.000000e+00
     vertex  7.742033e+00  7.343623e+00  6.000000e+00
   endloop
 endfacet
 facet normal -7.650637e-01 -6.439545e-01  7.728387e-06
   outer loop
     vertex  7.665897e+00  7.436937e+00  6.000000e+00
     vertex  7.663547e+00  7.439657e+00  0.000000e+00
     vertex  7.702417e+00  7.393477e+00  0.000000e+00
   endloop
 endfacet
 facet normal -7.660946e-01 -6.427279e-01 -7.431142e-06
   outer loop
     vertex  7.665897e+00  7.436937e+00  6.000000e+00
     vertex  7.702417e+00  7.393477e+00  0.000000e+00
     vertex  7.704603e+00  7.390801e+00  6.000000e+00
   endloop
 endfacet
 facet normal -7.471095e-01 -6.647010e-01  8.006091e-06
   outer loop
     vertex  7.625942e+00  7.481996e+00  6.000000e+00
     vertex  7.623425e+00  7.484753e+00  0.000000e+00
     vertex  7.663547e+00  7.439657e+00  0.000000e+00
   endloop
 endfacet
 facet normal -7.482153e-01 -6.634560e-01 -7.709569e-06
   outer loop
     vertex  7.625942e+00  7.481996e+00  6.000000e+00
     vertex  7.663547e+00  7.439657e+00  0.000000e+00
     vertex  7.665897e+00  7.436937e+00  6.000000e+00
   endloop
 endfacet
 facet normal -7.285929e-01 -6.849470e-01  8.282346e-06
   outer loop
     vertex  7.584769e+00  7.525945e+00  6.000000e+00
     vertex  7.582082e+00  7.528731e+00  0.000000e+00
     vertex  7.623425e+00  7.484753e+00  0.000000e+00
   endloop
 endfacet
 facet normal -7.297754e-01 -6.836870e-01 -7.986548e-06
   outer loop
     vertex  7.584769e+00  7.525945e+00  6.000000e+00
     vertex  7.623425e+00  7.484753e+00  0.000000e+00
     vertex  7.625942e+00  7.481996e+00  6.000000e+00
   endloop
 endfacet
 facet normal -7.095278e-01 -7.046775e-01  8.557154e-06
   outer loop
     vertex  7.542408e+00  7.568750e+00  6.000000e+00
     vertex  7.539547e+00  7.571558e+00  0.000000e+00
     vertex  7.582082e+00  7.528731e+00  0.000000e+00
   endloop
 endfacet
 facet normal -7.107886e-01 -7.034057e-01 -8.262080e-06
   outer loop
     vertex  7.542408e+00  7.568750e+00  6.000000e+00
     vertex  7.582082e+00  7.528731e+00  0.000000e+00
     vertex  7.584769e+00  7.525945e+00  6.000000e+00
   endloop
 endfacet
 facet normal -6.899286e-01 -7.238775e-01  8.830515e-06
   outer loop
     vertex  7.498891e+00  7.610380e+00  6.000000e+00
     vertex  7.495853e+00  7.613203e+00  0.000000e+00
     vertex  7.539547e+00  7.571558e+00  0.000000e+00
   endloop
 endfacet
 facet normal -6.912692e-01 -7.225973e-01 -8.536165e-06
   outer loop
     vertex  7.498891e+00  7.610380e+00  6.000000e+00
     vertex  7.539547e+00  7.571558e+00  0.000000e+00
     vertex  7.542408e+00  7.568750e+00  6.000000e+00
   endloop
 endfacet
 facet normal -6.698100e-01 -7.425325e-01  9.102428e-06
   outer loop
     vertex  7.454252e+00  7.650803e+00  6.000000e+00
     vertex  7.451033e+00  7.653633e+00  0.000000e+00
     vertex  7.495853e+00  7.613203e+00  0.000000e+00
   endloop
 endfacet
 facet normal -6.712318e-01 -7.412475e-01 -8.808801e-06
   outer loop
     vertex  7.454252e+00  7.650803e+00  6.000000e+00
     vertex  7.495853e+00  7.613203e+00  0.000000e+00
     vertex  7.498891e+00  7.610380e+00  6.000000e+00
   endloop
 endfacet
 facet normal -6.491872e-01 -7.606287e-01  9.372893e-06
   outer loop
     vertex  7.408522e+00  7.689990e+00  6.000000e+00
     vertex  7.405121e+00  7.692818e+00  0.000000e+00
     vertex  7.451033e+00  7.653633e+00  0.000000e+00
   endloop
 endfacet
 facet normal -6.506915e-01 -7.593422e-01 -9.079991e-06
   outer loop
     vertex  7.408522e+00  7.689990e+00  6.000000e+00
     vertex  7.451033e+00  7.653633e+00  0.000000e+00
     vertex  7.454252e+00  7.650803e+00  6.000000e+00
   endloop
 endfacet
 facet normal -6.280757e-01 -7.781522e-01  9.641911e-06
   outer loop
     vertex  7.361738e+00  7.727909e+00  6.000000e+00
     vertex  7.358152e+00  7.730729e+00  0.000000e+00
     vertex  7.405121e+00  7.692818e+00  0.000000e+00
   endloop
 endfacet
 facet normal -6.296635e-01 -7.768680e-01 -9.349732e-06
   outer loop
     vertex  7.361738e+00  7.727909e+00  6.000000e+00
     vertex  7.405121e+00  7.692818e+00  0.000000e+00
     vertex  7.408522e+00  7.689990e+00  6.000000e+00
   endloop
 endfacet
 facet normal -6.064915e-01 -7.950900e-01  9.909481e-06
   outer loop
     vertex  7.313932e+00  7.764534e+00  6.000000e+00
     vertex  7.310160e+00  7.767337e+00  0.000000e+00
     vertex  7.358152e+00  7.730729e+00  0.000000e+00
   endloop
 endfacet
 facet normal -6.081638e-01 -7.938116e-01 -9.618026e-06
   outer loop
     vertex  7.313932e+00  7.764534e+00  6.000000e+00
     vertex  7.358152e+00  7.730729e+00  0.000000e+00
     vertex  7.361738e+00  7.727909e+00  6.000000e+00
   endloop
 endfacet
 facet normal -5.862083e-01 -8.101604e-01 -9.884872e-06
   outer loop
     vertex  7.265143e+00  7.799837e+00  6.000000e+00
     vertex  7.310160e+00  7.767337e+00  0.000000e+00
     vertex  7.313932e+00  7.764534e+00  6.000000e+00
   endloop
 endfacet
 facet normal -5.844507e-01 -8.114292e-01  1.017560e-05
   outer loop
     vertex  7.265143e+00  7.799837e+00  6.000000e+00
     vertex  7.261181e+00  7.802615e+00  0.000000e+00
     vertex  7.310160e+00  7.767337e+00  0.000000e+00
   endloop
 endfacet
 facet normal -5.638136e-01 -8.259021e-01 -1.015027e-05
   outer loop
     vertex  7.215405e+00  7.833791e+00  6.000000e+00
     vertex  7.261181e+00  7.802615e+00  0.000000e+00
     vertex  7.265143e+00  7.799837e+00  6.000000e+00
   endloop
 endfacet
 facet normal -5.619699e-01 -8.271577e-01  1.044028e-05
   outer loop
     vertex  7.215405e+00  7.833791e+00  6.000000e+00
     vertex  7.211254e+00  7.836536e+00  0.000000e+00
     vertex  7.261181e+00  7.802615e+00  0.000000e+00
   endloop
 endfacet
 facet normal -5.409964e-01 -8.410249e-01 -1.041422e-05
   outer loop
     vertex  7.164756e+00  7.866372e+00  6.000000e+00
     vertex  7.211254e+00  7.836536e+00  0.000000e+00
     vertex  7.215405e+00  7.833791e+00  6.000000e+00
   endloop
 endfacet
 facet normal -5.390661e-01 -8.422635e-01  1.070351e-05
   outer loop
     vertex  7.164756e+00  7.866372e+00  6.000000e+00
     vertex  7.160414e+00  7.869074e+00  0.000000e+00
     vertex  7.211254e+00  7.836536e+00  0.000000e+00
   endloop
 endfacet
 facet normal -5.177738e-01 -8.555175e-01 -1.067673e-05
   outer loop
     vertex  7.113235e+00  7.897553e+00  6.000000e+00
     vertex  7.160414e+00  7.869074e+00  0.000000e+00
     vertex  7.164756e+00  7.866372e+00  6.000000e+00
   endloop
 endfacet
 facet normal -5.157565e-01 -8.567352e-01  1.096529e-05
   outer loop
     vertex  7.113235e+00  7.897553e+00  6.000000e+00
     vertex  7.108701e+00  7.900206e+00  0.000000e+00
     vertex  7.160414e+00  7.869074e+00  0.000000e+00
   endloop
 endfacet
 facet normal -4.941633e-01 -8.693691e-01 -1.093778e-05
   outer loop
     vertex  7.060880e+00  7.927313e+00  6.000000e+00
     vertex  7.108701e+00  7.900206e+00  0.000000e+00
     vertex  7.113235e+00  7.897553e+00  6.000000e+00
   endloop
 endfacet
 facet normal -4.920587e-01 -8.705620e-01  1.122562e-05
   outer loop
     vertex  7.060880e+00  7.927313e+00  6.000000e+00
     vertex  7.056153e+00  7.929907e+00  0.000000e+00
     vertex  7.108701e+00  7.900206e+00  0.000000e+00
   endloop
 endfacet
 facet normal -4.701824e-01 -8.825693e-01 -1.119739e-05
   outer loop
     vertex  7.007729e+00  7.955628e+00  6.000000e+00
     vertex  7.056153e+00  7.929907e+00  0.000000e+00
     vertex  7.060880e+00  7.927313e+00  6.000000e+00
   endloop
 endfacet
 facet normal -4.679904e-01 -8.837335e-01  1.148450e-05
   outer loop
     vertex  7.007729e+00  7.955628e+00  6.000000e+00
     vertex  7.002811e+00  7.958155e+00  0.000000e+00
     vertex  7.056153e+00  7.929907e+00  0.000000e+00
   endloop
 endfacet
 facet normal -4.458492e-01 -8.951081e-01 -1.145555e-05
   outer loop
     vertex  6.953824e+00  7.982478e+00  6.000000e+00
     vertex  7.002811e+00  7.958155e+00  0.000000e+00
     vertex  7.007729e+00  7.955628e+00  6.000000e+00
   endloop
 endfacet
 facet normal -4.435699e-01 -8.962398e-01  1.174194e-05
   outer loop
     vertex  6.953824e+00  7.982478e+00  6.000000e+00
     vertex  6.948713e+00  7.984929e+00  0.000000e+00
     vertex  7.002811e+00  7.958155e+00  0.000000e+00
   endloop
 endfacet
 facet normal -4.211820e-01 -9.069762e-01 -1.171226e-05
   outer loop
     vertex  6.899203e+00  8.007843e+00  6.000000e+00
     vertex  6.948713e+00  7.984929e+00  0.000000e+00
     vertex  6.953824e+00  7.982478e+00  6.000000e+00
   endloop
 endfacet
 facet normal -4.188155e-01 -9.080714e-01  1.199793e-05
   outer loop
     vertex  6.899203e+00  8.007843e+00  6.000000e+00
     vertex  6.893901e+00  8.010209e+00  0.000000e+00
     vertex  6.948713e+00  7.984929e+00  0.000000e+00
   endloop
 endfacet
 facet normal -3.961991e-01 -9.181646e-01 -1.196753e-05
   outer loop
     vertex  6.843909e+00  8.031703e+00  6.000000e+00
     vertex  6.893901e+00  8.010209e+00  0.000000e+00
     vertex  6.899203e+00  8.007843e+00  6.000000e+00
   endloop
 endfacet
 facet normal -3.937458e-01 -9.192194e-01  1.225247e-05
   outer loop
     vertex  6.843909e+00  8.031703e+00  6.000000e+00
     vertex  6.838417e+00  8.033976e+00  0.000000e+00
     vertex  6.893901e+00  8.010209e+00  0.000000e+00
   endloop
 endfacet
 facet normal -3.709194e-01 -9.286651e-01 -1.222135e-05
   outer loop
     vertex  6.787983e+00  8.054041e+00  6.000000e+00
     vertex  6.838417e+00  8.033976e+00  0.000000e+00
     vertex  6.843909e+00  8.031703e+00  6.000000e+00
   endloop
 endfacet
 facet normal -3.683796e-01 -9.296754e-01  1.250556e-05
   outer loop
     vertex  6.787983e+00  8.054041e+00  6.000000e+00
     vertex  6.782301e+00  8.056211e+00  0.000000e+00
     vertex  6.838417e+00  8.033976e+00  0.000000e+00
   endloop
 endfacet
 facet normal -3.453617e-01 -9.384697e-01 -1.247372e-05
   outer loop
     vertex  6.731466e+00  8.074839e+00  6.000000e+00
     vertex  6.782301e+00  8.056211e+00  0.000000e+00
     vertex  6.787983e+00  8.054041e+00  6.000000e+00
   endloop
 endfacet
 facet normal -3.427362e-01 -9.394317e-01  1.275721e-05
   outer loop
     vertex  6.731466e+00  8.074839e+00  6.000000e+00
     vertex  6.725596e+00  8.076899e+00  0.000000e+00
     vertex  6.782301e+00  8.056211e+00  0.000000e+00
   endloop
 endfacet
 facet normal -3.195452e-01 -9.475710e-01 -1.272464e-05
   outer loop
     vertex  6.674401e+00  8.094083e+00  6.000000e+00
     vertex  6.725596e+00  8.076899e+00  0.000000e+00
     vertex  6.731466e+00  8.074839e+00  6.000000e+00
   endloop
 endfacet
 facet normal -3.168348e-01 -9.484807e-01  1.300741e-05
   outer loop
     vertex  6.674401e+00  8.094083e+00  6.000000e+00
     vertex  6.668346e+00  8.096023e+00  0.000000e+00
     vertex  6.725596e+00  8.076899e+00  0.000000e+00
   endloop
 endfacet
 facet normal -2.934893e-01 -9.559624e-01 -1.297412e-05
   outer loop
     vertex  6.616831e+00  8.111757e+00  6.000000e+00
     vertex  6.668346e+00  8.096023e+00  0.000000e+00
     vertex  6.674401e+00  8.094083e+00  6.000000e+00
   endloop
 endfacet
 facet normal -2.906949e-01 -9.568158e-01  1.325616e-05
   outer loop
     vertex  6.616831e+00  8.111757e+00  6.000000e+00
     vertex  6.610592e+00  8.113570e+00  0.000000e+00
     vertex  6.668346e+00  8.096023e+00  0.000000e+00
   endloop
 endfacet
 facet normal -2.672135e-01 -9.636374e-01 -1.322214e-05
   outer loop
     vertex  6.558798e+00  8.127850e+00  6.000000e+00
     vertex  6.610592e+00  8.113570e+00  0.000000e+00
     vertex  6.616831e+00  8.111757e+00  6.000000e+00
   endloop
 endfacet
 facet normal -2.643362e-01 -9.644306e-01  1.350347e-05
   outer loop
     vertex  6.558798e+00  8.127850e+00  6.000000e+00
     vertex  6.552378e+00  8.129525e+00  0.000000e+00
     vertex  6.610592e+00  8.113570e+00  0.000000e+00
   endloop
 endfacet
 facet normal -2.407374e-01 -9.705903e-01 -1.346872e-05
   outer loop
     vertex  6.500347e+00  8.142347e+00  6.000000e+00
     vertex  6.552378e+00  8.129525e+00  0.000000e+00
     vertex  6.558798e+00  8.127850e+00  6.000000e+00
   endloop
 endfacet
 facet normal -2.377784e-01 -9.713194e-01  1.374932e-05
   outer loop
     vertex  6.500347e+00  8.142347e+00  6.000000e+00
     vertex  6.493749e+00  8.143878e+00  0.000000e+00
     vertex  6.552378e+00  8.129525e+00  0.000000e+00
   endloop
 endfacet
 facet normal -2.110417e-01 -9.774771e-01  1.399373e-05
   outer loop
     vertex  6.441521e+00  8.155240e+00  6.000000e+00
     vertex  6.434748e+00  8.156616e+00  0.000000e+00
     vertex  6.493749e+00  8.143878e+00  0.000000e+00
   endloop
 endfacet
 facet normal -2.140810e-01 -9.768159e-01 -1.371386e-05
   outer loop
     vertex  6.441521e+00  8.155240e+00  6.000000e+00
     vertex  6.493749e+00  8.143878e+00  0.000000e+00
     vertex  6.500347e+00  8.142347e+00  6.000000e+00
   endloop
 endfacet
 facet normal -1.841461e-01 -9.828989e-01  1.423669e-05
   outer loop
     vertex  6.382364e+00  8.166517e+00  6.000000e+00
     vertex  6.375419e+00  8.167732e+00  0.000000e+00
     vertex  6.434748e+00  8.156616e+00  0.000000e+00
   endloop
 endfacet
 facet normal -1.872641e-01 -9.823096e-01 -1.395754e-05
   outer loop
     vertex  6.382364e+00  8.166517e+00  6.000000e+00
     vertex  6.434748e+00  8.156616e+00  0.000000e+00
     vertex  6.441521e+00  8.155240e+00  6.000000e+00
   endloop
 endfacet
 facet normal -1.571119e-01 -9.875808e-01  1.447820e-05
   outer loop
     vertex  6.322920e+00  8.176172e+00  6.000000e+00
     vertex  6.315808e+00  8.177215e+00  0.000000e+00
     vertex  6.375419e+00  8.167732e+00  0.000000e+00
   endloop
 endfacet
 facet normal -1.603069e-01 -9.870672e-01 -1.419978e-05
   outer loop
     vertex  6.322920e+00  8.176172e+00  6.000000e+00
     vertex  6.375419e+00  8.167732e+00  0.000000e+00
     vertex  6.382364e+00  8.166517e+00  6.000000e+00
   endloop
 endfacet
 facet normal -1.299594e-01 -9.915193e-01  1.471827e-05
   outer loop
     vertex  6.263235e+00  8.184195e+00  6.000000e+00
     vertex  6.255960e+00  8.185059e+00  0.000000e+00
     vertex  6.315808e+00  8.177215e+00  0.000000e+00
   endloop
 endfacet
 facet normal -1.332296e-01 -9.910852e-01 -1.444057e-05
   outer loop
     vertex  6.263235e+00  8.184195e+00  6.000000e+00
     vertex  6.315808e+00  8.177215e+00  0.000000e+00
     vertex  6.322920e+00  8.176172e+00  6.000000e+00
   endloop
 endfacet
 facet normal -1.027091e-01 -9.947114e-01  1.495689e-05
   outer loop
     vertex  6.203352e+00  8.190582e+00  6.000000e+00
     vertex  6.195918e+00  8.191259e+00  0.000000e+00
     vertex  6.255960e+00  8.185059e+00  0.000000e+00
   endloop
 endfacet
 facet normal -1.060525e-01 -9.943605e-01 -1.467991e-05
   outer loop
     vertex  6.203352e+00  8.190582e+00  6.000000e+00
     vertex  6.255960e+00  8.185059e+00  0.000000e+00
     vertex  6.263235e+00  8.184195e+00  6.000000e+00
   endloop
 endfacet
 facet normal -7.538152e-02 -9.971548e-01  1.519406e-05
   outer loop
     vertex  6.143317e+00  8.195327e+00  6.000000e+00
     vertex  6.135729e+00  8.195809e+00  0.000000e+00
     vertex  6.195918e+00  8.191259e+00  0.000000e+00
   endloop
 endfacet
 facet normal -7.879585e-02 -9.968908e-01 -1.491780e-05
   outer loop
     vertex  6.143317e+00  8.195327e+00  6.000000e+00
     vertex  6.195918e+00  8.191259e+00  0.000000e+00
     vertex  6.203352e+00  8.190582e+00  6.000000e+00
   endloop
 endfacet
 facet normal -4.799716e-02 -9.988475e-01  1.542978e-05
   outer loop
     vertex  6.083175e+00  8.198427e+00  6.000000e+00
     vertex  6.075438e+00  8.198706e+00  0.000000e+00
     vertex  6.135729e+00  8.195809e+00  0.000000e+00
   endloop
 endfacet
 facet normal -5.148020e-02 -9.986740e-01 -1.515425e-05
   outer loop
     vertex  6.083175e+00  8.198427e+00  6.000000e+00
     vertex  6.135729e+00  8.195809e+00  0.000000e+00
     vertex  6.143317e+00  8.195327e+00  6.000000e+00
   endloop
 endfacet
 facet normal -2.057667e-02 -9.997883e-01  1.566406e-05
   outer loop
     vertex  6.022970e+00  8.199880e+00  6.000000e+00
     vertex  6.015091e+00  8.199948e+00  0.000000e+00
     vertex  6.075438e+00  8.198706e+00  0.000000e+00
   endloop
 endfacet
 facet normal -2.412596e-02 -9.997089e-01 -1.538925e-05
   outer loop
     vertex  6.022970e+00  8.199880e+00  6.000000e+00
     vertex  6.075438e+00  8.198706e+00  0.000000e+00
     vertex  6.083175e+00  8.198427e+00  6.000000e+00
   endloop
 endfacet
 facet normal  6.859319e-03 -9.999765e-01  1.589688e-05
   outer loop
     vertex  5.962748e+00  8.199685e+00  6.000000e+00
     vertex  5.954731e+00  8.199534e+00  0.000000e+00
     vertex  6.015091e+00  8.199948e+00  0.000000e+00
   endloop
 endfacet
 facet normal  3.246343e-03 -9.999947e-01 -1.562280e-05
   outer loop
     vertex  5.962748e+00  8.199685e+00  6.000000e+00
     vertex  6.015091e+00  8.199948e+00  0.000000e+00
     vertex  6.022970e+00  8.199880e+00  6.000000e+00
   endloop
 endfacet
 facet normal  3.429014e-02 -9.994119e-01  1.612826e-05
   outer loop
     vertex  5.902554e+00  8.197841e+00  6.000000e+00
     vertex  5.894406e+00  8.197464e+00  0.000000e+00
     vertex  5.954731e+00  8.199534e+00  0.000000e+00
   endloop
 endfacet
 facet normal  3.061622e-02 -9.995312e-01 -1.585490e-05
   outer loop
     vertex  5.902554e+00  8.197841e+00  6.000000e+00
     vertex  5.954731e+00  8.199534e+00  0.000000e+00
     vertex  5.962748e+00  8.199685e+00  6.000000e+00
   endloop
 endfacet
 facet normal  6.169515e-02 -9.980950e-01  1.635820e-05
   outer loop
     vertex  5.842432e+00  8.194350e+00  6.000000e+00
     vertex  5.834161e+00  8.193740e+00  0.000000e+00
     vertex  5.894406e+00  8.197464e+00  0.000000e+00
   endloop
 endfacet
 facet normal  5.796315e-02 -9.983187e-01 -1.608556e-05
   outer loop
     vertex  5.842432e+00  8.194350e+00  6.000000e+00
     vertex  5.894406e+00  8.197464e+00  0.000000e+00
     vertex  5.902554e+00  8.197841e+00  6.000000e+00
   endloop
 endfacet
 facet normal  8.526665e-02 -9.963582e-01 -1.631477e-05
   outer loop
     vertex  5.782429e+00  8.189215e+00  6.000000e+00
     vertex  5.834161e+00  8.193740e+00  0.000000e+00
     vertex  5.842432e+00  8.194350e+00  6.000000e+00
   endloop
 endfacet
 facet normal  8.905371e-02 -9.960268e-01  1.658668e-05
   outer loop
     vertex  5.782429e+00  8.189215e+00  6.000000e+00
     vertex  5.774040e+00  8.188365e+00  0.000000e+00
     vertex  5.834161e+00  8.193740e+00  0.000000e+00
   endloop
 endfacet
 facet normal  1.125063e-01 -9.936510e-01 -1.654253e-05
   outer loop
     vertex  5.722589e+00  8.182440e+00  6.000000e+00
     vertex  5.774040e+00  8.188365e+00  0.000000e+00
     vertex  5.782429e+00  8.189215e+00  6.000000e+00
   endloop
 endfacet
 facet normal  1.163452e-01 -9.932088e-01  1.681372e-05
   outer loop
     vertex  5.722589e+00  8.182440e+00  6.000000e+00
     vertex  5.714089e+00  8.181342e+00  0.000000e+00
     vertex  5.774040e+00  8.188365e+00  0.000000e+00
   endloop
 endfacet
 facet normal  1.396616e-01 -9.901993e-01 -1.676884e-05
   outer loop
     vertex  5.662957e+00  8.174029e+00  6.000000e+00
     vertex  5.714089e+00  8.181342e+00  0.000000e+00
     vertex  5.722589e+00  8.182440e+00  6.000000e+00
   endloop
 endfacet
 facet normal  1.435492e-01 -9.896432e-01  1.703931e-05
   outer loop
     vertex  5.662957e+00  8.174029e+00  6.000000e+00
     vertex  5.654354e+00  8.172678e+00  0.000000e+00
     vertex  5.714089e+00  8.181342e+00  0.000000e+00
   endloop
 endfacet
 facet normal  1.667122e-01 -9.860056e-01 -1.699371e-05
   outer loop
     vertex  5.603578e+00  8.163989e+00  6.000000e+00
     vertex  5.654354e+00  8.172678e+00  0.000000e+00
     vertex  5.662957e+00  8.174029e+00  6.000000e+00
   endloop
 endfacet
 facet normal  1.706451e-01 -9.853326e-01  1.726345e-05
   outer loop
     vertex  5.603578e+00  8.163989e+00  6.000000e+00
     vertex  5.594879e+00  8.162378e+00  0.000000e+00
     vertex  5.654354e+00  8.172678e+00  0.000000e+00
   endloop
 endfacet
 facet normal  1.936380e-01 -9.810731e-01 -1.721713e-05
   outer loop
     vertex  5.544495e+00  8.152328e+00  6.000000e+00
     vertex  5.594879e+00  8.162378e+00  0.000000e+00
     vertex  5.603578e+00  8.163989e+00  6.000000e+00
   endloop
 endfacet
 facet normal  1.976125e-01 -9.802802e-01  1.748614e-05
   outer loop
     vertex  5.544495e+00  8.152328e+00  6.000000e+00
     vertex  5.535708e+00  8.150450e+00  0.000000e+00
     vertex  5.594879e+00  8.162378e+00  0.000000e+00
   endloop
 endfacet
 facet normal  2.204186e-01 -9.754054e-01 -1.743910e-05
   outer loop
     vertex  5.485754e+00  8.139054e+00  6.000000e+00
     vertex  5.535708e+00  8.150450e+00  0.000000e+00
     vertex  5.544495e+00  8.152328e+00  6.000000e+00
   endloop
 endfacet
 facet normal  2.244312e-01 -9.744899e-01  1.770739e-05
   outer loop
     vertex  5.485754e+00  8.139054e+00  6.000000e+00
     vertex  5.476887e+00  8.136903e+00  0.000000e+00
     vertex  5.535708e+00  8.150450e+00  0.000000e+00
   endloop
 endfacet
 facet normal  2.470341e-01 -9.690068e-01 -1.765962e-05
   outer loop
     vertex  5.427398e+00  8.124177e+00  6.000000e+00
     vertex  5.476887e+00  8.136903e+00  0.000000e+00
     vertex  5.485754e+00  8.139054e+00  6.000000e+00
   endloop
 endfacet
 facet normal  2.510809e-01 -9.679661e-01  1.792719e-05
   outer loop
     vertex  5.427398e+00  8.124177e+00  6.000000e+00
     vertex  5.418460e+00  8.121747e+00  0.000000e+00
     vertex  5.476887e+00  8.136903e+00  0.000000e+00
   endloop
 endfacet
 facet normal  2.734644e-01 -9.618821e-01 -1.787869e-05
   outer loop
     vertex  5.369471e+00  8.107708e+00  6.000000e+00
     vertex  5.418460e+00  8.121747e+00  0.000000e+00
     vertex  5.427398e+00  8.124177e+00  6.000000e+00
   endloop
 endfacet
 facet normal  2.775416e-01 -9.607136e-01  1.814554e-05
   outer loop
     vertex  5.369471e+00  8.107708e+00  6.000000e+00
     vertex  5.360471e+00  8.104995e+00  0.000000e+00
     vertex  5.418460e+00  8.121747e+00  0.000000e+00
   endloop
 endfacet
 facet normal  2.996899e-01 -9.540367e-01 -1.809632e-05
   outer loop
     vertex  5.312017e+00  8.089660e+00  6.000000e+00
     vertex  5.360471e+00  8.104995e+00  0.000000e+00
     vertex  5.369471e+00  8.107708e+00  6.000000e+00
   endloop
 endfacet
 facet normal  3.037934e-01 -9.527379e-01  1.836244e-05
   outer loop
     vertex  5.312017e+00  8.089660e+00  6.000000e+00
     vertex  5.302963e+00  8.086658e+00  0.000000e+00
     vertex  5.360471e+00  8.104995e+00  0.000000e+00
   endloop
 endfacet
 facet normal  3.256907e-01 -9.454764e-01 -1.831250e-05
   outer loop
     vertex  5.255078e+00  8.070046e+00  6.000000e+00
     vertex  5.302963e+00  8.086658e+00  0.000000e+00
     vertex  5.312017e+00  8.089660e+00  6.000000e+00
   endloop
 endfacet
 facet normal  3.298166e-01 -9.440450e-01  1.857790e-05
   outer loop
     vertex  5.255078e+00  8.070046e+00  6.000000e+00
     vertex  5.245980e+00  8.066750e+00  0.000000e+00
     vertex  5.302963e+00  8.086658e+00  0.000000e+00
   endloop
 endfacet
 facet normal  3.514476e-01 -9.362076e-01 -1.852723e-05
   outer loop
     vertex  5.198697e+00  8.048881e+00  6.000000e+00
     vertex  5.245980e+00  8.066750e+00  0.000000e+00
     vertex  5.255078e+00  8.070046e+00  6.000000e+00
   endloop
 endfacet
 facet normal  3.555914e-01 -9.346415e-01  1.879191e-05
   outer loop
     vertex  5.198697e+00  8.048881e+00  6.000000e+00
     vertex  5.189565e+00  8.045286e+00  0.000000e+00
     vertex  5.245980e+00  8.066750e+00  0.000000e+00
   endloop
 endfacet
 facet normal  3.769411e-01 -9.262372e-01 -1.874052e-05
   outer loop
     vertex  5.142917e+00  8.026181e+00  6.000000e+00
     vertex  5.189565e+00  8.045286e+00  0.000000e+00
     vertex  5.198697e+00  8.048881e+00  6.000000e+00
   endloop
 endfacet
 facet normal  3.810986e-01 -9.245344e-01  1.900447e-05
   outer loop
     vertex  5.142917e+00  8.026181e+00  6.000000e+00
     vertex  5.133759e+00  8.022283e+00  0.000000e+00
     vertex  5.189565e+00  8.045286e+00  0.000000e+00
   endloop
 endfacet
 facet normal  4.021521e-01 -9.155729e-01 -1.895235e-05
   outer loop
     vertex  5.087779e+00  8.001962e+00  6.000000e+00
     vertex  5.133759e+00  8.022283e+00  0.000000e+00
     vertex  5.142917e+00  8.026181e+00  6.000000e+00
   endloop
 endfacet
 facet normal  4.063188e-01 -9.137314e-01  1.921558e-05
   outer loop
     vertex  5.087779e+00  8.001962e+00  6.000000e+00
     vertex  5.078606e+00  7.997757e+00  0.000000e+00
     vertex  5.133759e+00  8.022283e+00  0.000000e+00
   endloop
 endfacet
 facet normal  4.270618e-01 -9.042224e-01 -1.916274e-05
   outer loop
     vertex  5.033325e+00  7.976244e+00  6.000000e+00
     vertex  5.078606e+00  7.997757e+00  0.000000e+00
     vertex  5.087779e+00  8.001962e+00  6.000000e+00
   endloop
 endfacet
 facet normal  4.312333e-01 -9.022405e-01  1.942525e-05
   outer loop
     vertex  5.033325e+00  7.976244e+00  6.000000e+00
     vertex  5.024146e+00  7.971728e+00  0.000000e+00
     vertex  5.078606e+00  7.997757e+00  0.000000e+00
   endloop
 endfacet
 facet normal  4.516515e-01 -8.921945e-01 -1.937169e-05
   outer loop
     vertex  4.979595e+00  7.949044e+00  6.000000e+00
     vertex  5.024146e+00  7.971728e+00  0.000000e+00
     vertex  5.033325e+00  7.976244e+00  6.000000e+00
   endloop
 endfacet
 facet normal  4.558231e-01 -8.900704e-01  1.963346e-05
   outer loop
     vertex  4.979595e+00  7.949044e+00  6.000000e+00
     vertex  4.970421e+00  7.944214e+00  0.000000e+00
     vertex  5.024146e+00  7.971728e+00  0.000000e+00
   endloop
 endfacet
 facet normal  4.759027e-01 -8.794979e-01 -1.957918e-05
   outer loop
     vertex  4.926629e+00  7.920384e+00  6.000000e+00
     vertex  4.970421e+00  7.944214e+00  0.000000e+00
     vertex  4.979595e+00  7.949044e+00  6.000000e+00
   endloop
 endfacet
 facet normal  4.800697e-01 -8.772303e-01  1.984023e-05
   outer loop
     vertex  4.926629e+00  7.920384e+00  6.000000e+00
     vertex  4.917471e+00  7.915236e+00  0.000000e+00
     vertex  4.970421e+00  7.944214e+00  0.000000e+00
   endloop
 endfacet
 facet normal  4.997974e-01 -8.661424e-01 -1.978523e-05
   outer loop
     vertex  4.874468e+00  7.890285e+00  6.000000e+00
     vertex  4.917471e+00  7.915236e+00  0.000000e+00
     vertex  4.926629e+00  7.920384e+00  6.000000e+00
   endloop
 endfacet
 facet normal  5.039550e-01 -8.637299e-01  2.004556e-05
   outer loop
     vertex  4.874468e+00  7.890285e+00  6.000000e+00
     vertex  4.865336e+00  7.884817e+00  0.000000e+00
     vertex  4.917471e+00  7.915236e+00  0.000000e+00
   endloop
 endfacet
 facet normal  5.233175e-01 -8.521378e-01 -1.998982e-05
   outer loop
     vertex  4.823150e+00  7.858770e+00  6.000000e+00
     vertex  4.865336e+00  7.884817e+00  0.000000e+00
     vertex  4.874468e+00  7.890285e+00  6.000000e+00
   endloop
 endfacet
 facet normal  5.274609e-01 -8.495793e-01  2.024943e-05
   outer loop
     vertex  4.823150e+00  7.858770e+00  6.000000e+00
     vertex  4.814055e+00  7.852980e+00  0.000000e+00
     vertex  4.865336e+00  7.884817e+00  0.000000e+00
   endloop
 endfacet
 facet normal  5.464455e-01 -8.374947e-01 -2.019298e-05
   outer loop
     vertex  4.772715e+00  7.825862e+00  6.000000e+00
     vertex  4.814055e+00  7.852980e+00  0.000000e+00
     vertex  4.823150e+00  7.858770e+00  6.000000e+00
   endloop
 endfacet
 facet normal  5.505698e-01 -8.347891e-01  2.045186e-05
   outer loop
     vertex  4.772715e+00  7.825862e+00  6.000000e+00
     vertex  4.763666e+00  7.819747e+00  0.000000e+00
     vertex  4.814055e+00  7.852980e+00  0.000000e+00
   endloop
 endfacet
 facet normal  5.691640e-01 -8.222240e-01 -2.039468e-05
   outer loop
     vertex  4.723198e+00  7.791585e+00  6.000000e+00
     vertex  4.763666e+00  7.819747e+00  0.000000e+00
     vertex  4.772715e+00  7.825862e+00  6.000000e+00
   endloop
 endfacet
 facet normal  5.732642e-01 -8.193706e-01  2.065284e-05
   outer loop
     vertex  4.723198e+00  7.791585e+00  6.000000e+00
     vertex  4.714209e+00  7.785144e+00  0.000000e+00
     vertex  4.763666e+00  7.819747e+00  0.000000e+00
   endloop
 endfacet
 facet normal  5.914561e-01 -8.063372e-01 -2.059493e-05
   outer loop
     vertex  4.674639e+00  7.755966e+00  6.000000e+00
     vertex  4.714209e+00  7.785144e+00  0.000000e+00
     vertex  4.723198e+00  7.791585e+00  6.000000e+00
   endloop
 endfacet
 facet normal  5.955271e-01 -8.033352e-01  2.085237e-05
   outer loop
     vertex  4.674639e+00  7.755966e+00  6.000000e+00
     vertex  4.665719e+00  7.749198e+00  0.000000e+00
     vertex  4.714209e+00  7.785144e+00  0.000000e+00
   endloop
 endfacet
 facet normal  6.133049e-01 -7.898462e-01 -2.079374e-05
   outer loop
     vertex  4.627072e+00  7.719032e+00  6.000000e+00
     vertex  4.665719e+00  7.749198e+00  0.000000e+00
     vertex  4.674639e+00  7.755966e+00  6.000000e+00
   endloop
 endfacet
 facet normal  6.173417e-01 -7.866951e-01  2.105046e-05
   outer loop
     vertex  4.627072e+00  7.719032e+00  6.000000e+00
     vertex  4.618233e+00  7.711935e+00  0.000000e+00
     vertex  4.665719e+00  7.749198e+00  0.000000e+00
   endloop
 endfacet
 facet normal  6.346942e-01 -7.727634e-01 -2.099110e-05
   outer loop
     vertex  4.580535e+00  7.680809e+00  6.000000e+00
     vertex  4.618233e+00  7.711935e+00  0.000000e+00
     vertex  4.627072e+00  7.719032e+00  6.000000e+00
   endloop
 endfacet
 facet normal  6.386916e-01 -7.694628e-01  2.124709e-05
   outer loop
     vertex  4.580535e+00  7.680809e+00  6.000000e+00
     vertex  4.571788e+00  7.673383e+00  0.000000e+00
     vertex  4.618233e+00  7.711935e+00  0.000000e+00
   endloop
 endfacet
 facet normal  6.595607e-01 -7.516513e-01  2.144228e-05
   outer loop
     vertex  4.535061e+00  7.641327e+00  6.000000e+00
     vertex  4.526418e+00  7.633572e+00  0.000000e+00
     vertex  4.571788e+00  7.673383e+00  0.000000e+00
   endloop
 endfacet
 facet normal  6.556079e-01 -7.551015e-01 -2.118702e-05
   outer loop
     vertex  4.535061e+00  7.641327e+00  6.000000e+00
     vertex  4.571788e+00  7.673383e+00  0.000000e+00
     vertex  4.580535e+00  7.680809e+00  6.000000e+00
   endloop
 endfacet
 facet normal  6.799333e-01 -7.332740e-01  2.163602e-05
   outer loop
     vertex  4.490684e+00  7.600614e+00  6.000000e+00
     vertex  4.482157e+00  7.592530e+00  0.000000e+00
     vertex  4.526418e+00  7.633572e+00  0.000000e+00
   endloop
 endfacet
 facet normal  6.760303e-01 -7.368738e-01 -2.138148e-05
   outer loop
     vertex  4.490684e+00  7.600614e+00  6.000000e+00
     vertex  4.526418e+00  7.633572e+00  0.000000e+00
     vertex  4.535061e+00  7.641327e+00  6.000000e+00
   endloop
 endfacet
 facet normal  6.959462e-01 -7.180939e-01 -2.157450e-05
   outer loop
     vertex  4.447439e+00  7.558703e+00  6.000000e+00
     vertex  4.482157e+00  7.592530e+00  0.000000e+00
     vertex  4.490684e+00  7.600614e+00  6.000000e+00
   endloop
 endfacet
 facet normal  6.997940e-01 -7.143447e-01  2.182832e-05
   outer loop
     vertex  4.447439e+00  7.558703e+00  6.000000e+00
     vertex  4.439039e+00  7.550290e+00  0.000000e+00
     vertex  4.482157e+00  7.592530e+00  0.000000e+00
   endloop
 endfacet
 facet normal  7.153406e-01 -6.987760e-01 -2.176607e-05
   outer loop
     vertex  4.405357e+00  7.515623e+00  6.000000e+00
     vertex  4.439039e+00  7.550290e+00  0.000000e+00
     vertex  4.447439e+00  7.558703e+00  6.000000e+00
   endloop
 endfacet
 facet normal  7.191280e-01 -6.948776e-01  2.201916e-05
   outer loop
     vertex  4.405357e+00  7.515623e+00  6.000000e+00
     vertex  4.397096e+00  7.506883e+00  0.000000e+00
     vertex  4.439039e+00  7.550290e+00  0.000000e+00
   endloop
 endfacet
 facet normal  7.341989e-01 -6.789344e-01 -2.195619e-05
   outer loop
     vertex  4.364470e+00  7.471408e+00  6.000000e+00
     vertex  4.397096e+00  7.506883e+00  0.000000e+00
     vertex  4.405357e+00  7.515623e+00  6.000000e+00
   endloop
 endfacet
 facet normal  7.379206e-01 -6.748875e-01  2.220856e-05
   outer loop
     vertex  4.364470e+00  7.471408e+00  6.000000e+00
     vertex  4.356359e+00  7.462342e+00  0.000000e+00
     vertex  4.397096e+00  7.506883e+00  0.000000e+00
   endloop
 endfacet
 facet normal  7.561578e-01 -6.543893e-01  2.239651e-05
   outer loop
     vertex  4.324809e+00  7.426090e+00  6.000000e+00
     vertex  4.316860e+00  7.416700e+00  0.000000e+00
     vertex  4.356359e+00  7.462342e+00  0.000000e+00
   endloop
 endfacet
 facet normal  7.525071e-01 -6.585841e-01 -2.214487e-05
   outer loop
     vertex  4.324809e+00  7.426090e+00  6.000000e+00
     vertex  4.356359e+00  7.462342e+00  0.000000e+00
     vertex  4.364470e+00  7.471408e+00  6.000000e+00
   endloop
 endfacet
 facet normal  7.738257e-01 -6.333986e-01  2.258301e-05
   outer loop
     vertex  4.286402e+00  7.379704e+00  6.000000e+00
     vertex  4.278627e+00  7.369991e+00  0.000000e+00
     vertex  4.316860e+00  7.416700e+00  0.000000e+00
   endloop
 endfacet
 facet normal  7.702514e-01 -6.377403e-01 -2.233209e-05
   outer loop
     vertex  4.286402e+00  7.379704e+00  6.000000e+00
     vertex  4.316860e+00  7.416700e+00  0.000000e+00
     vertex  4.324809e+00  7.426090e+00  6.000000e+00
   endloop
 endfacet
 facet normal  7.909112e-01 -6.119310e-01  2.276807e-05
   outer loop
     vertex  4.249280e+00  7.332284e+00  6.000000e+00
     vertex  4.241691e+00  7.322252e+00  0.000000e+00
     vertex  4.278627e+00  7.369991e+00  0.000000e+00
   endloop
 endfacet
 facet normal  7.874186e-01 -6.164187e-01 -2.251787e-05
   outer loop
     vertex  4.249280e+00  7.332284e+00  6.000000e+00
     vertex  4.278627e+00  7.369991e+00  0.000000e+00
     vertex  4.286402e+00  7.379704e+00  6.000000e+00
   endloop
 endfacet
 facet normal  8.074012e-01 -5.900028e-01  2.295168e-05
   outer loop
     vertex  4.213470e+00  7.283865e+00  6.000000e+00
     vertex  4.206078e+00  7.273516e+00  0.000000e+00
     vertex  4.241691e+00  7.322252e+00  0.000000e+00
   endloop
 endfacet
 facet normal  8.039957e-01 -5.946351e-01 -2.270220e-05
   outer loop
     vertex  4.213470e+00  7.283865e+00  6.000000e+00
     vertex  4.241691e+00  7.322252e+00  0.000000e+00
     vertex  4.249280e+00  7.332284e+00  6.000000e+00
   endloop
 endfacet
 facet normal  8.232835e-01 -5.676304e-01  2.313384e-05
   outer loop
     vertex  4.178998e+00  7.234485e+00  6.000000e+00
     vertex  4.171816e+00  7.223822e+00  0.000000e+00
     vertex  4.206078e+00  7.273516e+00  0.000000e+00
   endloop
 endfacet
 facet normal  8.199704e-01 -5.724059e-01 -2.288509e-05
   outer loop
     vertex  4.178998e+00  7.234485e+00  6.000000e+00
     vertex  4.206078e+00  7.273516e+00  0.000000e+00
     vertex  4.213470e+00  7.283865e+00  6.000000e+00
   endloop
 endfacet
 facet normal  8.385460e-01 -5.448308e-01  2.331455e-05
   outer loop
     vertex  4.145891e+00  7.184179e+00  6.000000e+00
     vertex  4.138929e+00  7.173207e+00  0.000000e+00
     vertex  4.171816e+00  7.223822e+00  0.000000e+00
   endloop
 endfacet
 facet normal  8.353306e-01 -5.497479e-01 -2.306652e-05
   outer loop
     vertex  4.145891e+00  7.184179e+00  6.000000e+00
     vertex  4.171816e+00  7.223822e+00  0.000000e+00
     vertex  4.178998e+00  7.234485e+00  6.000000e+00
   endloop
 endfacet
 facet normal  8.531773e-01 -5.216210e-01  2.349382e-05
   outer loop
     vertex  4.114173e+00  7.132986e+00  6.000000e+00
     vertex  4.107444e+00  7.121709e+00  0.000000e+00
     vertex  4.138929e+00  7.173207e+00  0.000000e+00
   endloop
 endfacet
 facet normal  8.500649e-01 -5.266779e-01 -2.324651e-05
   outer loop
     vertex  4.114173e+00  7.132986e+00  6.000000e+00
     vertex  4.138929e+00  7.173207e+00  0.000000e+00
     vertex  4.145891e+00  7.184179e+00  6.000000e+00
   endloop
 endfacet
 facet normal  8.671664e-01 -4.980186e-01  2.367163e-05
   outer loop
     vertex  4.083869e+00  7.080944e+00  6.000000e+00
     vertex  4.077383e+00  7.069366e+00  0.000000e+00
     vertex  4.107444e+00  7.121709e+00  0.000000e+00
   endloop
 endfacet
 facet normal  8.641623e-01 -5.032132e-01 -2.342505e-05
   outer loop
     vertex  4.083869e+00  7.080944e+00  6.000000e+00
     vertex  4.107444e+00  7.121709e+00  0.000000e+00
     vertex  4.114173e+00  7.132986e+00  6.000000e+00
   endloop
 endfacet
 facet normal  8.805026e-01 -4.740412e-01  2.384800e-05
   outer loop
     vertex  4.055000e+00  7.028093e+00  6.000000e+00
     vertex  4.048770e+00  7.016219e+00  0.000000e+00
     vertex  4.077383e+00  7.069366e+00  0.000000e+00
   endloop
 endfacet
 facet normal  8.776121e-01 -4.793715e-01 -2.360215e-05
   outer loop
     vertex  4.055000e+00  7.028093e+00  6.000000e+00
     vertex  4.077383e+00  7.069366e+00  0.000000e+00
     vertex  4.083869e+00  7.080944e+00  6.000000e+00
   endloop
 endfacet
 facet normal  8.931761e-01 -4.497071e-01  2.402292e-05
   outer loop
     vertex  4.027588e+00  6.974470e+00  6.000000e+00
     vertex  4.021625e+00  6.962306e+00  0.000000e+00
     vertex  4.048770e+00  7.016219e+00  0.000000e+00
   endloop
 endfacet
 facet normal  8.904043e-01 -4.551706e-01 -2.377779e-05
   outer loop
     vertex  4.027588e+00  6.974470e+00  6.000000e+00
     vertex  4.048770e+00  7.016219e+00  0.000000e+00
     vertex  4.055000e+00  7.028093e+00  6.000000e+00
   endloop
 endfacet
 facet normal  9.051772e-01 -4.250344e-01  2.419640e-05
   outer loop
     vertex  4.001655e+00  6.920118e+00  6.000000e+00
     vertex  3.995970e+00  6.907669e+00  0.000000e+00
     vertex  4.021625e+00  6.962306e+00  0.000000e+00
   endloop
 endfacet
 facet normal  9.025292e-01 -4.306286e-01 -2.395199e-05
   outer loop
     vertex  4.001655e+00  6.920118e+00  6.000000e+00
     vertex  4.021625e+00  6.962306e+00  0.000000e+00
     vertex  4.027588e+00  6.974470e+00  6.000000e+00
   endloop
 endfacet
 facet normal  9.164969e-01 -4.000417e-01  2.436843e-05
   outer loop
     vertex  3.977219e+00  6.865076e+00  6.000000e+00
     vertex  3.971823e+00  6.852349e+00  0.000000e+00
     vertex  3.995970e+00  6.907669e+00  0.000000e+00
   endloop
 endfacet
 facet normal  9.139779e-01 -4.057639e-01 -2.412474e-05
   outer loop
     vertex  3.977219e+00  6.865076e+00  6.000000e+00
     vertex  3.995970e+00  6.907669e+00  0.000000e+00
     vertex  4.001655e+00  6.920118e+00  6.000000e+00
   endloop
 endfacet
 facet normal  9.271267e-01 -3.747479e-01  2.453900e-05
   outer loop
     vertex  3.954299e+00  6.809386e+00  6.000000e+00
     vertex  3.949203e+00  6.796387e+00  0.000000e+00
     vertex  3.971823e+00  6.852349e+00  0.000000e+00
   endloop
 endfacet
 facet normal  9.247418e-01 -3.805952e-01 -2.429604e-05
   outer loop
     vertex  3.954299e+00  6.809386e+00  6.000000e+00
     vertex  3.971823e+00  6.852349e+00  0.000000e+00
     vertex  3.977219e+00  6.865076e+00  6.000000e+00
   endloop
 endfacet
 facet normal  9.370586e-01 -3.491720e-01  2.470814e-05
   outer loop
     vertex  3.932911e+00  6.753089e+00  6.000000e+00
     vertex  3.928127e+00  6.739825e+00  0.000000e+00
     vertex  3.949203e+00  6.796387e+00  0.000000e+00
   endloop
 endfacet
 facet normal  9.348127e-01 -3.551412e-01 -2.446590e-05
   outer loop
     vertex  3.932911e+00  6.753089e+00  6.000000e+00
     vertex  3.949203e+00  6.796387e+00  0.000000e+00
     vertex  3.954299e+00  6.809386e+00  6.000000e+00
   endloop
 endfacet
 facet normal  9.462851e-01 -3.233333e-01  2.487582e-05
   outer loop
     vertex  3.913073e+00  6.696228e+00  6.000000e+00
     vertex  3.908610e+00  6.682707e+00  0.000000e+00
     vertex  3.928127e+00  6.739825e+00  0.000000e+00
   endloop
 endfacet
 facet normal  9.441831e-01 -3.294212e-01 -2.463431e-05
   outer loop
     vertex  3.913073e+00  6.696228e+00  6.000000e+00
     vertex  3.928127e+00  6.739825e+00  0.000000e+00
     vertex  3.932911e+00  6.753089e+00  6.000000e+00
   endloop
 endfacet
 facet normal  9.547993e-01 -2.972512e-01  2.504206e-05
   outer loop
     vertex  3.894798e+00  6.638846e+00  6.000000e+00
     vertex  3.890668e+00  6.625075e+00  0.000000e+00
     vertex  3.908610e+00  6.682707e+00  0.000000e+00
   endloop
 endfacet
 facet normal  9.528460e-01 -3.034543e-01 -2.480127e-05
   outer loop
     vertex  3.894798e+00  6.638846e+00  6.000000e+00
     vertex  3.908610e+00  6.682707e+00  0.000000e+00
     vertex  3.913073e+00  6.696228e+00  6.000000e+00
   endloop
 endfacet
 facet normal  9.625948e-01 -2.709453e-01  2.520684e-05
   outer loop
     vertex  3.878101e+00  6.580984e+00  6.000000e+00
     vertex  3.874314e+00  6.566972e+00  0.000000e+00
     vertex  3.890668e+00  6.625075e+00  0.000000e+00
   endloop
 endfacet
 facet normal  9.607949e-01 -2.772601e-01 -2.496678e-05
   outer loop
     vertex  3.878101e+00  6.580984e+00  6.000000e+00
     vertex  3.890668e+00  6.625075e+00  0.000000e+00
     vertex  3.894798e+00  6.638846e+00  6.000000e+00
   endloop
 endfacet
 facet normal  9.696656e-01 -2.444354e-01  2.537018e-05
   outer loop
     vertex  3.862993e+00  6.522688e+00  6.000000e+00
     vertex  3.859559e+00  6.508443e+00  0.000000e+00
     vertex  3.874314e+00  6.566972e+00  0.000000e+00
   endloop
 endfacet
 facet normal  9.680239e-01 -2.508580e-01 -2.513084e-05
   outer loop
     vertex  3.862993e+00  6.522688e+00  6.000000e+00
     vertex  3.874314e+00  6.566972e+00  0.000000e+00
     vertex  3.878101e+00  6.580984e+00  6.000000e+00
   endloop
 endfacet
 facet normal  9.760065e-01 -2.177416e-01  2.553208e-05
   outer loop
     vertex  3.849487e+00  6.463999e+00  6.000000e+00
     vertex  3.846416e+00  6.449530e+00  0.000000e+00
     vertex  3.859559e+00  6.508443e+00  0.000000e+00
   endloop
 endfacet
 facet normal  9.745275e-01 -2.242680e-01 -2.529346e-05
   outer loop
     vertex  3.849487e+00  6.463999e+00  6.000000e+00
     vertex  3.859559e+00  6.508443e+00  0.000000e+00
     vertex  3.862993e+00  6.522688e+00  6.000000e+00
   endloop
 endfacet
 facet normal  9.816126e-01 -1.908838e-01  2.569252e-05
   outer loop
     vertex  3.837593e+00  6.404963e+00  6.000000e+00
     vertex  3.834894e+00  6.390280e+00  0.000000e+00
     vertex  3.846416e+00  6.449530e+00  0.000000e+00
   endloop
 endfacet
 facet normal  9.803009e-01 -1.975100e-01 -2.545463e-05
   outer loop
     vertex  3.837593e+00  6.404963e+00  6.000000e+00
     vertex  3.846416e+00  6.449530e+00  0.000000e+00
     vertex  3.849487e+00  6.463999e+00  6.000000e+00
   endloop
 endfacet
 facet normal  9.864799e-01 -1.638824e-01  2.585152e-05
   outer loop
     vertex  3.827319e+00  6.345624e+00  6.000000e+00
     vertex  3.825002e+00  6.330735e+00  0.000000e+00
     vertex  3.834894e+00  6.390280e+00  0.000000e+00
   endloop
 endfacet
 facet normal  9.853397e-01 -1.706039e-01 -2.561435e-05
   outer loop
     vertex  3.827319e+00  6.345624e+00  6.000000e+00
     vertex  3.834894e+00  6.390280e+00  0.000000e+00
     vertex  3.837593e+00  6.404963e+00  6.000000e+00
   endloop
 endfacet
 facet normal  9.906046e-01 -1.367575e-01  2.600907e-05
   outer loop
     vertex  3.818673e+00  6.286025e+00  6.000000e+00
     vertex  3.816748e+00  6.270942e+00  0.000000e+00
     vertex  3.825002e+00  6.330735e+00  0.000000e+00
   endloop
 endfacet
 facet normal  9.896402e-01 -1.435701e-01 -2.577263e-05
   outer loop
     vertex  3.818673e+00  6.286025e+00  6.000000e+00
     vertex  3.825002e+00  6.330735e+00  0.000000e+00
     vertex  3.827319e+00  6.345624e+00  6.000000e+00
   endloop
 endfacet
 facet normal  9.931991e-01 -1.164286e-01 -2.592945e-05
   outer loop
     vertex  3.811661e+00  6.226213e+00  6.000000e+00
     vertex  3.816748e+00  6.270942e+00  0.000000e+00
     vertex  3.818673e+00  6.286025e+00  6.000000e+00
   endloop
 endfacet
 facet normal  9.939835e-01 -1.095298e-01  2.616517e-05
   outer loop
     vertex  3.811661e+00  6.226213e+00  6.000000e+00
     vertex  3.810136e+00  6.210944e+00  0.000000e+00
     vertex  3.816748e+00  6.270942e+00  0.000000e+00
   endloop
 endfacet
 facet normal  9.960137e-01 -8.919988e-02 -2.608483e-05
   outer loop
     vertex  3.806289e+00  6.166230e+00  6.000000e+00
     vertex  3.810136e+00  6.210944e+00  0.000000e+00
     vertex  3.811661e+00  6.226213e+00  6.000000e+00
   endloop
 endfacet
 facet normal  9.966142e-01 -8.221955e-02  2.631983e-05
   outer loop
     vertex  3.806289e+00  6.166230e+00  6.000000e+00
     vertex  3.805174e+00  6.150788e+00  0.000000e+00
     vertex  3.810136e+00  6.210944e+00  0.000000e+00
   endloop
 endfacet
 facet normal  9.980821e-01 -6.190433e-02 -2.623876e-05
   outer loop
     vertex  3.802561e+00  6.106123e+00  6.000000e+00
     vertex  3.805174e+00  6.150788e+00  0.000000e+00
     vertex  3.806289e+00  6.166230e+00  6.000000e+00
   endloop
 endfacet
 facet normal  9.984947e-01 -5.484744e-02  2.647304e-05
   outer loop
     vertex  3.802561e+00  6.106123e+00  6.000000e+00
     vertex  3.801863e+00  6.090518e+00  0.000000e+00
     vertex  3.805174e+00  6.150788e+00  0.000000e+00
   endloop
 endfacet
 facet normal  9.994025e-01 -3.456240e-02 -2.639124e-05
   outer loop
     vertex  3.800480e+00  6.045937e+00  6.000000e+00
     vertex  3.801863e+00  6.090518e+00  0.000000e+00
     vertex  3.802561e+00  6.106123e+00  6.000000e+00
   endloop
 endfacet
 facet normal  9.996236e-01 -2.743405e-02  2.662479e-05
   outer loop
     vertex  3.800480e+00  6.045937e+00  6.000000e+00
     vertex  3.800207e+00  6.030180e+00  0.000000e+00
     vertex  3.801863e+00  6.090518e+00  0.000000e+00
   endloop
 endfacet
 facet normal  9.999741e-01 -7.194567e-03 -2.654228e-05
   outer loop
     vertex  3.800046e+00  5.985716e+00  6.000000e+00
     vertex  3.800207e+00  6.030180e+00  0.000000e+00
     vertex  3.800480e+00  6.045937e+00  6.000000e+00
   endloop
 endfacet
 facet normal  1.000000e+00  0.000000e+00  2.677511e-05
   outer loop
     vertex  3.800046e+00  5.985716e+00  6.000000e+00
     vertex  3.800207e+00  5.969820e+00  0.000000e+00
     vertex  3.800207e+00  6.030180e+00  0.000000e+00
   endloop
 endfacet
 facet normal  9.997964e-01  2.017866e-02 -2.669187e-05
   outer loop
     vertex  3.801262e+00  5.925506e+00  6.000000e+00
     vertex  3.800207e+00  5.969820e+00  0.000000e+00
     vertex  3.800046e+00  5.985716e+00  6.000000e+00
   endloop
 endfacet
 facet normal  9.996236e-01  2.743405e-02  2.692397e-05
   outer loop
     vertex  3.801262e+00  5.925506e+00  6.000000e+00
     vertex  3.801863e+00  5.909482e+00  0.000000e+00
     vertex  3.800207e+00  5.969820e+00  0.000000e+00
   endloop
 endfacet
 facet normal  9.984947e-01  5.484744e-02  2.707139e-05
   outer loop
     vertex  3.804124e+00  5.865352e+00  6.000000e+00
     vertex  3.805174e+00  5.849212e+00  0.000000e+00
     vertex  3.801863e+00  5.909482e+00  0.000000e+00
   endloop
 endfacet
 facet normal  9.988695e-01  4.753676e-02 -2.684001e-05
   outer loop
     vertex  3.804124e+00  5.865352e+00  6.000000e+00
     vertex  3.801863e+00  5.909482e+00  0.000000e+00
     vertex  3.801262e+00  5.925506e+00  6.000000e+00
   endloop
 endfacet
 facet normal  9.966142e-01  8.221955e-02  2.721736e-05
   outer loop
     vertex  3.808633e+00  5.805298e+00  6.000000e+00
     vertex  3.810136e+00  5.789056e+00  0.000000e+00
     vertex  3.805174e+00  5.849212e+00  0.000000e+00
   endloop
 endfacet
 facet normal  9.971941e-01  7.485924e-02 -2.698670e-05
   outer loop
     vertex  3.808633e+00  5.805298e+00  6.000000e+00
     vertex  3.805174e+00  5.849212e+00  0.000000e+00
     vertex  3.804124e+00  5.865352e+00  6.000000e+00
   endloop
 endfacet
 facet normal  9.947715e-01  1.021256e-01 -2.713195e-05
   outer loop
     vertex  3.814783e+00  5.745391e+00  6.000000e+00
     vertex  3.810136e+00  5.789056e+00  0.000000e+00
     vertex  3.808633e+00  5.805298e+00  6.000000e+00
   endloop
 endfacet
 facet normal  9.939835e-01  1.095298e-01  2.736188e-05
   outer loop
     vertex  3.814783e+00  5.745391e+00  6.000000e+00
     vertex  3.816748e+00  5.729058e+00  0.000000e+00
     vertex  3.810136e+00  5.789056e+00  0.000000e+00
   endloop
 endfacet
 facet normal  9.906046e-01  1.367575e-01  2.750495e-05
   outer loop
     vertex  3.822570e+00  5.685674e+00  6.000000e+00
     vertex  3.825002e+00  5.669265e+00  0.000000e+00
     vertex  3.816748e+00  5.729058e+00  0.000000e+00
   endloop
 endfacet
 facet normal  9.916035e-01  1.293155e-01 -2.727574e-05
   outer loop
     vertex  3.822570e+00  5.685674e+00  6.000000e+00
     vertex  3.816748e+00  5.729058e+00  0.000000e+00
     vertex  3.814783e+00  5.745391e+00  6.000000e+00
   endloop
 endfacet
 facet normal  9.864799e-01  1.638824e-01  2.764658e-05
   outer loop
     vertex  3.831990e+00  5.626193e+00  6.000000e+00
     vertex  3.834894e+00  5.609720e+00  0.000000e+00
     vertex  3.825002e+00  5.669265e+00  0.000000e+00
   endloop
 endfacet
 facet normal  9.876925e-01  1.564085e-01 -2.741809e-05
   outer loop
     vertex  3.831990e+00  5.626193e+00  6.000000e+00
     vertex  3.825002e+00  5.669265e+00  0.000000e+00
     vertex  3.822570e+00  5.685674e+00  6.000000e+00
   endloop
 endfacet
 facet normal  9.816126e-01  1.908838e-01  2.778675e-05
   outer loop
     vertex  3.843034e+00  5.566992e+00  6.000000e+00
     vertex  3.846416e+00  5.550470e+00  0.000000e+00
     vertex  3.834894e+00  5.609720e+00  0.000000e+00
   endloop
 endfacet
 facet normal  9.830413e-01  1.833842e-01 -2.755899e-05
   outer loop
     vertex  3.843034e+00  5.566992e+00  6.000000e+00
     vertex  3.834894e+00  5.609720e+00  0.000000e+00
     vertex  3.831990e+00  5.626193e+00  6.000000e+00
   endloop
 endfacet
 facet normal  9.760065e-01  2.177416e-01  2.792548e-05
   outer loop
     vertex  3.855694e+00  5.508115e+00  6.000000e+00
     vertex  3.859559e+00  5.491557e+00  0.000000e+00
     vertex  3.846416e+00  5.550470e+00  0.000000e+00
   endloop
 endfacet
 facet normal  9.776536e-01  2.102226e-01 -2.769845e-05
   outer loop
     vertex  3.855694e+00  5.508115e+00  6.000000e+00
     vertex  3.846416e+00  5.550470e+00  0.000000e+00
     vertex  3.843034e+00  5.566992e+00  6.000000e+00
   endloop
 endfacet
 facet normal  9.696656e-01  2.444354e-01  2.806277e-05
   outer loop
     vertex  3.869961e+00  5.449607e+00  6.000000e+00
     vertex  3.874314e+00  5.433028e+00  0.000000e+00
     vertex  3.859559e+00  5.491557e+00  0.000000e+00
   endloop
 endfacet
 facet normal  9.715332e-01  2.369034e-01 -2.783646e-05
   outer loop
     vertex  3.869961e+00  5.449607e+00  6.000000e+00
     vertex  3.859559e+00  5.491557e+00  0.000000e+00
     vertex  3.855694e+00  5.508115e+00  6.000000e+00
   endloop
 endfacet
 facet normal  9.625948e-01  2.709453e-01  2.819860e-05
   outer loop
     vertex  3.885824e+00  5.391512e+00  6.000000e+00
     vertex  3.890668e+00  5.374925e+00  0.000000e+00
     vertex  3.874314e+00  5.433028e+00  0.000000e+00
   endloop
 endfacet
 facet normal  9.646849e-01  2.634067e-01 -2.797301e-05
   outer loop
     vertex  3.885824e+00  5.391512e+00  6.000000e+00
     vertex  3.874314e+00  5.433028e+00  0.000000e+00
     vertex  3.869961e+00  5.449607e+00  6.000000e+00
   endloop
 endfacet
 facet normal  9.547993e-01  2.972512e-01  2.833299e-05
   outer loop
     vertex  3.903271e+00  5.333872e+00  6.000000e+00
     vertex  3.908610e+00  5.317293e+00  0.000000e+00
     vertex  3.890668e+00  5.374925e+00  0.000000e+00
   endloop
 endfacet
 facet normal  9.571137e-01  2.897126e-01 -2.810813e-05
   outer loop
     vertex  3.903271e+00  5.333872e+00  6.000000e+00
     vertex  3.890668e+00  5.374925e+00  0.000000e+00
     vertex  3.885824e+00  5.391512e+00  6.000000e+00
   endloop
 endfacet
 facet normal  9.462851e-01  3.233333e-01  2.846593e-05
   outer loop
     vertex  3.922289e+00  5.276732e+00  6.000000e+00
     vertex  3.928127e+00  5.260175e+00  0.000000e+00
     vertex  3.908610e+00  5.317293e+00  0.000000e+00
   endloop
 endfacet
 facet normal  9.488253e-01  3.158015e-01 -2.824179e-05
   outer loop
     vertex  3.922289e+00  5.276732e+00  6.000000e+00
     vertex  3.908610e+00  5.317293e+00  0.000000e+00
     vertex  3.903271e+00  5.333872e+00  6.000000e+00
   endloop
 endfacet
 facet normal  9.370586e-01  3.491720e-01  2.859742e-05
   outer loop
     vertex  3.942864e+00  5.220133e+00  6.000000e+00
     vertex  3.949203e+00  5.203613e+00  0.000000e+00
     vertex  3.928127e+00  5.260175e+00  0.000000e+00
   endloop
 endfacet
 facet normal  9.398259e-01  3.416537e-01 -2.837401e-05
   outer loop
     vertex  3.942864e+00  5.220133e+00  6.000000e+00
     vertex  3.928127e+00  5.260175e+00  0.000000e+00
     vertex  3.922289e+00  5.276732e+00  6.000000e+00
   endloop
 endfacet
 facet normal  9.271267e-01  3.747479e-01  2.872747e-05
   outer loop
     vertex  3.964981e+00  5.164119e+00  6.000000e+00
     vertex  3.971823e+00  5.147651e+00  0.000000e+00
     vertex  3.949203e+00  5.203613e+00  0.000000e+00
   endloop
 endfacet
 facet normal  9.301223e-01  3.672499e-01 -2.850477e-05
   outer loop
     vertex  3.964981e+00  5.164119e+00  6.000000e+00
     vertex  3.949203e+00  5.203613e+00  0.000000e+00
     vertex  3.942864e+00  5.220133e+00  6.000000e+00
   endloop
 endfacet
 facet normal  9.164969e-01  4.000417e-01  2.885606e-05
   outer loop
     vertex  3.988622e+00  5.108731e+00  6.000000e+00
     vertex  3.995970e+00  5.092331e+00  0.000000e+00
     vertex  3.971823e+00  5.147651e+00  0.000000e+00
   endloop
 endfacet
 facet normal  9.197218e-01  3.925709e-01 -2.863409e-05
   outer loop
     vertex  3.988622e+00  5.108731e+00  6.000000e+00
     vertex  3.971823e+00  5.147651e+00  0.000000e+00
     vertex  3.964981e+00  5.164119e+00  6.000000e+00
   endloop
 endfacet
 facet normal  9.051772e-01  4.250344e-01  2.898321e-05
   outer loop
     vertex  4.013771e+00  5.054011e+00  6.000000e+00
     vertex  4.021625e+00  5.037694e+00  0.000000e+00
     vertex  3.995970e+00  5.092331e+00  0.000000e+00
   endloop
 endfacet
 facet normal  9.086320e-01  4.175977e-01 -2.876197e-05
   outer loop
     vertex  4.013771e+00  5.054011e+00  6.000000e+00
     vertex  3.995970e+00  5.092331e+00  0.000000e+00
     vertex  3.988622e+00  5.108731e+00  6.000000e+00
   endloop
 endfacet
 facet normal  8.931761e-01  4.497071e-01  2.910891e-05
   outer loop
     vertex  4.040408e+00  5.000000e+00  6.000000e+00
     vertex  4.048770e+00  4.983781e+00  0.000000e+00
     vertex  4.021625e+00  5.037694e+00  0.000000e+00
   endloop
 endfacet
 facet normal  8.805026e-01  4.740412e-01 -5.433105e-05
   outer loop
     vertex  4.040408e+00  5.000000e+00  6.000000e+00
     vertex  4.077383e+00  4.930634e+00  0.000000e+00
     vertex  4.048770e+00  4.983781e+00  0.000000e+00
   endloop
 endfacet
 facet normal  8.968614e-01  4.423116e-01 -2.888839e-05
   outer loop
     vertex  4.040408e+00  5.000000e+00  6.000000e+00
     vertex  4.021625e+00  5.037694e+00  0.000000e+00
     vertex  4.013771e+00  5.054011e+00  6.000000e+00
   endloop
 endfacet
 facet normal  8.843958e-01  4.667378e-01 -3.928561e-16
   outer loop
     vertex  4.068618e+00  4.946548e+00  8.000000e+00
     vertex  4.040408e+00  5.000000e+00  6.000000e+00
     vertex  4.040408e+00  5.000000e+00  8.000000e+00
   endloop
 endfacet
 facet normal  8.838122e-01  4.678418e-01  3.773653e-05
   outer loop
     vertex  4.068618e+00  4.946548e+00  8.000000e+00
     vertex  4.077383e+00  4.930634e+00  0.000000e+00
     vertex  4.040408e+00  5.000000e+00  6.000000e+00
   endloop
 endfacet
 facet normal  8.671664e-01  4.980186e-01  2.172395e-05
   outer loop
     vertex  4.098285e+00  4.893890e+00  8.000000e+00
     vertex  4.107444e+00  4.878291e+00  0.000000e+00
     vertex  4.077383e+00  4.930634e+00  0.000000e+00
   endloop
 endfacet
 facet normal  8.712408e-01  4.908559e-01 -2.181873e-05
   outer loop
     vertex  4.098285e+00  4.893890e+00  8.000000e+00
     vertex  4.077383e+00  4.930634e+00  0.000000e+00
     vertex  4.068618e+00  4.946548e+00  8.000000e+00
   endloop
 endfacet
 facet normal  8.531773e-01  5.216210e-01  2.166956e-05
   outer loop
     vertex  4.129387e+00  4.842068e+00  8.000000e+00
     vertex  4.138929e+00  4.826793e+00  0.000000e+00
     vertex  4.107444e+00  4.878291e+00  0.000000e+00
   endloop
 endfacet
 facet normal  8.574282e-01  5.146036e-01 -2.176451e-05
   outer loop
     vertex  4.129387e+00  4.842068e+00  8.000000e+00
     vertex  4.107444e+00  4.878291e+00  0.000000e+00
     vertex  4.098285e+00  4.893890e+00  8.000000e+00
   endloop
 endfacet
 facet normal  8.429685e-01  5.379629e-01 -2.170994e-05
   outer loop
     vertex  4.161901e+00  4.791119e+00  8.000000e+00
     vertex  4.138929e+00  4.826793e+00  0.000000e+00
     vertex  4.129387e+00  4.842068e+00  8.000000e+00
   endloop
 endfacet
 facet normal  8.385460e-01  5.448308e-01  2.161481e-05
   outer loop
     vertex  4.161901e+00  4.791119e+00  8.000000e+00
     vertex  4.171816e+00  4.776178e+00  0.000000e+00
     vertex  4.138929e+00  4.826793e+00  0.000000e+00
   endloop
 endfacet
 facet normal  8.278726e-01  5.609161e-01 -2.165501e-05
   outer loop
     vertex  4.195803e+00  4.741083e+00  8.000000e+00
     vertex  4.171816e+00  4.776178e+00  0.000000e+00
     vertex  4.161901e+00  4.791119e+00  8.000000e+00
   endloop
 endfacet
 facet normal  8.232835e-01  5.676304e-01  2.155971e-05
   outer loop
     vertex  4.195803e+00  4.741083e+00  8.000000e+00
     vertex  4.206078e+00  4.726484e+00  0.000000e+00
     vertex  4.171816e+00  4.776178e+00  0.000000e+00
   endloop
 endfacet
 facet normal  8.121519e-01  5.834460e-01 -2.159973e-05
   outer loop
     vertex  4.231066e+00  4.691997e+00  8.000000e+00
     vertex  4.206078e+00  4.726484e+00  0.000000e+00
     vertex  4.195803e+00  4.741083e+00  8.000000e+00
   endloop
 endfacet
 facet normal  8.074012e-01  5.900028e-01  2.150425e-05
   outer loop
     vertex  4.231066e+00  4.691997e+00  8.000000e+00
     vertex  4.241691e+00  4.677748e+00  0.000000e+00
     vertex  4.206078e+00  4.726484e+00  0.000000e+00
   endloop
 endfacet
 facet normal  7.958182e-01  6.055356e-01 -2.154410e-05
   outer loop
     vertex  4.267664e+00  4.643898e+00  8.000000e+00
     vertex  4.241691e+00  4.677748e+00  0.000000e+00
     vertex  4.231066e+00  4.691997e+00  8.000000e+00
   endloop
 endfacet
 facet normal  7.909112e-01  6.119310e-01  2.144844e-05
   outer loop
     vertex  4.267664e+00  4.643898e+00  8.000000e+00
     vertex  4.278627e+00  4.630009e+00  0.000000e+00
     vertex  4.241691e+00  4.677748e+00  0.000000e+00
   endloop
 endfacet
 facet normal  7.788839e-01  6.271681e-01 -2.148811e-05
   outer loop
     vertex  4.305570e+00  4.596823e+00  8.000000e+00
     vertex  4.278627e+00  4.630009e+00  0.000000e+00
     vertex  4.267664e+00  4.643898e+00  8.000000e+00
   endloop
 endfacet
 facet normal  7.738257e-01  6.333986e-01  2.139227e-05
   outer loop
     vertex  4.305570e+00  4.596823e+00  8.000000e+00
     vertex  4.316860e+00  4.583300e+00  0.000000e+00
     vertex  4.278627e+00  4.630009e+00  0.000000e+00
   endloop
 endfacet
 facet normal  7.613617e-01  6.483273e-01 -2.143177e-05
   outer loop
     vertex  4.344755e+00  4.550806e+00  8.000000e+00
     vertex  4.316860e+00  4.583300e+00  0.000000e+00
     vertex  4.305570e+00  4.596823e+00  8.000000e+00
   endloop
 endfacet
 facet normal  7.561578e-01  6.543893e-01  2.133575e-05
   outer loop
     vertex  4.344755e+00  4.550806e+00  8.000000e+00
     vertex  4.356359e+00  4.537658e+00  0.000000e+00
     vertex  4.316860e+00  4.583300e+00  0.000000e+00
   endloop
 endfacet
 facet normal  7.432649e-01  6.689972e-01 -2.137507e-05
   outer loop
     vertex  4.385188e+00  4.505884e+00  8.000000e+00
     vertex  4.356359e+00  4.537658e+00  0.000000e+00
     vertex  4.344755e+00  4.550806e+00  8.000000e+00
   endloop
 endfacet
 facet normal  7.379206e-01  6.748875e-01  2.127888e-05
   outer loop
     vertex  4.385188e+00  4.505884e+00  8.000000e+00
     vertex  4.397096e+00  4.493117e+00  0.000000e+00
     vertex  4.356359e+00  4.537658e+00  0.000000e+00
   endloop
 endfacet
 facet normal  7.246072e-01  6.891622e-01 -2.131802e-05
   outer loop
     vertex  4.426841e+00  4.462089e+00  8.000000e+00
     vertex  4.397096e+00  4.493117e+00  0.000000e+00
     vertex  4.385188e+00  4.505884e+00  8.000000e+00
   endloop
 endfacet
 facet normal  7.191280e-01  6.948776e-01  2.122165e-05
   outer loop
     vertex  4.426841e+00  4.462089e+00  8.000000e+00
     vertex  4.439039e+00  4.449710e+00  0.000000e+00
     vertex  4.397096e+00  4.493117e+00  0.000000e+00
   endloop
 endfacet
 facet normal  7.054025e-01  7.088070e-01 -2.126062e-05
   outer loop
     vertex  4.469681e+00  4.419455e+00  8.000000e+00
     vertex  4.439039e+00  4.449710e+00  0.000000e+00
     vertex  4.426841e+00  4.462089e+00  8.000000e+00
   endloop
 endfacet
 facet normal  6.997940e-01  7.143447e-01  2.116407e-05
   outer loop
     vertex  4.469681e+00  4.419455e+00  8.000000e+00
     vertex  4.482157e+00  4.407470e+00  0.000000e+00
     vertex  4.439039e+00  4.449710e+00  0.000000e+00
   endloop
 endfacet
 facet normal  6.856654e-01  7.279168e-01 -2.120286e-05
   outer loop
     vertex  4.513676e+00  4.378013e+00  8.000000e+00
     vertex  4.482157e+00  4.407470e+00  0.000000e+00
     vertex  4.469681e+00  4.419455e+00  8.000000e+00
   endloop
 endfacet
 facet normal  6.799333e-01  7.332740e-01  2.110614e-05
   outer loop
     vertex  4.513676e+00  4.378013e+00  8.000000e+00
     vertex  4.526418e+00  4.366428e+00  0.000000e+00
     vertex  4.482157e+00  4.407470e+00  0.000000e+00
   endloop
 endfacet
 facet normal  6.654109e-01  7.464773e-01 -2.114475e-05
   outer loop
     vertex  4.558793e+00  4.337796e+00  8.000000e+00
     vertex  4.526418e+00  4.366428e+00  0.000000e+00
     vertex  4.513676e+00  4.378013e+00  8.000000e+00
   endloop
 endfacet
 facet normal  6.595607e-01  7.516513e-01  2.104785e-05
   outer loop
     vertex  4.558793e+00  4.337796e+00  8.000000e+00
     vertex  4.571788e+00  4.326617e+00  0.000000e+00
     vertex  4.526418e+00  4.366428e+00  0.000000e+00
   endloop
 endfacet
 facet normal  6.446541e-01  7.644744e-01 -2.108628e-05
   outer loop
     vertex  4.604997e+00  4.298834e+00  8.000000e+00
     vertex  4.571788e+00  4.326617e+00  0.000000e+00
     vertex  4.558793e+00  4.337796e+00  8.000000e+00
   endloop
 endfacet
 facet normal  6.386916e-01  7.694628e-01  2.098921e-05
   outer loop
     vertex  4.604997e+00  4.298834e+00  8.000000e+00
     vertex  4.618233e+00  4.288065e+00  0.000000e+00
     vertex  4.571788e+00  4.326617e+00  0.000000e+00
   endloop
 endfacet
 facet normal  6.234108e-01  7.818945e-01 -2.102746e-05
   outer loop
     vertex  4.652254e+00  4.261155e+00  8.000000e+00
     vertex  4.618233e+00  4.288065e+00  0.000000e+00
     vertex  4.604997e+00  4.298834e+00  8.000000e+00
   endloop
 endfacet
 facet normal  6.173417e-01  7.866951e-01  2.093021e-05
   outer loop
     vertex  4.652254e+00  4.261155e+00  8.000000e+00
     vertex  4.665719e+00  4.250802e+00  0.000000e+00
     vertex  4.618233e+00  4.288065e+00  0.000000e+00
   endloop
 endfacet
 facet normal  6.016970e-01  7.987245e-01 -2.096829e-05
   outer loop
     vertex  4.700529e+00  4.224789e+00  8.000000e+00
     vertex  4.665719e+00  4.250802e+00  0.000000e+00
     vertex  4.652254e+00  4.261155e+00  8.000000e+00
   endloop
 endfacet
 facet normal  5.955271e-01  8.033352e-01  2.087086e-05
   outer loop
     vertex  4.700529e+00  4.224789e+00  8.000000e+00
     vertex  4.714209e+00  4.214856e+00  0.000000e+00
     vertex  4.665719e+00  4.250802e+00  0.000000e+00
   endloop
 endfacet
 facet normal  5.732642e-01  8.193706e-01  2.081116e-05
   outer loop
     vertex  4.749784e+00  4.189762e+00  8.000000e+00
     vertex  4.763666e+00  4.180253e+00  0.000000e+00
     vertex  4.714209e+00  4.214856e+00  0.000000e+00
   endloop
 endfacet
 facet normal  5.795290e-01  8.149516e-01 -2.090876e-05
   outer loop
     vertex  4.749784e+00  4.189762e+00  8.000000e+00
     vertex  4.714209e+00  4.214856e+00  0.000000e+00
     vertex  4.700529e+00  4.224789e+00  8.000000e+00
   endloop
 endfacet
 facet normal  5.569237e-01  8.305637e-01 -2.084888e-05
   outer loop
     vertex  4.799983e+00  4.156102e+00  8.000000e+00
     vertex  4.763666e+00  4.180253e+00  0.000000e+00
     vertex  4.749784e+00  4.189762e+00  8.000000e+00
   endloop
 endfacet
 facet normal  5.505698e-01  8.347891e-01  2.075110e-05
   outer loop
     vertex  4.799983e+00  4.156102e+00  8.000000e+00
     vertex  4.814055e+00  4.147020e+00  0.000000e+00
     vertex  4.763666e+00  4.180253e+00  0.000000e+00
   endloop
 endfacet
 facet normal  5.274609e-01  8.495793e-01  2.069069e-05
   outer loop
     vertex  4.851087e+00  4.123834e+00  8.000000e+00
     vertex  4.865336e+00  4.115183e+00  0.000000e+00
     vertex  4.814055e+00  4.147020e+00  0.000000e+00
   endloop
 endfacet
 facet normal  5.338980e-01  8.455489e-01 -2.078865e-05
   outer loop
     vertex  4.851087e+00  4.123834e+00  8.000000e+00
     vertex  4.814055e+00  4.147020e+00  0.000000e+00
     vertex  4.799983e+00  4.156102e+00  8.000000e+00
   endloop
 endfacet
 facet normal  5.039550e-01  8.637299e-01  2.062993e-05
   outer loop
     vertex  4.903059e+00  4.092981e+00  8.000000e+00
     vertex  4.917471e+00  4.084764e+00  0.000000e+00
     vertex  4.865336e+00  4.115183e+00  0.000000e+00
   endloop
 endfacet
 facet normal  5.104694e-01  8.598959e-01 -2.072806e-05
   outer loop
     vertex  4.903059e+00  4.092981e+00  8.000000e+00
     vertex  4.865336e+00  4.115183e+00  0.000000e+00
     vertex  4.851087e+00  4.123834e+00  8.000000e+00
   endloop
 endfacet
 facet normal  4.800697e-01  8.772303e-01  2.056881e-05
   outer loop
     vertex  4.955859e+00  4.063568e+00  8.000000e+00
     vertex  4.970421e+00  4.055786e+00  0.000000e+00
     vertex  4.917471e+00  4.084764e+00  0.000000e+00
   endloop
 endfacet
 facet normal  4.866555e-01  8.735940e-01 -2.066712e-05
   outer loop
     vertex  4.955859e+00  4.063568e+00  8.000000e+00
     vertex  4.917471e+00  4.084764e+00  0.000000e+00
     vertex  4.903059e+00  4.092981e+00  8.000000e+00
   endloop
 endfacet
 facet normal  4.558231e-01  8.900704e-01  2.050733e-05
   outer loop
     vertex  5.009446e+00  4.035616e+00  8.000000e+00
     vertex  5.024146e+00  4.028272e+00  0.000000e+00
     vertex  4.970421e+00  4.055786e+00  0.000000e+00
   endloop
 endfacet
 facet normal  4.624743e-01  8.866327e-01 -2.060582e-05
   outer loop
     vertex  5.009446e+00  4.035616e+00  8.000000e+00
     vertex  4.970421e+00  4.055786e+00  0.000000e+00
     vertex  4.955859e+00  4.063568e+00  8.000000e+00
   endloop
 endfacet
 facet normal  4.312333e-01  9.022405e-01  2.044551e-05
   outer loop
     vertex  5.063782e+00  4.009147e+00  8.000000e+00
     vertex  5.078606e+00  4.002243e+00  0.000000e+00
     vertex  5.024146e+00  4.028272e+00  0.000000e+00
   endloop
 endfacet
 facet normal  4.379441e-01  8.990022e-01 -2.054417e-05
   outer loop
     vertex  5.063782e+00  4.009147e+00  8.000000e+00
     vertex  5.024146e+00  4.028272e+00  0.000000e+00
     vertex  5.009446e+00  4.035616e+00  8.000000e+00
   endloop
 endfacet
 facet normal  4.063188e-01  9.137314e-01  2.038333e-05
   outer loop
     vertex  5.118823e+00  3.984181e+00  8.000000e+00
     vertex  5.133759e+00  3.977717e+00  0.000000e+00
     vertex  5.078606e+00  4.002243e+00  0.000000e+00
   endloop
 endfacet
 facet normal  4.130833e-01  9.106933e-01 -2.048217e-05
   outer loop
     vertex  5.118823e+00  3.984181e+00  8.000000e+00
     vertex  5.078606e+00  4.002243e+00  0.000000e+00
     vertex  5.063782e+00  4.009147e+00  8.000000e+00
   endloop
 endfacet
 facet normal  3.810986e-01  9.245344e-01  2.032079e-05
   outer loop
     vertex  5.174530e+00  3.960735e+00  8.000000e+00
     vertex  5.189565e+00  3.954714e+00  0.000000e+00
     vertex  5.133759e+00  3.977717e+00  0.000000e+00
   endloop
 endfacet
 facet normal  3.879107e-01  9.216969e-01 -2.041981e-05
   outer loop
     vertex  5.174530e+00  3.960735e+00  8.000000e+00
     vertex  5.133759e+00  3.977717e+00  0.000000e+00
     vertex  5.118823e+00  3.984181e+00  8.000000e+00
   endloop
 endfacet
 facet normal  3.555914e-01  9.346415e-01  2.025790e-05
   outer loop
     vertex  5.230860e+00  3.938829e+00  8.000000e+00
     vertex  5.245980e+00  3.933250e+00  0.000000e+00
     vertex  5.189565e+00  3.954714e+00  0.000000e+00
   endloop
 endfacet
 facet normal  3.624454e-01  9.320050e-01 -2.035710e-05
   outer loop
     vertex  5.230860e+00  3.938829e+00  8.000000e+00
     vertex  5.189565e+00  3.954714e+00  0.000000e+00
     vertex  5.174530e+00  3.960735e+00  8.000000e+00
   endloop
 endfacet
 facet normal  3.298166e-01  9.440450e-01  2.019466e-05
   outer loop
     vertex  5.287771e+00  3.918479e+00  8.000000e+00
     vertex  5.302963e+00  3.913342e+00  0.000000e+00
     vertex  5.245980e+00  3.933250e+00  0.000000e+00
   endloop
 endfacet
 facet normal  3.367066e-01  9.416096e-01 -2.029404e-05
   outer loop
     vertex  5.287771e+00  3.918479e+00  8.000000e+00
     vertex  5.245980e+00  3.933250e+00  0.000000e+00
     vertex  5.230860e+00  3.938829e+00  8.000000e+00
   endloop
 endfacet
 facet normal  3.107136e-01  9.505036e-01 -2.023062e-05
   outer loop
     vertex  5.345219e+00  3.899700e+00  8.000000e+00
     vertex  5.302963e+00  3.913342e+00  0.000000e+00
     vertex  5.287771e+00  3.918479e+00  8.000000e+00
   endloop
 endfacet
 facet normal  3.037934e-01  9.527379e-01  2.013107e-05
   outer loop
     vertex  5.345219e+00  3.899700e+00  8.000000e+00
     vertex  5.360471e+00  3.895005e+00  0.000000e+00
     vertex  5.302963e+00  3.913342e+00  0.000000e+00
   endloop
 endfacet
 facet normal  2.844861e-01  9.586802e-01 -2.016684e-05
   outer loop
     vertex  5.403161e+00  3.882506e+00  8.000000e+00
     vertex  5.360471e+00  3.895005e+00  0.000000e+00
     vertex  5.345219e+00  3.899700e+00  8.000000e+00
   endloop
 endfacet
 facet normal  2.775416e-01  9.607136e-01  2.006712e-05
   outer loop
     vertex  5.403161e+00  3.882506e+00  8.000000e+00
     vertex  5.418460e+00  3.878253e+00  0.000000e+00
     vertex  5.360471e+00  3.895005e+00  0.000000e+00
   endloop
 endfacet
 facet normal  2.580439e-01  9.661332e-01 -2.010272e-05
   outer loop
     vertex  5.461553e+00  3.866909e+00  8.000000e+00
     vertex  5.418460e+00  3.878253e+00  0.000000e+00
     vertex  5.403161e+00  3.882506e+00  8.000000e+00
   endloop
 endfacet
 facet normal  2.510809e-01  9.679661e-01  2.000281e-05
   outer loop
     vertex  5.461553e+00  3.866909e+00  8.000000e+00
     vertex  5.476887e+00  3.863097e+00  0.000000e+00
     vertex  5.418460e+00  3.878253e+00  0.000000e+00
   endloop
 endfacet
 facet normal  2.314069e-01  9.728571e-01 -2.003824e-05
   outer loop
     vertex  5.520352e+00  3.852923e+00  8.000000e+00
     vertex  5.476887e+00  3.863097e+00  0.000000e+00
     vertex  5.461553e+00  3.866909e+00  8.000000e+00
   endloop
 endfacet
 facet normal  2.244312e-01  9.744899e-01  1.993815e-05
   outer loop
     vertex  5.520352e+00  3.852923e+00  8.000000e+00
     vertex  5.535708e+00  3.849550e+00  0.000000e+00
     vertex  5.476887e+00  3.863097e+00  0.000000e+00
   endloop
 endfacet
 facet normal  2.045953e-01  9.788467e-01 -1.997340e-05
   outer loop
     vertex  5.579513e+00  3.840558e+00  8.000000e+00
     vertex  5.535708e+00  3.849550e+00  0.000000e+00
     vertex  5.520352e+00  3.852923e+00  8.000000e+00
   endloop
 endfacet
 facet normal  1.976125e-01  9.802802e-01  1.987314e-05
   outer loop
     vertex  5.579513e+00  3.840558e+00  8.000000e+00
     vertex  5.594879e+00  3.837622e+00  0.000000e+00
     vertex  5.535708e+00  3.849550e+00  0.000000e+00
   endloop
 endfacet
 facet normal  1.776292e-01  9.840975e-01 -1.990821e-05
   outer loop
     vertex  5.638992e+00  3.829822e+00  8.000000e+00
     vertex  5.594879e+00  3.837622e+00  0.000000e+00
     vertex  5.579513e+00  3.840558e+00  8.000000e+00
   endloop
 endfacet
 facet normal  1.706451e-01  9.853326e-01  1.980778e-05
   outer loop
     vertex  5.638992e+00  3.829822e+00  8.000000e+00
     vertex  5.654354e+00  3.827322e+00  0.000000e+00
     vertex  5.594879e+00  3.837622e+00  0.000000e+00
   endloop
 endfacet
 facet normal  1.505291e-01  9.886056e-01 -1.984267e-05
   outer loop
     vertex  5.698743e+00  3.820724e+00  8.000000e+00
     vertex  5.654354e+00  3.827322e+00  0.000000e+00
     vertex  5.638992e+00  3.829822e+00  8.000000e+00
   endloop
 endfacet
 facet normal  1.435492e-01  9.896432e-01  1.974206e-05
   outer loop
     vertex  5.698743e+00  3.820724e+00  8.000000e+00
     vertex  5.714089e+00  3.818658e+00  0.000000e+00
     vertex  5.654354e+00  3.827322e+00  0.000000e+00
   endloop
 endfacet
 facet normal  1.233154e-01  9.923675e-01 -1.977677e-05
   outer loop
     vertex  5.758721e+00  3.813271e+00  8.000000e+00
     vertex  5.714089e+00  3.818658e+00  0.000000e+00
     vertex  5.698743e+00  3.820724e+00  8.000000e+00
   endloop
 endfacet
 facet normal  1.163452e-01  9.932088e-01  1.967598e-05
   outer loop
     vertex  5.758721e+00  3.813271e+00  8.000000e+00
     vertex  5.774040e+00  3.811635e+00  0.000000e+00
     vertex  5.714089e+00  3.818658e+00  0.000000e+00
   endloop
 endfacet
 facet normal  9.600866e-02  9.953805e-01 -1.971052e-05
   outer loop
     vertex  5.818881e+00  3.807468e+00  8.000000e+00
     vertex  5.774040e+00  3.811635e+00  0.000000e+00
     vertex  5.758721e+00  3.813271e+00  8.000000e+00
   endloop
 endfacet
 facet normal  8.905371e-02  9.960268e-01  1.960956e-05
   outer loop
     vertex  5.818881e+00  3.807468e+00  8.000000e+00
     vertex  5.834161e+00  3.806260e+00  0.000000e+00
     vertex  5.774040e+00  3.811635e+00  0.000000e+00
   endloop
 endfacet
 facet normal  6.862942e-02  9.976422e-01 -1.964392e-05
   outer loop
     vertex  5.879178e+00  3.803320e+00  8.000000e+00
     vertex  5.834161e+00  3.806260e+00  0.000000e+00
     vertex  5.818881e+00  3.807468e+00  8.000000e+00
   endloop
 endfacet
 facet normal  6.169515e-02  9.980950e-01  1.954278e-05
   outer loop
     vertex  5.879178e+00  3.803320e+00  8.000000e+00
     vertex  5.894406e+00  3.802536e+00  0.000000e+00
     vertex  5.834161e+00  3.806260e+00  0.000000e+00
   endloop
 endfacet
 facet normal  4.119838e-02  9.991510e-01 -1.957696e-05
   outer loop
     vertex  5.939566e+00  3.800830e+00  8.000000e+00
     vertex  5.894406e+00  3.802536e+00  0.000000e+00
     vertex  5.879178e+00  3.803320e+00  8.000000e+00
   endloop
 endfacet
 facet normal  3.429014e-02  9.994119e-01  1.947564e-05
   outer loop
     vertex  5.939566e+00  3.800830e+00  8.000000e+00
     vertex  5.954731e+00  3.800466e+00  0.000000e+00
     vertex  5.894406e+00  3.802536e+00  0.000000e+00
   endloop
 endfacet
 facet normal  1.373625e-02  9.999057e-01 -1.950965e-05
   outer loop
     vertex  6.000000e+00  3.800000e+00  8.000000e+00
     vertex  5.954731e+00  3.800466e+00  0.000000e+00
     vertex  5.939566e+00  3.800830e+00  8.000000e+00
   endloop
 endfacet
 facet normal  6.859319e-03  9.999765e-01  1.940815e-05
   outer loop
     vertex  6.000000e+00  3.800000e+00  8.000000e+00
     vertex  6.015091e+00  3.800052e+00  0.000000e+00
     vertex  5.954731e+00  3.800466e+00  0.000000e+00
   endloop
 endfacet
 facet normal -1.373625e-02  9.999057e-01 -1.944199e-05
   outer loop
     vertex  6.060434e+00  3.800830e+00  8.000000e+00
     vertex  6.015091e+00  3.800052e+00  0.000000e+00
     vertex  6.000000e+00  3.800000e+00  8.000000e+00
   endloop
 endfacet
 facet normal -2.057667e-02  9.997883e-01  1.934031e-05
   outer loop
     vertex  6.060434e+00  3.800830e+00  8.000000e+00
     vertex  6.075438e+00  3.801294e+00  0.000000e+00
     vertex  6.015091e+00  3.800052e+00  0.000000e+00
   endloop
 endfacet
 facet normal -4.119838e-02  9.991510e-01 -1.937397e-05
   outer loop
     vertex  6.120822e+00  3.803320e+00  8.000000e+00
     vertex  6.075438e+00  3.801294e+00  0.000000e+00
     vertex  6.060434e+00  3.800830e+00  8.000000e+00
   endloop
 endfacet
 facet normal -4.799716e-02  9.988475e-01  1.927212e-05
   outer loop
     vertex  6.120822e+00  3.803320e+00  8.000000e+00
     vertex  6.135729e+00  3.804191e+00  0.000000e+00
     vertex  6.075438e+00  3.801294e+00  0.000000e+00
   endloop
 endfacet
 facet normal -6.862942e-02  9.976422e-01 -1.930559e-05
   outer loop
     vertex  6.181119e+00  3.807468e+00  8.000000e+00
     vertex  6.135729e+00  3.804191e+00  0.000000e+00
     vertex  6.120822e+00  3.803320e+00  8.000000e+00
   endloop
 endfacet
 facet normal -7.538152e-02  9.971548e-01  1.920357e-05
   outer loop
     vertex  6.181119e+00  3.807468e+00  8.000000e+00
     vertex  6.195918e+00  3.808741e+00  0.000000e+00
     vertex  6.135729e+00  3.804191e+00  0.000000e+00
   endloop
 endfacet
 facet normal -9.600866e-02  9.953805e-01 -1.923687e-05
   outer loop
     vertex  6.241279e+00  3.813271e+00  8.000000e+00
     vertex  6.195918e+00  3.808741e+00  0.000000e+00
     vertex  6.181119e+00  3.807468e+00  8.000000e+00
   endloop
 endfacet
 facet normal -1.027091e-01  9.947114e-01  1.913466e-05
   outer loop
     vertex  6.241279e+00  3.813271e+00  8.000000e+00
     vertex  6.255960e+00  3.814941e+00  0.000000e+00
     vertex  6.195918e+00  3.808741e+00  0.000000e+00
   endloop
 endfacet
 facet normal -1.233154e-01  9.923675e-01 -1.916778e-05
   outer loop
     vertex  6.301257e+00  3.820724e+00  8.000000e+00
     vertex  6.255960e+00  3.814941e+00  0.000000e+00
     vertex  6.241279e+00  3.813271e+00  8.000000e+00
   endloop
 endfacet
 facet normal -1.299594e-01  9.915193e-01  1.906540e-05
   outer loop
     vertex  6.301257e+00  3.820724e+00  8.000000e+00
     vertex  6.315808e+00  3.822785e+00  0.000000e+00
     vertex  6.255960e+00  3.814941e+00  0.000000e+00
   endloop
 endfacet
 facet normal -1.505291e-01  9.886056e-01 -1.909835e-05
   outer loop
     vertex  6.361008e+00  3.829822e+00  8.000000e+00
     vertex  6.315808e+00  3.822785e+00  0.000000e+00
     vertex  6.301257e+00  3.820724e+00  8.000000e+00
   endloop
 endfacet
 facet normal -1.571119e-01  9.875808e-01  1.899579e-05
   outer loop
     vertex  6.361008e+00  3.829822e+00  8.000000e+00
     vertex  6.375419e+00  3.832268e+00  0.000000e+00
     vertex  6.315808e+00  3.822785e+00  0.000000e+00
   endloop
 endfacet
 facet normal -1.776292e-01  9.840975e-01 -1.902856e-05
   outer loop
     vertex  6.420487e+00  3.840558e+00  8.000000e+00
     vertex  6.375419e+00  3.832268e+00  0.000000e+00
     vertex  6.361008e+00  3.829822e+00  8.000000e+00
   endloop
 endfacet
 facet normal -1.841461e-01  9.828989e-01  1.892583e-05
   outer loop
     vertex  6.420487e+00  3.840558e+00  8.000000e+00
     vertex  6.434748e+00  3.843384e+00  0.000000e+00
     vertex  6.375419e+00  3.832268e+00  0.000000e+00
   endloop
 endfacet
 facet normal -2.045953e-01  9.788467e-01 -1.895842e-05
   outer loop
     vertex  6.479648e+00  3.852923e+00  8.000000e+00
     vertex  6.434748e+00  3.843384e+00  0.000000e+00
     vertex  6.420487e+00  3.840558e+00  8.000000e+00
   endloop
 endfacet
 facet normal -2.110417e-01  9.774771e-01  1.885551e-05
   outer loop
     vertex  6.479648e+00  3.852923e+00  8.000000e+00
     vertex  6.493749e+00  3.856122e+00  0.000000e+00
     vertex  6.434748e+00  3.843384e+00  0.000000e+00
   endloop
 endfacet
 facet normal -2.314069e-01  9.728571e-01 -1.888792e-05
   outer loop
     vertex  6.538447e+00  3.866909e+00  8.000000e+00
     vertex  6.493749e+00  3.856122e+00  0.000000e+00
     vertex  6.479648e+00  3.852923e+00  8.000000e+00
   endloop
 endfacet
 facet normal -2.377784e-01  9.713194e-01  1.878483e-05
   outer loop
     vertex  6.538447e+00  3.866909e+00  8.000000e+00
     vertex  6.552378e+00  3.870475e+00  0.000000e+00
     vertex  6.493749e+00  3.856122e+00  0.000000e+00
   endloop
 endfacet
 facet normal -2.580439e-01  9.661332e-01 -1.881707e-05
   outer loop
     vertex  6.596839e+00  3.882506e+00  8.000000e+00
     vertex  6.552378e+00  3.870475e+00  0.000000e+00
     vertex  6.538447e+00  3.866909e+00  8.000000e+00
   endloop
 endfacet
 facet normal -2.643362e-01  9.644306e-01  1.871381e-05
   outer loop
     vertex  6.596839e+00  3.882506e+00  8.000000e+00
     vertex  6.610592e+00  3.886430e+00  0.000000e+00
     vertex  6.552378e+00  3.870475e+00  0.000000e+00
   endloop
 endfacet
 facet normal -2.844861e-01  9.586802e-01 -1.874587e-05
   outer loop
     vertex  6.654781e+00  3.899700e+00  8.000000e+00
     vertex  6.610592e+00  3.886430e+00  0.000000e+00
     vertex  6.596839e+00  3.882506e+00  8.000000e+00
   endloop
 endfacet
 facet normal -2.906949e-01  9.568158e-01  1.864243e-05
   outer loop
     vertex  6.654781e+00  3.899700e+00  8.000000e+00
     vertex  6.668346e+00  3.903977e+00  0.000000e+00
     vertex  6.610592e+00  3.886430e+00  0.000000e+00
   endloop
 endfacet
 facet normal -3.168348e-01  9.484807e-01  1.857069e-05
   outer loop
     vertex  6.712229e+00  3.918479e+00  8.000000e+00
     vertex  6.725596e+00  3.923101e+00  0.000000e+00
     vertex  6.668346e+00  3.903977e+00  0.000000e+00
   endloop
 endfacet
 facet normal -3.107136e-01  9.505036e-01 -1.867431e-05
   outer loop
     vertex  6.712229e+00  3.918479e+00  8.000000e+00
     vertex  6.668346e+00  3.903977e+00  0.000000e+00
     vertex  6.654781e+00  3.899700e+00  8.000000e+00
   endloop
 endfacet
 facet normal -3.427362e-01  9.394317e-01  1.849860e-05
   outer loop
     vertex  6.769140e+00  3.938829e+00  8.000000e+00
     vertex  6.782301e+00  3.943789e+00  0.000000e+00
     vertex  6.725596e+00  3.923101e+00  0.000000e+00
   endloop
 endfacet
 facet normal -3.367066e-01  9.416096e-01 -1.860240e-05
   outer loop
     vertex  6.769140e+00  3.938829e+00  8.000000e+00
     vertex  6.725596e+00  3.923101e+00  0.000000e+00
     vertex  6.712229e+00  3.918479e+00  8.000000e+00
   endloop
 endfacet
 facet normal -3.624454e-01  9.320050e-01 -1.853013e-05
   outer loop
     vertex  6.825470e+00  3.960735e+00  8.000000e+00
     vertex  6.782301e+00  3.943789e+00  0.000000e+00
     vertex  6.769140e+00  3.938829e+00  8.000000e+00
   endloop
 endfacet
 facet normal -3.683796e-01  9.296754e-01  1.842616e-05
   outer loop
     vertex  6.825470e+00  3.960735e+00  8.000000e+00
     vertex  6.838417e+00  3.966024e+00  0.000000e+00
     vertex  6.782301e+00  3.943789e+00  0.000000e+00
   endloop
 endfacet
 facet normal -3.879107e-01  9.216969e-01 -1.845751e-05
   outer loop
     vertex  6.881177e+00  3.984181e+00  8.000000e+00
     vertex  6.838417e+00  3.966024e+00  0.000000e+00
     vertex  6.825470e+00  3.960735e+00  8.000000e+00
   endloop
 endfacet
 facet normal -3.937458e-01  9.192194e-01  1.835336e-05
   outer loop
     vertex  6.881177e+00  3.984181e+00  8.000000e+00
     vertex  6.893901e+00  3.989791e+00  0.000000e+00
     vertex  6.838417e+00  3.966024e+00  0.000000e+00
   endloop
 endfacet
 facet normal -4.130833e-01  9.106933e-01 -1.838454e-05
   outer loop
     vertex  6.936218e+00  4.009147e+00  8.000000e+00
     vertex  6.893901e+00  3.989791e+00  0.000000e+00
     vertex  6.881177e+00  3.984181e+00  8.000000e+00
   endloop
 endfacet
 facet normal -4.188155e-01  9.080714e-01  1.828021e-05
   outer loop
     vertex  6.936218e+00  4.009147e+00  8.000000e+00
     vertex  6.948713e+00  4.015071e+00  0.000000e+00
     vertex  6.893901e+00  3.989791e+00  0.000000e+00
   endloop
 endfacet
 facet normal -4.379441e-01  8.990022e-01 -1.831121e-05
   outer loop
     vertex  6.990554e+00  4.035616e+00  8.000000e+00
     vertex  6.948713e+00  4.015071e+00  0.000000e+00
     vertex  6.936218e+00  4.009147e+00  8.000000e+00
   endloop
 endfacet
 facet normal -4.435699e-01  8.962398e-01  1.820671e-05
   outer loop
     vertex  6.990554e+00  4.035616e+00  8.000000e+00
     vertex  7.002811e+00  4.041845e+00  0.000000e+00
     vertex  6.948713e+00  4.015071e+00  0.000000e+00
   endloop
 endfacet
 facet normal -4.679904e-01  8.837335e-01  1.813285e-05
   outer loop
     vertex  7.044141e+00  4.063568e+00  8.000000e+00
     vertex  7.056153e+00  4.070093e+00  0.000000e+00
     vertex  7.002811e+00  4.041845e+00  0.000000e+00
   endloop
 endfacet
 facet normal -4.624743e-01  8.866327e-01 -1.823753e-05
   outer loop
     vertex  7.044141e+00  4.063568e+00  8.000000e+00
     vertex  7.002811e+00  4.041845e+00  0.000000e+00
     vertex  6.990554e+00  4.035616e+00  8.000000e+00
   endloop
 endfacet
 facet normal -4.920587e-01  8.705620e-01  1.805864e-05
   outer loop
     vertex  7.096941e+00  4.092981e+00  8.000000e+00
     vertex  7.108701e+00  4.099794e+00  0.000000e+00
     vertex  7.056153e+00  4.070093e+00  0.000000e+00
   endloop
 endfacet
 facet normal -4.866555e-01  8.735940e-01 -1.816350e-05
   outer loop
     vertex  7.096941e+00  4.092981e+00  8.000000e+00
     vertex  7.056153e+00  4.070093e+00  0.000000e+00
     vertex  7.044141e+00  4.063568e+00  8.000000e+00
   endloop
 endfacet
 facet normal -5.157565e-01  8.567352e-01  1.798407e-05
   outer loop
     vertex  7.148913e+00  4.123834e+00  8.000000e+00
     vertex  7.160414e+00  4.130926e+00  0.000000e+00
     vertex  7.108701e+00  4.099794e+00  0.000000e+00
   endloop
 endfacet
 facet normal -5.104694e-01  8.598959e-01 -1.808911e-05
   outer loop
     vertex  7.148913e+00  4.123834e+00  8.000000e+00
     vertex  7.108701e+00  4.099794e+00  0.000000e+00
     vertex  7.096941e+00  4.092981e+00  8.000000e+00
   endloop
 endfacet
 facet normal -5.390661e-01  8.422635e-01  1.790915e-05
   outer loop
     vertex  7.200017e+00  4.156102e+00  8.000000e+00
     vertex  7.211254e+00  4.163464e+00  0.000000e+00
     vertex  7.160414e+00  4.130926e+00  0.000000e+00
   endloop
 endfacet
 facet normal -5.338980e-01  8.455489e-01 -1.801437e-05
   outer loop
     vertex  7.200017e+00  4.156102e+00  8.000000e+00
     vertex  7.160414e+00  4.130926e+00  0.000000e+00
     vertex  7.148913e+00  4.123834e+00  8.000000e+00
   endloop
 endfacet
 facet normal -5.619699e-01  8.271577e-01  1.783388e-05
   outer loop
     vertex  7.250216e+00  4.189762e+00  8.000000e+00
     vertex  7.261181e+00  4.197385e+00  0.000000e+00
     vertex  7.211254e+00  4.163464e+00  0.000000e+00
   endloop
 endfacet
 facet normal -5.569237e-01  8.305637e-01 -1.793927e-05
   outer loop
     vertex  7.250216e+00  4.189762e+00  8.000000e+00
     vertex  7.211254e+00  4.163464e+00  0.000000e+00
     vertex  7.200017e+00  4.156102e+00  8.000000e+00
   endloop
 endfacet
 facet normal -5.844507e-01  8.114292e-01  1.775825e-05
   outer loop
     vertex  7.299471e+00  4.224789e+00  8.000000e+00
     vertex  7.310160e+00  4.232663e+00  0.000000e+00
     vertex  7.261181e+00  4.197385e+00  0.000000e+00
   endloop
 endfacet
 facet normal -5.795290e-01  8.149516e-01 -1.786382e-05
   outer loop
     vertex  7.299471e+00  4.224789e+00  8.000000e+00
     vertex  7.261181e+00  4.197385e+00  0.000000e+00
     vertex  7.250216e+00  4.189762e+00  8.000000e+00
   endloop
 endfacet
 facet normal -6.064915e-01  7.950900e-01  1.768227e-05
   outer loop
     vertex  7.347746e+00  4.261155e+00  8.000000e+00
     vertex  7.358152e+00  4.269271e+00  0.000000e+00
     vertex  7.310160e+00  4.232663e+00  0.000000e+00
   endloop
 endfacet
 facet normal -6.016970e-01  7.987245e-01 -1.778801e-05
   outer loop
     vertex  7.347746e+00  4.261155e+00  8.000000e+00
     vertex  7.310160e+00  4.232663e+00  0.000000e+00
     vertex  7.299471e+00  4.224789e+00  8.000000e+00
   endloop
 endfacet
 facet normal -6.280757e-01  7.781522e-01  1.760594e-05
   outer loop
     vertex  7.395003e+00  4.298834e+00  8.000000e+00
     vertex  7.405121e+00  4.307182e+00  0.000000e+00
     vertex  7.358152e+00  4.269271e+00  0.000000e+00
   endloop
 endfacet
 facet normal -6.234108e-01  7.818945e-01 -1.771186e-05
   outer loop
     vertex  7.395003e+00  4.298834e+00  8.000000e+00
     vertex  7.358152e+00  4.269271e+00  0.000000e+00
     vertex  7.347746e+00  4.261155e+00  8.000000e+00
   endloop
 endfacet
 facet normal -6.491872e-01  7.606287e-01  1.752925e-05
   outer loop
     vertex  7.441207e+00  4.337796e+00  8.000000e+00
     vertex  7.451033e+00  4.346367e+00  0.000000e+00
     vertex  7.405121e+00  4.307182e+00  0.000000e+00
   endloop
 endfacet
 facet normal -6.446541e-01  7.644744e-01 -1.763535e-05
   outer loop
     vertex  7.441207e+00  4.337796e+00  8.000000e+00
     vertex  7.405121e+00  4.307182e+00  0.000000e+00
     vertex  7.395003e+00  4.298834e+00  8.000000e+00
   endloop
 endfacet
 facet normal -6.698100e-01  7.425325e-01  1.745221e-05
   outer loop
     vertex  7.486324e+00  4.378013e+00  8.000000e+00
     vertex  7.495853e+00  4.386797e+00  0.000000e+00
     vertex  7.451033e+00  4.346367e+00  0.000000e+00
   endloop
 endfacet
 facet normal -6.654109e-01  7.464773e-01 -1.755848e-05
   outer loop
     vertex  7.486324e+00  4.378013e+00  8.000000e+00
     vertex  7.451033e+00  4.346367e+00  0.000000e+00
     vertex  7.441207e+00  4.337796e+00  8.000000e+00
   endloop
 endfacet
 facet normal -6.899286e-01  7.238775e-01  1.737481e-05
   outer loop
     vertex  7.530319e+00  4.419455e+00  8.000000e+00
     vertex  7.539547e+00  4.428442e+00  0.000000e+00
     vertex  7.495853e+00  4.386797e+00  0.000000e+00
   endloop
 endfacet
 facet normal -6.856654e-01  7.279168e-01 -1.748126e-05
   outer loop
     vertex  7.530319e+00  4.419455e+00  8.000000e+00
     vertex  7.495853e+00  4.386797e+00  0.000000e+00
     vertex  7.486324e+00  4.378013e+00  8.000000e+00
   endloop
 endfacet
 facet normal -7.095278e-01  7.046775e-01  1.729706e-05
   outer loop
     vertex  7.573159e+00  4.462089e+00  8.000000e+00
     vertex  7.582082e+00  4.471269e+00  0.000000e+00
     vertex  7.539547e+00  4.428442e+00  0.000000e+00
   endloop
 endfacet
 facet normal -7.054025e-01  7.088070e-01 -1.740369e-05
   outer loop
     vertex  7.573159e+00  4.462089e+00  8.000000e+00
     vertex  7.539547e+00  4.428442e+00  0.000000e+00
     vertex  7.530319e+00  4.419455e+00  8.000000e+00
   endloop
 endfacet
 facet normal -7.285929e-01  6.849470e-01  1.721895e-05
   outer loop
     vertex  7.614812e+00  4.505884e+00  8.000000e+00
     vertex  7.623425e+00  4.515247e+00  0.000000e+00
     vertex  7.582082e+00  4.471269e+00  0.000000e+00
   endloop
 endfacet
 facet normal -7.246072e-01  6.891622e-01 -1.732576e-05
   outer loop
     vertex  7.614812e+00  4.505884e+00  8.000000e+00
     vertex  7.582082e+00  4.471269e+00  0.000000e+00
     vertex  7.573159e+00  4.462089e+00  8.000000e+00
   endloop
 endfacet
 facet normal -7.471095e-01  6.647010e-01  1.714050e-05
   outer loop
     vertex  7.655245e+00  4.550806e+00  8.000000e+00
     vertex  7.663547e+00  4.560343e+00  0.000000e+00
     vertex  7.623425e+00  4.515247e+00  0.000000e+00
   endloop
 endfacet
 facet normal -7.432649e-01  6.689972e-01 -1.724748e-05
   outer loop
     vertex  7.655245e+00  4.550806e+00  8.000000e+00
     vertex  7.623425e+00  4.515247e+00  0.000000e+00
     vertex  7.614812e+00  4.505884e+00  8.000000e+00
   endloop
 endfacet
 facet normal -7.650637e-01  6.439545e-01  1.706168e-05
   outer loop
     vertex  7.694430e+00  4.596823e+00  8.000000e+00
     vertex  7.702417e+00  4.606523e+00  0.000000e+00
     vertex  7.663547e+00  4.560343e+00  0.000000e+00
   endloop
 endfacet
 facet normal -7.613617e-01  6.483273e-01 -1.716884e-05
   outer loop
     vertex  7.694430e+00  4.596823e+00  8.000000e+00
     vertex  7.663547e+00  4.560343e+00  0.000000e+00
     vertex  7.655245e+00  4.550806e+00  8.000000e+00
   endloop
 endfacet
 facet normal -7.824421e-01  6.227234e-01  1.698252e-05
   outer loop
     vertex  7.732336e+00  4.643898e+00  8.000000e+00
     vertex  7.740005e+00  4.653752e+00  0.000000e+00
     vertex  7.702417e+00  4.606523e+00  0.000000e+00
   endloop
 endfacet
 facet normal -7.788839e-01  6.271681e-01 -1.708985e-05
   outer loop
     vertex  7.732336e+00  4.643898e+00  8.000000e+00
     vertex  7.702417e+00  4.606523e+00  0.000000e+00
     vertex  7.694430e+00  4.596823e+00  8.000000e+00
   endloop
 endfacet
 facet normal -7.992314e-01  6.010234e-01  1.690300e-05
   outer loop
     vertex  7.768934e+00  4.691997e+00  8.000000e+00
     vertex  7.776283e+00  4.701994e+00  0.000000e+00
     vertex  7.740005e+00  4.653752e+00  0.000000e+00
   endloop
 endfacet
 facet normal -7.958182e-01  6.055356e-01 -1.701051e-05
   outer loop
     vertex  7.768934e+00  4.691997e+00  8.000000e+00
     vertex  7.740005e+00  4.653752e+00  0.000000e+00
     vertex  7.732336e+00  4.643898e+00  8.000000e+00
   endloop
 endfacet
 facet normal -8.154191e-01  5.788711e-01  1.682313e-05
   outer loop
     vertex  7.804197e+00  4.741083e+00  8.000000e+00
     vertex  7.811224e+00  4.751213e+00  0.000000e+00
     vertex  7.776283e+00  4.701994e+00  0.000000e+00
   endloop
 endfacet
 facet normal -8.121519e-01  5.834460e-01 -1.693081e-05
   outer loop
     vertex  7.804197e+00  4.741083e+00  8.000000e+00
     vertex  7.776283e+00  4.701994e+00  0.000000e+00
     vertex  7.768934e+00  4.691997e+00  8.000000e+00
   endloop
 endfacet
 facet normal -8.309929e-01  5.562829e-01  1.674290e-05
   outer loop
     vertex  7.838099e+00  4.791119e+00  8.000000e+00
     vertex  7.844801e+00  4.801372e+00  0.000000e+00
     vertex  7.811224e+00  4.751213e+00  0.000000e+00
   endloop
 endfacet
 facet normal -8.278726e-01  5.609161e-01 -1.685076e-05
   outer loop
     vertex  7.838099e+00  4.791119e+00  8.000000e+00
     vertex  7.811224e+00  4.751213e+00  0.000000e+00
     vertex  7.804197e+00  4.741083e+00  8.000000e+00
   endloop
 endfacet
 facet normal -8.459413e-01  5.332761e-01  1.666232e-05
   outer loop
     vertex  7.870613e+00  4.842068e+00  8.000000e+00
     vertex  7.876990e+00  4.852434e+00  0.000000e+00
     vertex  7.844801e+00  4.801372e+00  0.000000e+00
   endloop
 endfacet
 facet normal -8.429685e-01  5.379629e-01 -1.677036e-05
   outer loop
     vertex  7.870613e+00  4.842068e+00  8.000000e+00
     vertex  7.844801e+00  4.801372e+00  0.000000e+00
     vertex  7.838099e+00  4.791119e+00  8.000000e+00
   endloop
 endfacet
 facet normal -8.602528e-01  5.098678e-01  1.658138e-05
   outer loop
     vertex  7.901715e+00  4.893890e+00  8.000000e+00
     vertex  7.907766e+00  4.904359e+00  0.000000e+00
     vertex  7.876990e+00  4.852434e+00  0.000000e+00
   endloop
 endfacet
 facet normal -8.574282e-01  5.146036e-01 -1.668960e-05
   outer loop
     vertex  7.901715e+00  4.893890e+00  8.000000e+00
     vertex  7.876990e+00  4.852434e+00  0.000000e+00
     vertex  7.870613e+00  4.842068e+00  8.000000e+00
   endloop
 endfacet
 facet normal -8.712408e-01  4.908559e-01 -1.660849e-05
   outer loop
     vertex  7.931382e+00  4.946548e+00  8.000000e+00
     vertex  7.907766e+00  4.904359e+00  0.000000e+00
     vertex  7.901715e+00  4.893890e+00  8.000000e+00
   endloop
 endfacet
 facet normal -8.739167e-01  4.860756e-01  1.650009e-05
   outer loop
     vertex  7.931382e+00  4.946548e+00  8.000000e+00
     vertex  7.937106e+00  4.957109e+00  0.000000e+00
     vertex  7.907766e+00  4.904359e+00  0.000000e+00
   endloop
 endfacet
 facet normal -8.846642e-01  4.662287e-01 -1.739112e-05
   outer loop
     vertex  7.959592e+00  5.000000e+00  6.000000e+00
     vertex  7.937106e+00  4.957109e+00  0.000000e+00
     vertex  7.931382e+00  4.946548e+00  8.000000e+00
   endloop
 endfacet
 facet normal -8.869228e-01  4.619176e-01  2.189127e-05
   outer loop
     vertex  7.959592e+00  5.000000e+00  6.000000e+00
     vertex  7.964987e+00  5.010644e+00  0.000000e+00
     vertex  7.937106e+00  4.957109e+00  0.000000e+00
   endloop
 endfacet
 facet normal -8.843958e-01  4.667378e-01 -3.927506e-16
   outer loop
     vertex  7.959592e+00  5.000000e+00  8.000000e+00
     vertex  7.959592e+00  5.000000e+00  6.000000e+00
     vertex  7.931382e+00  4.946548e+00  8.000000e+00
   endloop
 endfacet
 facet normal -8.966047e-01  4.428318e-01 -2.067513e-05
   outer loop
     vertex  7.985130e+00  5.051708e+00  6.000000e+00
     vertex  7.964987e+00  5.010644e+00  0.000000e+00
     vertex  7.959592e+00  5.000000e+00  6.000000e+00
   endloop
 endfacet
 facet normal -8.992613e-01  4.374119e-01  2.533629e-05
   outer loop
     vertex  7.985130e+00  5.051708e+00  6.000000e+00
     vertex  7.991390e+00  5.064924e+00  0.000000e+00
     vertex  7.964987e+00  5.010644e+00  0.000000e+00
   endloop
 endfacet
 facet normal -9.079040e-01  4.191782e-01 -2.384597e-05
   outer loop
     vertex  8.009304e+00  5.104067e+00  6.000000e+00
     vertex  7.991390e+00  5.064924e+00  0.000000e+00
     vertex  7.985130e+00  5.051708e+00  6.000000e+00
   endloop
 endfacet
 facet normal -9.109228e-01  4.125769e-01  2.823294e-05
   outer loop
     vertex  8.009304e+00  5.104067e+00  6.000000e+00
     vertex  8.016293e+00  5.119908e+00  0.000000e+00
     vertex  7.991390e+00  5.064924e+00  0.000000e+00
   endloop
 endfacet
 facet normal -9.185793e-01  3.952367e-01 -2.646843e-05
   outer loop
     vertex  8.032098e+00  5.157041e+00  6.000000e+00
     vertex  8.016293e+00  5.119908e+00  0.000000e+00
     vertex  8.009304e+00  5.104067e+00  6.000000e+00
   endloop
 endfacet
 facet normal -9.218986e-01  3.874313e-01  3.058121e-05
   outer loop
     vertex  8.032098e+00  5.157041e+00  6.000000e+00
     vertex  8.039679e+00  5.175555e+00  0.000000e+00
     vertex  8.016293e+00  5.119908e+00  0.000000e+00
   endloop
 endfacet
 facet normal -9.286235e-01  3.710235e-01 -2.854252e-05
   outer loop
     vertex  8.053495e+00  5.210595e+00  6.000000e+00
     vertex  8.039679e+00  5.175555e+00  0.000000e+00
     vertex  8.032098e+00  5.157041e+00  6.000000e+00
   endloop
 endfacet
 facet normal -9.321804e-01  3.619940e-01  3.238111e-05
   outer loop
     vertex  8.053495e+00  5.210595e+00  6.000000e+00
     vertex  8.061529e+00  5.231822e+00  0.000000e+00
     vertex  8.039679e+00  5.175555e+00  0.000000e+00
   endloop
 endfacet
 facet normal -9.380295e-01  3.465553e-01 -3.006822e-05
   outer loop
     vertex  8.073481e+00  5.264692e+00  6.000000e+00
     vertex  8.061529e+00  5.231822e+00  0.000000e+00
     vertex  8.053495e+00  5.210595e+00  6.000000e+00
   endloop
 endfacet
 facet normal -9.417605e-01  3.362843e-01  3.363263e-05
   outer loop
     vertex  8.073481e+00  5.264692e+00  6.000000e+00
     vertex  8.081827e+00  5.288667e+00  0.000000e+00
     vertex  8.061529e+00  5.231822e+00  0.000000e+00
   endloop
 endfacet
 facet normal -9.467910e-01  3.218491e-01 -3.104555e-05
   outer loop
     vertex  8.092042e+00  5.319294e+00  6.000000e+00
     vertex  8.081827e+00  5.288667e+00  0.000000e+00
     vertex  8.073481e+00  5.264692e+00  6.000000e+00
   endloop
 endfacet
 facet normal -9.506317e-01  3.103214e-01  3.433576e-05
   outer loop
     vertex  8.092042e+00  5.319294e+00  6.000000e+00
     vertex  8.100559e+00  5.346047e+00  0.000000e+00
     vertex  8.081827e+00  5.288667e+00  0.000000e+00
   endloop
 endfacet
 facet normal -9.549018e-01  2.969216e-01 -3.147449e-05
   outer loop
     vertex  8.109165e+00  5.374363e+00  6.000000e+00
     vertex  8.100559e+00  5.346047e+00  0.000000e+00
     vertex  8.092042e+00  5.319294e+00  6.000000e+00
   endloop
 endfacet
 facet normal -9.587873e-01  2.841250e-01  3.449051e-05
   outer loop
     vertex  8.109165e+00  5.374363e+00  6.000000e+00
     vertex  8.117708e+00  5.403920e+00  0.000000e+00
     vertex  8.100559e+00  5.346047e+00  0.000000e+00
   endloop
 endfacet
 facet normal -9.662211e-01  2.577146e-01  3.409688e-05
   outer loop
     vertex  8.124840e+00  5.429863e+00  6.000000e+00
     vertex  8.133264e+00  5.462242e+00  0.000000e+00
     vertex  8.117708e+00  5.403920e+00  0.000000e+00
   endloop
 endfacet
 facet normal -9.623565e-01  2.717902e-01 -3.135505e-05
   outer loop
     vertex  8.124840e+00  5.429863e+00  6.000000e+00
     vertex  8.117708e+00  5.403920e+00  0.000000e+00
     vertex  8.109165e+00  5.374363e+00  6.000000e+00
   endloop
 endfacet
 facet normal -9.729276e-01  2.311102e-01  3.315487e-05
   outer loop
     vertex  8.139054e+00  5.485754e+00  6.000000e+00
     vertex  8.147214e+00  5.520969e+00  0.000000e+00
     vertex  8.133264e+00  5.462242e+00  0.000000e+00
   endloop
 endfacet
 facet normal -9.691499e-01  2.464719e-01 -3.068723e-05
   outer loop
     vertex  8.139054e+00  5.485754e+00  6.000000e+00
     vertex  8.133264e+00  5.462242e+00  0.000000e+00
     vertex  8.124840e+00  5.429863e+00  6.000000e+00
   endloop
 endfacet
 facet normal -9.789017e-01  2.043319e-01  3.166447e-05
   outer loop
     vertex  8.151798e+00  5.541999e+00  6.000000e+00
     vertex  8.159548e+00  5.580056e+00  0.000000e+00
     vertex  8.147214e+00  5.520969e+00  0.000000e+00
   endloop
 endfacet
 facet normal -9.752774e-01  2.209843e-01 -2.947102e-05
   outer loop
     vertex  8.151798e+00  5.541999e+00  6.000000e+00
     vertex  8.147214e+00  5.520969e+00  0.000000e+00
     vertex  8.139054e+00  5.485754e+00  6.000000e+00
   endloop
 endfacet
 facet normal -9.841389e-01  1.773998e-01  2.962569e-05
   outer loop
     vertex  8.163064e+00  5.598558e+00  6.000000e+00
     vertex  8.170256e+00  5.639459e+00  0.000000e+00
     vertex  8.159548e+00  5.580056e+00  0.000000e+00
   endloop
 endfacet
 facet normal -9.807346e-01  1.953449e-01 -2.770644e-05
   outer loop
     vertex  8.163064e+00  5.598558e+00  6.000000e+00
     vertex  8.159548e+00  5.580056e+00  0.000000e+00
     vertex  8.151798e+00  5.541999e+00  6.000000e+00
   endloop
 endfacet
 facet normal -9.886353e-01  1.503341e-01  2.703854e-05
   outer loop
     vertex  8.172843e+00  5.655393e+00  6.000000e+00
     vertex  8.179330e+00  5.699133e+00  0.000000e+00
     vertex  8.170256e+00  5.639459e+00  0.000000e+00
   endloop
 endfacet
 facet normal -9.855179e-01  1.695712e-01 -2.539347e-05
   outer loop
     vertex  8.172843e+00  5.655393e+00  6.000000e+00
     vertex  8.170256e+00  5.639459e+00  0.000000e+00
     vertex  8.163064e+00  5.598558e+00  6.000000e+00
   endloop
 endfacet
 facet normal -9.923874e-01  1.231552e-01  2.390302e-05
   outer loop
     vertex  8.181129e+00  5.712465e+00  6.000000e+00
     vertex  8.186764e+00  5.759035e+00  0.000000e+00
     vertex  8.179330e+00  5.699133e+00  0.000000e+00
   endloop
 endfacet
 facet normal -9.896241e-01  1.436810e-01 -2.253213e-05
   outer loop
     vertex  8.181129e+00  5.712465e+00  6.000000e+00
     vertex  8.179330e+00  5.699133e+00  0.000000e+00
     vertex  8.172843e+00  5.655393e+00  6.000000e+00
   endloop
 endfacet
 facet normal -9.953925e-01  9.588368e-02  2.021912e-05
   outer loop
     vertex  8.187916e+00  5.769735e+00  6.000000e+00
     vertex  8.192551e+00  5.819117e+00  0.000000e+00
     vertex  8.186764e+00  5.759035e+00  0.000000e+00
   endloop
 endfacet
 facet normal -9.930501e-01  1.176921e-01 -1.912242e-05
   outer loop
     vertex  8.187916e+00  5.769735e+00  6.000000e+00
     vertex  8.186764e+00  5.759035e+00  0.000000e+00
     vertex  8.181129e+00  5.712465e+00  6.000000e+00
   endloop
 endfacet
 facet normal -9.976484e-01  6.853995e-02  1.598687e-05
   outer loop
     vertex  8.193200e+00  5.827162e+00  6.000000e+00
     vertex  8.196688e+00  5.879336e+00  0.000000e+00
     vertex  8.192551e+00  5.819117e+00  0.000000e+00
   endloop
 endfacet
 facet normal -9.957938e-01  9.162224e-02 -1.516435e-05
   outer loop
     vertex  8.193200e+00  5.827162e+00  6.000000e+00
     vertex  8.192551e+00  5.819117e+00  0.000000e+00
     vertex  8.187916e+00  5.769735e+00  6.000000e+00
   endloop
 endfacet
 facet normal -9.991532e-01  4.114462e-02  1.120626e-05
   outer loop
     vertex  8.196977e+00  5.884709e+00  6.000000e+00
     vertex  8.199172e+00  5.939645e+00  0.000000e+00
     vertex  8.196688e+00  5.879336e+00  0.000000e+00
   endloop
 endfacet
 facet normal -9.978533e-01  6.548946e-02 -1.065792e-05
   outer loop
     vertex  8.196977e+00  5.884709e+00  6.000000e+00
     vertex  8.196688e+00  5.879336e+00  0.000000e+00
     vertex  8.193200e+00  5.827162e+00  6.000000e+00
   endloop
 endfacet
 facet normal -9.999059e-01  1.371831e-02  5.877300e-06
   outer loop
     vertex  8.199244e+00  5.942335e+00  6.000000e+00
     vertex  8.200000e+00  6.000000e+00  0.000000e+00
     vertex  8.199172e+00  5.939645e+00  0.000000e+00
   endloop
 endfacet
 facet normal -9.992270e-01  3.931169e-02 -5.603131e-06
   outer loop
     vertex  8.199244e+00  5.942335e+00  6.000000e+00
     vertex  8.199172e+00  5.939645e+00  0.000000e+00
     vertex  8.196977e+00  5.884709e+00  6.000000e+00
   endloop
 endfacet
 facet normal -9.999141e-01  1.310690e-02  0.000000e+00
   outer loop
     vertex  8.200000e+00  6.000000e+00  6.000000e+00
     vertex  8.200000e+00  6.000000e+00  0.000000e+00
     vertex  8.199244e+00  5.942335e+00  6.000000e+00
   endloop
 endfacet
 facet normal  0.000000e+00  0.000000e+00  1.000000e+00
   outer loop
     vertex  6.500000e+01  9.200000e+00  3.400000e+01
     vertex  0.000000e+00  1.120000e+01  3.400000e+01
     vertex  0.000000e+00  9.200000e+00  3.400000e+01
   endloop
 endfacet
 facet normal  0.000000e+00  0.000000e+00  1.000000e+00
   outer loop
     vertex  6.500000e+01  1.120000e+01  3.400000e+01
     vertex  0.000000e+00  1.120000e+01  3.400000e+01
     vertex  6.500000e+01  9.200000e+00  3.400000e+01
   endloop
 endfacet
 facet normal  0.000000e+00  1.000000e+00  0.000000e+00
   outer loop
     vertex  6.500000e+01  1.120000e+01  6.000000e+00
     vertex  0.000000e+00  1.120000e+01  6.000000e+00
     vertex  0.000000e+00  1.120000e+01  3.400000e+01
   endloop
 endfacet
 facet normal  0.000000e+00  1.000000e+00  0.000000e+00
   outer loop
     vertex  6.500000e+01  1.120000e+01  3.400000e+01
     vertex  6.500000e+01  1.120000e+01  6.000000e+00
     vertex  0.000000e+00  1.120000e+01  3.400000e+01
   endloop
 endfacet
 facet normal  0.000000e+00 -1.000000e+00  0.000000e+00
   outer loop
     vertex  6.500000e+01  1.540000e+01  6.000000e+00
     vertex  0.000000e+00  1.540000e+01  3.400000e+01
     vertex  0.000000e+00  1.540000e+01  6.000000e+00
   endloop
 endfacet
 facet normal -0.000000e+00 -1.000000e+00 -0.000000e+00
   outer loop
     vertex  6.500000e+01  1.540000e+01  3.400000e+01
     vertex  0.000000e+00  1.540000e+01  3.400000e+01
     vertex  6.500000e+01  1.540000e+01  6.000000e+00
   endloop
 endfacet
 facet normal  0.000000e+00  0.000000e+00  1.000000e+00
   outer loop
     vertex  6.500000e+01  1.540000e+01  3.400000e+01
     vertex  0.000000e+00  1.740000e+01  3.400000e+01
     vertex  0.000000e+00  1.540000e+01  3.400000e+01
   endloop
 endfacet
 facet normal  0.000000e+00  0.000000e+00  1.000000e+00
   outer loop
     vertex  6.500000e+01  1.740000e+01  3.400000e+01
     vertex  0.000000e+00  1.740000e+01  3.400000e+01
     vertex  6.500000e+01  1.540000e+01  3.400000e+01
   endloop
 endfacet
 facet normal  0.000000e+00  1.000000e+00  0.000000e+00
   outer loop
     vertex  6.500000e+01  1.740000e+01  6.000000e+00
     vertex  0.000000e+00  1.740000e+01  6.000000e+00
     vertex  0.000000e+00  1.740000e+01  3.400000e+01
   endloop
 endfacet
 facet normal  0.000000e+00  1.000000e+00  0.000000e+00
   outer loop
     vertex  6.500000e+01  1.740000e+01  3.400000e+01
     vertex  6.500000e+01  1.740000e+01  6.000000e+00
     vertex  0.000000e+00  1.740000e+01  3.400000e+01
   endloop
 endfacet
 facet normal  0.000000e+00 -1.000000e+00  0.000000e+00
   outer loop
     vertex  6.500000e+01  2.160000e+01  6.000000e+00
     vertex  0.000000e+00  2.160000e+01  3.400000e+01
     vertex  0.000000e+00  2.160000e+01  6.000000e+00
   endloop
 endfacet
 facet normal -0.000000e+00 -1.000000e+00 -0.000000e+00
   outer loop
     vertex  6.500000e+01  2.160000e+01  3.400000e+01
     vertex  0.000000e+00  2.160000e+01  3.400000e+01
     vertex  6.500000e+01  2.160000e+01  6.000000e+00
   endloop
 endfacet
 facet normal  0.000000e+00  0.000000e+00  1.000000e+00
   outer loop
     vertex  6.500000e+01  2.160000e+01  3.400000e+01
     vertex  0.000000e+00  2.360000e+01  3.400000e+01
     vertex  0.000000e+00  2.160000e+01  3.400000e+01
   endloop
 endfacet
 facet normal  0.000000e+00  0.000000e+00  1.000000e+00
   outer loop
     vertex  6.500000e+01  2.360000e+01  3.400000e+01
     vertex  0.000000e+00  2.360000e+01  3.400000e+01
     vertex  6.500000e+01  2.160000e+01  3.400000e+01
   endloop
 endfacet
 facet normal  0.000000e+00  1.000000e+00  0.000000e+00
   outer loop
     vertex  6.500000e+01  2.360000e+01  6.000000e+00
     vertex  0.000000e+00  2.360000e+01  6.000000e+00
     vertex  0.000000e+00  2.360000e+01  3.400000e+01
   endloop
 endfacet
 facet normal  0.000000e+00  1.000000e+00  0.000000e+00
   outer loop
     vertex  6.500000e+01  2.360000e+01  3.400000e+01
     vertex  6.500000e+01  2.360000e+01  6.000000e+00
     vertex  0.000000e+00  2.360000e+01  3.400000e+01
   endloop
 endfacet
 facet normal  0.000000e+00 -1.000000e+00  0.000000e+00
   outer loop
     vertex  6.500000e+01  2.780000e+01  6.000000e+00
     vertex  0.000000e+00  2.780000e+01  3.400000e+01
     vertex  0.000000e+00  2.780000e+01  6.000000e+00
   endloop
 endfacet
 facet normal -0.000000e+00 -1.000000e+00 -0.000000e+00
   outer loop
     vertex  6.500000e+01  2.780000e+01  3.400000e+01
     vertex  0.000000e+00  2.780000e+01  3.400000e+01
     vertex  6.500000e+01  2.780000e+01  6.000000e+00
   endloop
 endfacet
 facet normal  0.000000e+00  0.000000e+00  1.000000e+00
   outer loop
     vertex  6.500000e+01  2.780000e+01  3.400000e+01
     vertex  0.000000e+00  2.980000e+01  3.400000e+01
     vertex  0.000000e+00  2.780000e+01  3.400000e+01
   endloop
 endfacet
 facet normal  0.000000e+00  0.000000e+00  1.000000e+00
   outer loop
     vertex  6.500000e+01  2.980000e+01  3.400000e+01
     vertex  0.000000e+00  2.980000e+01  3.400000e+01
     vertex  6.500000e+01  2.780000e+01  3.400000e+01
   endloop
 endfacet
 facet normal  0.000000e+00  1.000000e+00  0.000000e+00
   outer loop
     vertex  6.500000e+01  2.980000e+01  6.000000e+00
     vertex  0.000000e+00  2.980000e+01  6.000000e+00
     vertex  0.000000e+00  2.980000e+01  3.400000e+01
   endloop
 endfacet
 facet normal  0.000000e+00  1.000000e+00  0.000000e+00
   outer loop
     vertex  6.500000e+01  2.980000e+01  3.400000e+01
     vertex  6.500000e+01  2.980000e+01  6.000000e+00
     vertex  0.000000e+00  2.980000e+01  3.400000e+01
   endloop
 endfacet
 facet normal  0.000000e+00 -1.000000e+00  0.000000e+00
   outer loop
     vertex  6.500000e+01  3.400000e+01  6.000000e+00
     vertex  0.000000e+00  3.400000e+01  3.400000e+01
     vertex  0.000000e+00  3.400000e+01  6.000000e+00
   endloop
 endfacet
 facet normal -0.000000e+00 -1.000000e+00 -0.000000e+00
   outer loop
     vertex  6.500000e+01  3.400000e+01  3.400000e+01
     vertex  0.000000e+00  3.400000e+01  3.400000e+01
     vertex  6.500000e+01  3.400000e+01  6.000000e+00
   endloop
 endfacet
 facet normal  0.000000e+00  0.000000e+00  1.000000e+00
   outer loop
     vertex  6.500000e+01  3.400000e+01  3.400000e+01
     vertex  0.000000e+00  3.600000e+01  3.400000e+01
     vertex  0.000000e+00  3.400000e+01  3.400000e+01
   endloop
 endfacet
 facet normal  0.000000e+00  0.000000e+00  1.000000e+00
   outer loop
     vertex  6.500000e+01  3.600000e+01  3.400000e+01
     vertex  0.000000e+00  3.600000e+01  3.400000e+01
     vertex  6.500000e+01  3.400000e+01  3.400000e+01
   endloop
 endfacet
 facet normal  0.000000e+00  1.000000e+00  0.000000e+00
   outer loop
     vertex  6.500000e+01  3.600000e+01  6.000000e+00
     vertex  0.000000e+00  3.600000e+01  6.000000e+00
     vertex  0.000000e+00  3.600000e+01  3.400000e+01
   endloop
 endfacet
 facet normal  0.000000e+00  1.000000e+00  0.000000e+00
   outer loop
     vertex  6.500000e+01  3.600000e+01  3.400000e+01
     vertex  6.500000e+01  3.600000e+01  6.000000e+00
     vertex  0.000000e+00  3.600000e+01  3.400000e+01
   endloop
 endfacet
 facet normal  0.000000e+00 -1.000000e+00  0.000000e+00
   outer loop
     vertex  6.500000e+01  4.020000e+01  6.000000e+00
     vertex  0.000000e+00  4.020000e+01  3.400000e+01
     vertex  0.000000e+00  4.020000e+01  6.000000e+00
   endloop
 endfacet
 facet normal -0.000000e+00 -1.000000e+00 -0.000000e+00
   outer loop
     vertex  6.500000e+01  4.020000e+01  3.400000e+01
     vertex  0.000000e+00  4.020000e+01  3.400000e+01
     vertex  6.500000e+01  4.020000e+01  6.000000e+00
   endloop
 endfacet
 facet normal  0.000000e+00  0.000000e+00  1.000000e+00
   outer loop
     vertex  6.500000e+01  4.020000e+01  3.400000e+01
     vertex  0.000000e+00  4.220000e+01  3.400000e+01
     vertex  0.000000e+00  4.020000e+01  3.400000e+01
   endloop
 endfacet
 facet normal  0.000000e+00  0.000000e+00  1.000000e+00
   outer loop
     vertex  6.500000e+01  4.220000e+01  3.400000e+01
     vertex  0.000000e+00  4.220000e+01  3.400000e+01
     vertex  6.500000e+01  4.020000e+01  3.400000e+01
   endloop
 endfacet
 facet normal  0.000000e+00  1.000000e+00  0.000000e+00
   outer loop
     vertex  6.500000e+01  4.220000e+01  6.000000e+00
     vertex  0.000000e+00  4.220000e+01  6.000000e+00
     vertex  0.000000e+00  4.220000e+01  3.400000e+01
   endloop
 endfacet
 facet normal  0.000000e+00  1.000000e+00  0.000000e+00
   outer loop
     vertex  6.500000e+01  4.220000e+01  3.400000e+01
     vertex  6.500000e+01  4.220000e+01  6.000000e+00
     vertex  0.000000e+00  4.220000e+01  3.400000e+01
   endloop
 endfacet
 facet normal  0.000000e+00 -1.000000e+00  0.000000e+00
   outer loop
     vertex  6.500000e+01  4.640000e+01  6.000000e+00
     vertex  0.000000e+00  4.640000e+01  3.400000e+01
     vertex  0.000000e+00  4.640000e+01  6.000000e+00
   endloop
 endfacet
 facet normal -0.000000e+00 -1.000000e+00 -0.000000e+00
   outer loop
     vertex  6.500000e+01  4.640000e+01  3.400000e+01
     vertex  0.000000e+00  4.640000e+01  3.400000e+01
     vertex  6.500000e+01  4.640000e+01  6.000000e+00
   endloop
 endfacet
 facet normal  0.000000e+00  0.000000e+00  1.000000e+00
   outer loop
     vertex  6.500000e+01  4.640000e+01  3.400000e+01
     vertex  0.000000e+00  4.840000e+01  3.400000e+01
     vertex  0.000000e+00  4.640000e+01  3.400000e+01
   endloop
 endfacet
 facet normal  0.000000e+00  0.000000e+00  1.000000e+00
   outer loop
     vertex  6.500000e+01  4.840000e+01  3.400000e+01
     vertex  0.000000e+00  4.840000e+01  3.400000e+01
     vertex  6.500000e+01  4.640000e+01  3.400000e+01
   endloop
 endfacet
 facet normal  0.000000e+00  1.000000e+00  0.000000e+00
   outer loop
     vertex  6.500000e+01  4.840000e+01  6.000000e+00
     vertex  0.000000e+00  4.840000e+01  6.000000e+00
     vertex  0.000000e+00  4.840000e+01  3.400000e+01
   endloop
 endfacet
 facet normal  0.000000e+00  1.000000e+00  0.000000e+00
   outer loop
     vertex  6.500000e+01  4.840000e+01  3.400000e+01
     vertex  6.500000e+01  4.840000e+01  6.000000e+00
     vertex  0.000000e+00  4.840000e+01  3.400000e+01
   endloop
 endfacet
 facet normal  0.000000e+00 -1.000000e+00  0.000000e+00
   outer loop
     vertex  6.500000e+01  5.260000e+01  6.000000e+00
     vertex  0.000000e+00  5.260000e+01  3.400000e+01
     vertex  0.000000e+00  5.260000e+01  6.000000e+00
   endloop
 endfacet
 facet normal -0.000000e+00 -1.000000e+00 -0.000000e+00
   outer loop
     vertex  6.500000e+01  5.260000e+01  3.400000e+01
     vertex  0.000000e+00  5.260000e+01  3.400000e+01
     vertex  6.500000e+01  5.260000e+01  6.000000e+00
   endloop
 endfacet
 facet normal  0.000000e+00  0.000000e+00  1.000000e+00
   outer loop
     vertex  6.500000e+01  5.260000e+01  3.400000e+01
     vertex  0.000000e+00  5.460000e+01  3.400000e+01
     vertex  0.000000e+00  5.260000e+01  3.400000e+01
   endloop
 endfacet
 facet normal  0.000000e+00  0.000000e+00  1.000000e+00
   outer loop
     vertex  6.500000e+01  5.460000e+01  3.400000e+01
     vertex  0.000000e+00  5.460000e+01  3.400000e+01
     vertex  6.500000e+01  5.260000e+01  3.400000e+01
   endloop
 endfacet
 facet normal  0.000000e+00  1.000000e+00  0.000000e+00
   outer loop
     vertex  6.500000e+01  5.460000e+01  6.000000e+00
     vertex  0.000000e+00  5.460000e+01  6.000000e+00
     vertex  0.000000e+00  5.460000e+01  3.400000e+01
   endloop
 endfacet
 facet normal  0.000000e+00  1.000000e+00  0.000000e+00
   outer loop
     vertex  6.500000e+01  5.460000e+01  3.400000e+01
     vertex  6.500000e+01  5.460000e+01  6.000000e+00
     vertex  0.000000e+00  5.460000e+01  3.400000e+01
   endloop
 endfacet
 facet normal  0.000000e+00 -1.000000e+00  0.000000e+00
   outer loop
     vertex  3.809110e+00  5.880000e+01  8.000000e+00
     vertex  0.000000e+00  5.880000e+01  6.000000e+00
     vertex  3.809110e+00  5.880000e+01  6.000000e+00
   endloop
 endfacet
 facet normal  0.000000e+00 -1.000000e+00  0.000000e+00
   outer loop
     vertex  0.000000e+00  5.880000e+01  3.400000e+01
     vertex  3.809110e+00  5.880000e+01  8.000000e+00
     vertex  8.190890e+00  5.880000e+01  8.000000e+00
   endloop
 endfacet
 facet normal  0.000000e+00 -1.000000e+00  0.000000e+00
   outer loop
     vertex  0.000000e+00  5.880000e+01  3.400000e+01
     vertex  0.000000e+00  5.880000e+01  6.000000e+00
     vertex  3.809110e+00  5.880000e+01  8.000000e+00
   endloop
 endfacet
 facet normal  0.000000e+00 -1.000000e+00  0.000000e+00
   outer loop
     vertex  5.680911e+01  5.880000e+01  6.000000e+00
     vertex  8.190890e+00  5.880000e+01  8.000000e+00
     vertex  8.190890e+00  5.880000e+01  6.000000e+00
   endloop
 endfacet
 facet normal -0.000000e+00 -1.000000e+00  0.000000e+00
   outer loop
     vertex  5.680911e+01  5.880000e+01  8.000000e+00
     vertex  8.190890e+00  5.880000e+01  8.000000e+00
     vertex  5.680911e+01  5.880000e+01  6.000000e+00
   endloop
 endfacet
 facet normal  0.000000e+00 -1.000000e+00  0.000000e+00
   outer loop
     vertex  6.500000e+01  5.880000e+01  6.000000e+00
     vertex  6.119089e+01  5.880000e+01  8.000000e+00
     vertex  6.119089e+01  5.880000e+01  6.000000e+00
   endloop
 endfacet
 facet normal  0.000000e+00 -1.000000e+00  0.000000e+00
   outer loop
     vertex  6.500000e+01  5.880000e+01  3.400000e+01
     vertex  5.680911e+01  5.880000e+01  8.000000e+00
     vertex  6.119089e+01  5.880000e+01  8.000000e+00
   endloop
 endfacet
 facet normal -0.000000e+00 -1.000000e+00  0.000000e+00
   outer loop
     vertex  6.500000e+01  5.880000e+01  3.400000e+01
     vertex  0.000000e+00  5.880000e+01  3.400000e+01
     vertex  8.190890e+00  5.880000e+01  8.000000e+00
   endloop
 endfacet
 facet normal  0.000000e+00 -1.000000e+00  0.000000e+00
   outer loop
     vertex  6.500000e+01  5.880000e+01  3.400000e+01
     vertex  8.190890e+00  5.880000e+01  8.000000e+00
     vertex  5.680911e+01  5.880000e+01  8.000000e+00
   endloop
 endfacet
 facet normal  0.000000e+00 -1.000000e+00 -0.000000e+00
   outer loop
     vertex  6.500000e+01  5.880000e+01  3.400000e+01
     vertex  6.119089e+01  5.880000e+01  8.000000e+00
     vertex  6.500000e+01  5.880000e+01  6.000000e+00
   endloop
 endfacet
 facet normal -9.999063e-01 -1.368874e-02  0.000000e+00
   outer loop
     vertex  8.199176e+00  5.906022e+01  8.000000e+00
     vertex  8.200000e+00  5.900000e+01  0.000000e+00
     vertex  8.200000e+00  5.900000e+01  8.000000e+00
   endloop
 endfacet
 facet normal -9.999059e-01 -1.371831e-02  2.226995e-07
   outer loop
     vertex  8.199176e+00  5.906022e+01  8.000000e+00
     vertex  8.199172e+00  5.906035e+01  0.000000e+00
     vertex  8.200000e+00  5.900000e+01  0.000000e+00
   endloop
 endfacet
 facet normal -9.991532e-01 -4.114462e-02  4.444367e-07
   outer loop
     vertex  8.196703e+00  5.912040e+01  8.000000e+00
     vertex  8.196688e+00  5.912066e+01  0.000000e+00
     vertex  8.199172e+00  5.906035e+01  0.000000e+00
   endloop
 endfacet
 facet normal -9.991568e-01 -4.105595e-02 -2.222184e-07
   outer loop
     vertex  8.196703e+00  5.912040e+01  8.000000e+00
     vertex  8.199172e+00  5.906035e+01  0.000000e+00
     vertex  8.199176e+00  5.906022e+01  8.000000e+00
   endloop
 endfacet
 facet normal -9.976484e-01 -6.853995e-02  6.652115e-07
   outer loop
     vertex  8.192583e+00  5.918049e+01  8.000000e+00
     vertex  8.192551e+00  5.918088e+01  0.000000e+00
     vertex  8.196688e+00  5.912066e+01  0.000000e+00
   endloop
 endfacet
 facet normal -9.976585e-01 -6.839240e-02 -4.434744e-07
   outer loop
     vertex  8.192583e+00  5.918049e+01  8.000000e+00
     vertex  8.196688e+00  5.912066e+01  0.000000e+00
     vertex  8.196703e+00  5.912040e+01  8.000000e+00
   endloop
 endfacet
 facet normal -9.953925e-01 -9.588368e-02  8.850240e-07
   outer loop
     vertex  8.186821e+00  5.924045e+01  8.000000e+00
     vertex  8.186764e+00  5.924097e+01  0.000000e+00
     vertex  8.192551e+00  5.918088e+01  0.000000e+00
   endloop
 endfacet
 facet normal -9.954124e-01 -9.567758e-02 -6.637680e-07
   outer loop
     vertex  8.186821e+00  5.924045e+01  8.000000e+00
     vertex  8.192551e+00  5.918088e+01  0.000000e+00
     vertex  8.192583e+00  5.918049e+01  8.000000e+00
   endloop
 endfacet
 facet normal -9.923874e-01 -1.231552e-01  1.103874e-06
   outer loop
     vertex  8.179419e+00  5.930022e+01  8.000000e+00
     vertex  8.179330e+00  5.930087e+01  0.000000e+00
     vertex  8.186764e+00  5.924097e+01  0.000000e+00
   endloop
 endfacet
 facet normal -9.924202e-01 -1.228910e-01 -8.830993e-07
   outer loop
     vertex  8.179419e+00  5.930022e+01  8.000000e+00
     vertex  8.186764e+00  5.924097e+01  0.000000e+00
     vertex  8.186821e+00  5.924045e+01  8.000000e+00
   endloop
 endfacet
 facet normal -9.886353e-01 -1.503341e-01  1.321762e-06
   outer loop
     vertex  8.170384e+00  5.935977e+01  8.000000e+00
     vertex  8.170256e+00  5.936054e+01  0.000000e+00
     vertex  8.179330e+00  5.930087e+01  0.000000e+00
   endloop
 endfacet
 facet normal -9.886841e-01 -1.500124e-01 -1.101468e-06
   outer loop
     vertex  8.170384e+00  5.935977e+01  8.000000e+00
     vertex  8.179330e+00  5.930087e+01  0.000000e+00
     vertex  8.179419e+00  5.930022e+01  8.000000e+00
   endloop
 endfacet
 facet normal -9.841389e-01 -1.773998e-01  1.538687e-06
   outer loop
     vertex  8.159722e+00  5.941905e+01  8.000000e+00
     vertex  8.159548e+00  5.941994e+01  0.000000e+00
     vertex  8.170256e+00  5.936054e+01  0.000000e+00
   endloop
 endfacet
 facet normal -9.842070e-01 -1.770213e-01 -1.318875e-06
   outer loop
     vertex  8.159722e+00  5.941905e+01  8.000000e+00
     vertex  8.170256e+00  5.936054e+01  0.000000e+00
     vertex  8.170384e+00  5.935977e+01  8.000000e+00
   endloop
 endfacet
 facet normal -9.789017e-01 -2.043319e-01  1.754650e-06
   outer loop
     vertex  8.147441e+00  5.947802e+01  8.000000e+00
     vertex  8.147214e+00  5.947903e+01  0.000000e+00
     vertex  8.159548e+00  5.941994e+01  0.000000e+00
   endloop
 endfacet
 facet normal -9.789922e-01 -2.038976e-01 -1.535319e-06
   outer loop
     vertex  8.147441e+00  5.947802e+01  8.000000e+00
     vertex  8.159548e+00  5.941994e+01  0.000000e+00
     vertex  8.159722e+00  5.941905e+01  8.000000e+00
   endloop
 endfacet
 facet normal -9.730437e-01 -2.306210e-01 -1.750801e-06
   outer loop
     vertex  8.133550e+00  5.953662e+01  8.000000e+00
     vertex  8.147214e+00  5.947903e+01  0.000000e+00
     vertex  8.147441e+00  5.947802e+01  8.000000e+00
   endloop
 endfacet
 facet normal -9.729276e-01 -2.311102e-01  1.969651e-06
   outer loop
     vertex  8.133550e+00  5.953662e+01  8.000000e+00
     vertex  8.133264e+00  5.953776e+01  0.000000e+00
     vertex  8.147214e+00  5.947903e+01  0.000000e+00
   endloop
 endfacet
 facet normal -9.663658e-01 -2.571715e-01 -1.965320e-06
   outer loop
     vertex  8.118061e+00  5.959483e+01  8.000000e+00
     vertex  8.133264e+00  5.953776e+01  0.000000e+00
     vertex  8.133550e+00  5.953662e+01  8.000000e+00
   endloop
 endfacet
 facet normal -9.662211e-01 -2.577146e-01  2.183689e-06
   outer loop
     vertex  8.118061e+00  5.959483e+01  8.000000e+00
     vertex  8.117708e+00  5.959608e+01  0.000000e+00
     vertex  8.133264e+00  5.953776e+01  0.000000e+00
   endloop
 endfacet
 facet normal -9.589636e-01 -2.835293e-01 -2.178877e-06
   outer loop
     vertex  8.100984e+00  5.965259e+01  8.000000e+00
     vertex  8.117708e+00  5.959608e+01  0.000000e+00
     vertex  8.118061e+00  5.959483e+01  8.000000e+00
   endloop
 endfacet
 facet normal -9.587873e-01 -2.841250e-01  2.396765e-06
   outer loop
     vertex  8.100984e+00  5.965259e+01  8.000000e+00
     vertex  8.100559e+00  5.965395e+01  0.000000e+00
     vertex  8.117708e+00  5.959608e+01  0.000000e+00
   endloop
 endfacet
 facet normal -9.508426e-01 -3.096746e-01 -2.391472e-06
   outer loop
     vertex  8.082332e+00  5.970986e+01  8.000000e+00
     vertex  8.100559e+00  5.965395e+01  0.000000e+00
     vertex  8.100984e+00  5.965259e+01  8.000000e+00
   endloop
 endfacet
 facet normal -9.506317e-01 -3.103214e-01  2.608878e-06
   outer loop
     vertex  8.082332e+00  5.970986e+01  8.000000e+00
     vertex  8.081827e+00  5.971133e+01  0.000000e+00
     vertex  8.100559e+00  5.965395e+01  0.000000e+00
   endloop
 endfacet
 facet normal -9.420089e-01 -3.355878e-01 -2.603104e-06
   outer loop
     vertex  8.062119e+00  5.976659e+01  8.000000e+00
     vertex  8.081827e+00  5.971133e+01  0.000000e+00
     vertex  8.082332e+00  5.970986e+01  8.000000e+00
   endloop
 endfacet
 facet normal -9.417605e-01 -3.362843e-01  2.820030e-06
   outer loop
     vertex  8.062119e+00  5.976659e+01  8.000000e+00
     vertex  8.061529e+00  5.976818e+01  0.000000e+00
     vertex  8.081827e+00  5.971133e+01  0.000000e+00
   endloop
 endfacet
 facet normal -9.324692e-01 -3.612494e-01 -2.813774e-06
   outer loop
     vertex  8.040361e+00  5.982276e+01  8.000000e+00
     vertex  8.061529e+00  5.976818e+01  0.000000e+00
     vertex  8.062119e+00  5.976659e+01  8.000000e+00
   endloop
 endfacet
 facet normal -9.321804e-01 -3.619940e-01  3.030218e-06
   outer loop
     vertex  8.040361e+00  5.982276e+01  8.000000e+00
     vertex  8.039679e+00  5.982445e+01  0.000000e+00
     vertex  8.061529e+00  5.976818e+01  0.000000e+00
   endloop
 endfacet
 facet normal -9.222306e-01 -3.866403e-01 -3.023482e-06
   outer loop
     vertex  8.017073e+00  5.987830e+01  8.000000e+00
     vertex  8.039679e+00  5.982445e+01  0.000000e+00
     vertex  8.040361e+00  5.982276e+01  8.000000e+00
   endloop
 endfacet
 facet normal -9.218986e-01 -3.874313e-01  3.239445e-06
   outer loop
     vertex  8.017073e+00  5.987830e+01  8.000000e+00
     vertex  8.016293e+00  5.988009e+01  0.000000e+00
     vertex  8.039679e+00  5.982445e+01  0.000000e+00
   endloop
 endfacet
 facet normal -9.113007e-01 -4.117414e-01 -3.232227e-06
   outer loop
     vertex  7.992274e+00  5.993319e+01  8.000000e+00
     vertex  8.016293e+00  5.988009e+01  0.000000e+00
     vertex  8.017073e+00  5.987830e+01  8.000000e+00
   endloop
 endfacet
 facet normal -9.109228e-01 -4.125769e-01  3.447709e-06
   outer loop
     vertex  7.992274e+00  5.993319e+01  8.000000e+00
     vertex  7.991390e+00  5.993508e+01  0.000000e+00
     vertex  8.016293e+00  5.988009e+01  0.000000e+00
   endloop
 endfacet
 facet normal -8.996878e-01 -4.365339e-01 -3.440010e-06
   outer loop
     vertex  7.965981e+00  5.998738e+01  8.000000e+00
     vertex  7.991390e+00  5.993508e+01  0.000000e+00
     vertex  7.992274e+00  5.993319e+01  8.000000e+00
   endloop
 endfacet
 facet normal -8.992613e-01 -4.374119e-01  3.655010e-06
   outer loop
     vertex  7.965981e+00  5.998738e+01  8.000000e+00
     vertex  7.964987e+00  5.998936e+01  0.000000e+00
     vertex  7.991390e+00  5.993508e+01  0.000000e+00
   endloop
 endfacet
 facet normal -8.874006e-01 -4.609991e-01 -3.646830e-06
   outer loop
     vertex  7.938215e+00  6.004083e+01  8.000000e+00
     vertex  7.964987e+00  5.998936e+01  0.000000e+00
     vertex  7.965981e+00  5.998738e+01  8.000000e+00
   endloop
 endfacet
 facet normal -8.869228e-01 -4.619176e-01  3.861350e-06
   outer loop
     vertex  7.938215e+00  6.004083e+01  8.000000e+00
     vertex  7.937106e+00  6.004289e+01  0.000000e+00
     vertex  7.964987e+00  5.998936e+01  0.000000e+00
   endloop
 endfacet
 facet normal -8.744482e-01 -4.851189e-01 -3.852688e-06
   outer loop
     vertex  7.908996e+00  6.009350e+01  8.000000e+00
     vertex  7.937106e+00  6.004289e+01  0.000000e+00
     vertex  7.938215e+00  6.004083e+01  8.000000e+00
   endloop
 endfacet
 facet normal -8.739167e-01 -4.860756e-01  4.066727e-06
   outer loop
     vertex  7.908996e+00  6.009350e+01  8.000000e+00
     vertex  7.907766e+00  6.009564e+01  0.000000e+00
     vertex  7.937106e+00  6.004289e+01  0.000000e+00
   endloop
 endfacet
 facet normal -8.608404e-01 -5.088750e-01 -4.057584e-06
   outer loop
     vertex  7.878347e+00  6.014534e+01  8.000000e+00
     vertex  7.907766e+00  6.009564e+01  0.000000e+00
     vertex  7.908996e+00  6.009350e+01  8.000000e+00
   endloop
 endfacet
 facet normal -8.602528e-01 -5.098678e-01  4.271141e-06
   outer loop
     vertex  7.878347e+00  6.014534e+01  8.000000e+00
     vertex  7.876990e+00  6.014757e+01  0.000000e+00
     vertex  7.907766e+00  6.009564e+01  0.000000e+00
   endloop
 endfacet
 facet normal -8.465874e-01 -5.322498e-01 -4.261517e-06
   outer loop
     vertex  7.846289e+00  6.019633e+01  8.000000e+00
     vertex  7.876990e+00  6.014757e+01  0.000000e+00
     vertex  7.878347e+00  6.014534e+01  8.000000e+00
   endloop
 endfacet
 facet normal -8.459413e-01 -5.332761e-01  4.474593e-06
   outer loop
     vertex  7.846289e+00  6.019633e+01  8.000000e+00
     vertex  7.844801e+00  6.019863e+01  0.000000e+00
     vertex  7.876990e+00  6.014757e+01  0.000000e+00
   endloop
 endfacet
 facet normal -8.316998e-01 -5.552255e-01 -4.464488e-06
   outer loop
     vertex  7.812847e+00  6.024643e+01  8.000000e+00
     vertex  7.844801e+00  6.019863e+01  0.000000e+00
     vertex  7.846289e+00  6.019633e+01  8.000000e+00
   endloop
 endfacet
 facet normal -8.309929e-01 -5.562829e-01  4.677083e-06
   outer loop
     vertex  7.812847e+00  6.024643e+01  8.000000e+00
     vertex  7.811224e+00  6.024879e+01  0.000000e+00
     vertex  7.844801e+00  6.019863e+01  0.000000e+00
   endloop
 endfacet
 facet normal -8.154191e-01 -5.788711e-01  4.878610e-06
   outer loop
     vertex  7.778047e+00  6.029559e+01  8.000000e+00
     vertex  7.776283e+00  6.029801e+01  0.000000e+00
     vertex  7.811224e+00  6.024879e+01  0.000000e+00
   endloop
 endfacet
 facet normal -8.161889e-01 -5.777852e-01 -4.666497e-06
   outer loop
     vertex  7.778047e+00  6.029559e+01  8.000000e+00
     vertex  7.811224e+00  6.024879e+01  0.000000e+00
     vertex  7.812847e+00  6.024643e+01  8.000000e+00
   endloop
 endfacet
 facet normal -7.992314e-01 -6.010234e-01  5.079175e-06
   outer loop
     vertex  7.741914e+00  6.034378e+01  8.000000e+00
     vertex  7.740005e+00  6.034625e+01  0.000000e+00
     vertex  7.776283e+00  6.029801e+01  0.000000e+00
   endloop
 endfacet
 facet normal -8.000662e-01 -5.999117e-01 -4.867543e-06
   outer loop
     vertex  7.741914e+00  6.034378e+01  8.000000e+00
     vertex  7.776283e+00  6.029801e+01  0.000000e+00
     vertex  7.778047e+00  6.029559e+01  8.000000e+00
   endloop
 endfacet
 facet normal -7.824421e-01 -6.227234e-01  5.278778e-06
   outer loop
     vertex  7.704476e+00  6.039096e+01  8.000000e+00
     vertex  7.702417e+00  6.039348e+01  0.000000e+00
     vertex  7.740005e+00  6.034625e+01  0.000000e+00
   endloop
 endfacet
 facet normal -7.833438e-01 -6.215886e-01 -5.067627e-06
   outer loop
     vertex  7.704476e+00  6.039096e+01  8.000000e+00
     vertex  7.740005e+00  6.034625e+01  0.000000e+00
     vertex  7.741914e+00  6.034378e+01  8.000000e+00
   endloop
 endfacet
 facet normal -7.650637e-01 -6.439545e-01  5.477418e-06
   outer loop
     vertex  7.665760e+00  6.043710e+01  8.000000e+00
     vertex  7.663547e+00  6.043966e+01  0.000000e+00
     vertex  7.702417e+00  6.039348e+01  0.000000e+00
   endloop
 endfacet
 facet normal -7.660343e-01 -6.427997e-01 -5.266748e-06
   outer loop
     vertex  7.665760e+00  6.043710e+01  8.000000e+00
     vertex  7.702417e+00  6.039348e+01  0.000000e+00
     vertex  7.704476e+00  6.039096e+01  8.000000e+00
   endloop
 endfacet
 facet normal -7.471095e-01 -6.647010e-01  5.675096e-06
   outer loop
     vertex  7.625795e+00  6.048216e+01  8.000000e+00
     vertex  7.623425e+00  6.048475e+01  0.000000e+00
     vertex  7.663547e+00  6.043966e+01  0.000000e+00
   endloop
 endfacet
 facet normal -7.481507e-01 -6.635289e-01 -5.464907e-06
   outer loop
     vertex  7.625795e+00  6.048216e+01  8.000000e+00
     vertex  7.663547e+00  6.043966e+01  0.000000e+00
     vertex  7.665760e+00  6.043710e+01  8.000000e+00
   endloop
 endfacet
 facet normal -7.285929e-01 -6.849470e-01  5.871812e-06
   outer loop
     vertex  7.584612e+00  6.052611e+01  8.000000e+00
     vertex  7.582082e+00  6.052873e+01  0.000000e+00
     vertex  7.623425e+00  6.048475e+01  0.000000e+00
   endloop
 endfacet
 facet normal -7.297062e-01 -6.837608e-01 -5.662104e-06
   outer loop
     vertex  7.584612e+00  6.052611e+01  8.000000e+00
     vertex  7.623425e+00  6.048475e+01  0.000000e+00
     vertex  7.625795e+00  6.048216e+01  8.000000e+00
   endloop
 endfacet
 facet normal -7.095278e-01 -7.046775e-01  6.067565e-06
   outer loop
     vertex  7.542241e+00  6.056891e+01  8.000000e+00
     vertex  7.539547e+00  6.057156e+01  0.000000e+00
     vertex  7.582082e+00  6.052873e+01  0.000000e+00
   endloop
 endfacet
 facet normal -7.107149e-01 -7.034802e-01 -5.858338e-06
   outer loop
     vertex  7.542241e+00  6.056891e+01  8.000000e+00
     vertex  7.582082e+00  6.052873e+01  0.000000e+00
     vertex  7.584612e+00  6.052611e+01  8.000000e+00
   endloop
 endfacet
 facet normal -6.899286e-01 -7.238775e-01  6.262356e-06
   outer loop
     vertex  7.498714e+00  6.061055e+01  8.000000e+00
     vertex  7.495853e+00  6.061320e+01  0.000000e+00
     vertex  7.539547e+00  6.057156e+01  0.000000e+00
   endloop
 endfacet
 facet normal -6.911908e-01 -7.226723e-01 -6.053610e-06
   outer loop
     vertex  7.498714e+00  6.061055e+01  8.000000e+00
     vertex  7.539547e+00  6.057156e+01  0.000000e+00
     vertex  7.542241e+00  6.056891e+01  8.000000e+00
   endloop
 endfacet
 facet normal -6.698100e-01 -7.425325e-01  6.456184e-06
   outer loop
     vertex  7.454064e+00  6.065097e+01  8.000000e+00
     vertex  7.451033e+00  6.065363e+01  0.000000e+00
     vertex  7.495853e+00  6.061320e+01  0.000000e+00
   endloop
 endfacet
 facet normal -6.711487e-01 -7.413228e-01 -6.247920e-06
   outer loop
     vertex  7.454064e+00  6.065097e+01  8.000000e+00
     vertex  7.495853e+00  6.061320e+01  0.000000e+00
     vertex  7.498714e+00  6.061055e+01  8.000000e+00
   endloop
 endfacet
 facet normal -6.491872e-01 -7.606287e-01  6.649050e-06
   outer loop
     vertex  7.408324e+00  6.069016e+01  8.000000e+00
     vertex  7.405121e+00  6.069282e+01  0.000000e+00
     vertex  7.451033e+00  6.065363e+01  0.000000e+00
   endloop
 endfacet
 facet normal -6.506035e-01 -7.594176e-01 -6.441267e-06
   outer loop
     vertex  7.408324e+00  6.069016e+01  8.000000e+00
     vertex  7.451033e+00  6.065363e+01  0.000000e+00
     vertex  7.454064e+00  6.065097e+01  8.000000e+00
   endloop
 endfacet
 facet normal -6.280757e-01 -7.781522e-01  6.840953e-06
   outer loop
     vertex  7.361528e+00  6.072807e+01  8.000000e+00
     vertex  7.358152e+00  6.073073e+01  0.000000e+00
     vertex  7.405121e+00  6.069282e+01  0.000000e+00
   endloop
 endfacet
 facet normal -6.295707e-01 -7.769432e-01 -6.633652e-06
   outer loop
     vertex  7.361528e+00  6.072807e+01  8.000000e+00
     vertex  7.405121e+00  6.069282e+01  0.000000e+00
     vertex  7.408324e+00  6.069016e+01  8.000000e+00
   endloop
 endfacet
 facet normal -6.064915e-01 -7.950900e-01  7.031895e-06
   outer loop
     vertex  7.313712e+00  6.076470e+01  8.000000e+00
     vertex  7.310160e+00  6.076734e+01  0.000000e+00
     vertex  7.358152e+00  6.073073e+01  0.000000e+00
   endloop
 endfacet
 facet normal -6.080660e-01 -7.938865e-01 -6.825074e-06
   outer loop
     vertex  7.313712e+00  6.076470e+01  8.000000e+00
     vertex  7.358152e+00  6.073073e+01  0.000000e+00
     vertex  7.361528e+00  6.072807e+01  8.000000e+00
   endloop
 endfacet
 facet normal -5.859133e-01 -8.103738e-01 -7.146792e-06
   outer loop
     vertex  7.264911e+00  6.080000e+01  6.000000e+00
     vertex  7.310160e+00  6.076734e+01  0.000000e+00
     vertex  7.313712e+00  6.076470e+01  8.000000e+00
   endloop
 endfacet
 facet normal -5.844507e-01 -8.114292e-01  9.629165e-06
   outer loop
     vertex  7.264911e+00  6.080000e+01  6.000000e+00
     vertex  7.261181e+00  6.080262e+01  0.000000e+00
     vertex  7.310160e+00  6.076734e+01  0.000000e+00
   endloop
 endfacet
 facet normal -5.861056e-01 -8.102347e-01 -4.398785e-14
   outer loop
     vertex  7.264911e+00  6.080000e+01  8.000000e+00
     vertex  7.264911e+00  6.080000e+01  6.000000e+00
     vertex  7.313712e+00  6.076470e+01  8.000000e+00
   endloop
 endfacet
 facet normal -5.637693e-01 -8.259323e-01 -9.548377e-06
   outer loop
     vertex  7.215444e+00  6.083377e+01  6.000000e+00
     vertex  7.261181e+00  6.080262e+01  0.000000e+00
     vertex  7.264911e+00  6.080000e+01  6.000000e+00
   endloop
 endfacet
 facet normal -5.619699e-01 -8.271577e-01  1.052986e-05
   outer loop
     vertex  7.215444e+00  6.083377e+01  6.000000e+00
     vertex  7.211254e+00  6.083654e+01  0.000000e+00
     vertex  7.261181e+00  6.080262e+01  0.000000e+00
   endloop
 endfacet
 facet normal -5.410774e-01 -8.409728e-01 -1.044077e-05
   outer loop
     vertex  7.165076e+00  6.086617e+01  6.000000e+00
     vertex  7.211254e+00  6.083654e+01  0.000000e+00
     vertex  7.215444e+00  6.083377e+01  6.000000e+00
   endloop
 endfacet
 facet normal -5.390661e-01 -8.422635e-01  1.141394e-05
   outer loop
     vertex  7.165076e+00  6.086617e+01  6.000000e+00
     vertex  7.160414e+00  6.086907e+01  0.000000e+00
     vertex  7.211254e+00  6.083654e+01  0.000000e+00
   endloop
 endfacet
 facet normal -5.179846e-01 -8.553900e-01 -1.131655e-05
   outer loop
     vertex  7.113845e+00  6.089720e+01  6.000000e+00
     vertex  7.160414e+00  6.086907e+01  0.000000e+00
     vertex  7.165076e+00  6.086617e+01  6.000000e+00
   endloop
 endfacet
 facet normal -5.157565e-01 -8.567352e-01  1.228142e-05
   outer loop
     vertex  7.113845e+00  6.089720e+01  6.000000e+00
     vertex  7.108701e+00  6.090021e+01  0.000000e+00
     vertex  7.160414e+00  6.086907e+01  0.000000e+00
   endloop
 endfacet
 facet normal -4.945078e-01 -8.691732e-01 -1.217572e-05
   outer loop
     vertex  7.061788e+00  6.092681e+01  6.000000e+00
     vertex  7.108701e+00  6.090021e+01  0.000000e+00
     vertex  7.113845e+00  6.089720e+01  6.000000e+00
   endloop
 endfacet
 facet normal -4.920587e-01 -8.705620e-01  1.313229e-05
   outer loop
     vertex  7.061788e+00  6.092681e+01  6.000000e+00
     vertex  7.056153e+00  6.092991e+01  0.000000e+00
     vertex  7.108701e+00  6.090021e+01  0.000000e+00
   endloop
 endfacet
 facet normal -4.706645e-01 -8.823122e-01 -1.301829e-05
   outer loop
     vertex  7.008944e+00  6.095500e+01  6.000000e+00
     vertex  7.056153e+00  6.092991e+01  0.000000e+00
     vertex  7.061788e+00  6.092681e+01  6.000000e+00
   endloop
 endfacet
 facet normal -4.679904e-01 -8.837335e-01  1.396655e-05
   outer loop
     vertex  7.008944e+00  6.095500e+01  6.000000e+00
     vertex  7.002811e+00  6.095815e+01  0.000000e+00
     vertex  7.056153e+00  6.092991e+01  0.000000e+00
   endloop
 endfacet
 facet normal -4.464724e-01 -8.947974e-01 -1.384424e-05
   outer loop
     vertex  6.955353e+00  6.098174e+01  6.000000e+00
     vertex  7.002811e+00  6.095815e+01  0.000000e+00
     vertex  7.008944e+00  6.095500e+01  6.000000e+00
   endloop
 endfacet
 facet normal -4.435699e-01 -8.962398e-01  1.478420e-05
   outer loop
     vertex  6.955353e+00  6.098174e+01  6.000000e+00
     vertex  6.948713e+00  6.098493e+01  0.000000e+00
     vertex  7.002811e+00  6.095815e+01  0.000000e+00
   endloop
 endfacet
 facet normal -4.219494e-01 -9.066194e-01 -1.465359e-05
   outer loop
     vertex  6.901053e+00  6.100701e+01  6.000000e+00
     vertex  6.948713e+00  6.098493e+01  0.000000e+00
     vertex  6.955353e+00  6.098174e+01  6.000000e+00
   endloop
 endfacet
 facet normal -4.188155e-01 -9.080714e-01  1.558524e-05
   outer loop
     vertex  6.901053e+00  6.100701e+01  6.000000e+00
     vertex  6.893901e+00  6.101021e+01  0.000000e+00
     vertex  6.948713e+00  6.098493e+01  0.000000e+00
   endloop
 endfacet
 facet normal -3.971137e-01 -9.177694e-01 -1.544633e-05
   outer loop
     vertex  6.846086e+00  6.103080e+01  6.000000e+00
     vertex  6.893901e+00  6.101021e+01  0.000000e+00
     vertex  6.901053e+00  6.100701e+01  6.000000e+00
   endloop
 endfacet
 facet normal -3.937458e-01 -9.192194e-01  1.636968e-05
   outer loop
     vertex  6.846086e+00  6.103080e+01  6.000000e+00
     vertex  6.838417e+00  6.103398e+01  0.000000e+00
     vertex  6.893901e+00  6.101021e+01  0.000000e+00
   endloop
 endfacet
 facet normal -3.719837e-01 -9.282393e-01 -1.622246e-05
   outer loop
     vertex  6.790491e+00  6.105308e+01  6.000000e+00
     vertex  6.838417e+00  6.103398e+01  0.000000e+00
     vertex  6.846086e+00  6.103080e+01  6.000000e+00
   endloop
 endfacet
 facet normal -3.683796e-01 -9.296754e-01  1.713750e-05
   outer loop
     vertex  6.790491e+00  6.105308e+01  6.000000e+00
     vertex  6.782301e+00  6.105621e+01  0.000000e+00
     vertex  6.838417e+00  6.103398e+01  0.000000e+00
   endloop
 endfacet
 facet normal -3.465780e-01 -9.380212e-01 -1.698198e-05
   outer loop
     vertex  6.734311e+00  6.107383e+01  6.000000e+00
     vertex  6.782301e+00  6.105621e+01  0.000000e+00
     vertex  6.790491e+00  6.105308e+01  6.000000e+00
   endloop
 endfacet
 facet normal -3.427362e-01 -9.394317e-01  1.788872e-05
   outer loop
     vertex  6.734311e+00  6.107383e+01  6.000000e+00
     vertex  6.725596e+00  6.107690e+01  0.000000e+00
     vertex  6.782301e+00  6.105621e+01  0.000000e+00
   endloop
 endfacet
 facet normal -3.209154e-01 -9.471079e-01 -1.772489e-05
   outer loop
     vertex  6.677586e+00  6.109305e+01  6.000000e+00
     vertex  6.725596e+00  6.107690e+01  0.000000e+00
     vertex  6.734311e+00  6.107383e+01  6.000000e+00
   endloop
 endfacet
 facet normal -3.168348e-01 -9.484807e-01  1.862333e-05
   outer loop
     vertex  6.677586e+00  6.109305e+01  6.000000e+00
     vertex  6.668346e+00  6.109602e+01  0.000000e+00
     vertex  6.725596e+00  6.107690e+01  0.000000e+00
   endloop
 endfacet
 facet normal -2.950150e-01 -9.554926e-01 -1.845119e-05
   outer loop
     vertex  6.620359e+00  6.111072e+01  6.000000e+00
     vertex  6.668346e+00  6.109602e+01  0.000000e+00
     vertex  6.677586e+00  6.109305e+01  6.000000e+00
   endloop
 endfacet
 facet normal -2.906949e-01 -9.568158e-01  1.934132e-05
   outer loop
     vertex  6.620359e+00  6.111072e+01  6.000000e+00
     vertex  6.610592e+00  6.111357e+01  0.000000e+00
     vertex  6.668346e+00  6.109602e+01  0.000000e+00
   endloop
 endfacet
 facet normal -2.688959e-01 -9.631692e-01 -1.916088e-05
   outer loop
     vertex  6.562673e+00  6.112683e+01  6.000000e+00
     vertex  6.610592e+00  6.111357e+01  0.000000e+00
     vertex  6.620359e+00  6.111072e+01  6.000000e+00
   endloop
 endfacet
 facet normal -2.643362e-01 -9.644306e-01  2.004271e-05
   outer loop
     vertex  6.562673e+00  6.112683e+01  6.000000e+00
     vertex  6.552378e+00  6.112953e+01  0.000000e+00
     vertex  6.610592e+00  6.111357e+01  0.000000e+00
   endloop
 endfacet
 facet normal -2.425776e-01 -9.701320e-01 -1.985397e-05
   outer loop
     vertex  6.504569e+00  6.114136e+01  6.000000e+00
     vertex  6.552378e+00  6.112953e+01  0.000000e+00
     vertex  6.562673e+00  6.112683e+01  6.000000e+00
   endloop
 endfacet
 facet normal -2.377784e-01 -9.713194e-01  2.072749e-05
   outer loop
     vertex  6.504569e+00  6.114136e+01  6.000000e+00
     vertex  6.493749e+00  6.114388e+01  0.000000e+00
     vertex  6.552378e+00  6.112953e+01  0.000000e+00
   endloop
 endfacet
 facet normal -2.160794e-01 -9.763758e-01 -2.053045e-05
   outer loop
     vertex  6.446092e+00  6.115430e+01  6.000000e+00
     vertex  6.493749e+00  6.114388e+01  0.000000e+00
     vertex  6.504569e+00  6.114136e+01  6.000000e+00
   endloop
 endfacet
 facet normal -2.110417e-01 -9.774771e-01  2.139567e-05
   outer loop
     vertex  6.446092e+00  6.115430e+01  6.000000e+00
     vertex  6.434748e+00  6.115662e+01  0.000000e+00
     vertex  6.493749e+00  6.114388e+01  0.000000e+00
   endloop
 endfacet
 facet normal -1.894211e-01 -9.818959e-01 -2.119031e-05
   outer loop
     vertex  6.387284e+00  6.116564e+01  6.000000e+00
     vertex  6.434748e+00  6.115662e+01  0.000000e+00
     vertex  6.446092e+00  6.115430e+01  6.000000e+00
   endloop
 endfacet
 facet normal -1.841461e-01 -9.828989e-01  2.204723e-05
   outer loop
     vertex  6.387284e+00  6.116564e+01  6.000000e+00
     vertex  6.375419e+00  6.116773e+01  0.000000e+00
     vertex  6.434748e+00  6.115662e+01  0.000000e+00
   endloop
 endfacet
 facet normal -1.626225e-01 -9.866884e-01 -2.183357e-05
   outer loop
     vertex  6.328189e+00  6.117538e+01  6.000000e+00
     vertex  6.375419e+00  6.116773e+01  0.000000e+00
     vertex  6.387284e+00  6.116564e+01  6.000000e+00
   endloop
 endfacet
 facet normal -1.571119e-01 -9.875808e-01  2.268218e-05
   outer loop
     vertex  6.328189e+00  6.117538e+01  6.000000e+00
     vertex  6.315808e+00  6.117722e+01  0.000000e+00
     vertex  6.375419e+00  6.116773e+01  0.000000e+00
   endloop
 endfacet
 facet normal -1.357033e-01 -9.907495e-01 -2.246022e-05
   outer loop
     vertex  6.268850e+00  6.118351e+01  6.000000e+00
     vertex  6.315808e+00  6.117722e+01  0.000000e+00
     vertex  6.328189e+00  6.117538e+01  6.000000e+00
   endloop
 endfacet
 facet normal -1.299594e-01 -9.915193e-01  2.330053e-05
   outer loop
     vertex  6.268850e+00  6.118351e+01  6.000000e+00
     vertex  6.255960e+00  6.118506e+01  0.000000e+00
     vertex  6.315808e+00  6.117722e+01  0.000000e+00
   endloop
 endfacet
 facet normal -1.086835e-01 -9.940764e-01 -2.307026e-05
   outer loop
     vertex  6.209313e+00  6.119002e+01  6.000000e+00
     vertex  6.255960e+00  6.118506e+01  0.000000e+00
     vertex  6.268850e+00  6.118351e+01  6.000000e+00
   endloop
 endfacet
 facet normal -1.027091e-01 -9.947114e-01  2.390226e-05
   outer loop
     vertex  6.209313e+00  6.119002e+01  6.000000e+00
     vertex  6.195918e+00  6.119126e+01  0.000000e+00
     vertex  6.255960e+00  6.118506e+01  0.000000e+00
   endloop
 endfacet
 facet normal -8.158319e-02 -9.966665e-01 -2.366369e-05
   outer loop
     vertex  6.149620e+00  6.119491e+01  6.000000e+00
     vertex  6.195918e+00  6.119126e+01  0.000000e+00
     vertex  6.209313e+00  6.119002e+01  6.000000e+00
   endloop
 endfacet
 facet normal -7.538152e-02 -9.971548e-01  2.448739e-05
   outer loop
     vertex  6.149620e+00  6.119491e+01  6.000000e+00
     vertex  6.135729e+00  6.119581e+01  0.000000e+00
     vertex  6.195918e+00  6.119126e+01  0.000000e+00
   endloop
 endfacet
 facet normal -4.799716e-02 -9.988475e-01  2.505591e-05
   outer loop
     vertex  6.089816e+00  6.119817e+01  6.000000e+00
     vertex  6.075438e+00  6.119871e+01  0.000000e+00
     vertex  6.135729e+00  6.119581e+01  0.000000e+00
   endloop
 endfacet
 facet normal -5.442241e-02 -9.985180e-01 -2.424051e-05
   outer loop
     vertex  6.089816e+00  6.119817e+01  6.000000e+00
     vertex  6.135729e+00  6.119581e+01  0.000000e+00
     vertex  6.149620e+00  6.119491e+01  6.000000e+00
   endloop
 endfacet
 facet normal -2.057667e-02 -9.997883e-01  2.560781e-05
   outer loop
     vertex  6.029946e+00  6.119980e+01  6.000000e+00
     vertex  6.015091e+00  6.119995e+01  0.000000e+00
     vertex  6.075438e+00  6.119871e+01  0.000000e+00
   endloop
 endfacet
 facet normal -2.722129e-02 -9.996294e-01 -2.480073e-05
   outer loop
     vertex  6.029946e+00  6.119980e+01  6.000000e+00
     vertex  6.075438e+00  6.119871e+01  0.000000e+00
     vertex  6.089816e+00  6.119817e+01  6.000000e+00
   endloop
 endfacet
 facet normal  6.859319e-03 -9.999765e-01  2.614311e-05
   outer loop
     vertex  5.970054e+00  6.119980e+01  6.000000e+00
     vertex  5.954731e+00  6.119953e+01  0.000000e+00
     vertex  6.015091e+00  6.119995e+01  0.000000e+00
   endloop
 endfacet
 facet normal  0.000000e+00 -1.000000e+00 -2.534433e-05
   outer loop
     vertex  5.970054e+00  6.119980e+01  6.000000e+00
     vertex  6.015091e+00  6.119995e+01  0.000000e+00
     vertex  6.029946e+00  6.119980e+01  6.000000e+00
   endloop
 endfacet
 facet normal  2.722129e-02 -9.996294e-01 -2.587132e-05
   outer loop
     vertex  5.910184e+00  6.119817e+01  6.000000e+00
     vertex  5.954731e+00  6.119953e+01  0.000000e+00
     vertex  5.970054e+00  6.119980e+01  6.000000e+00
   endloop
 endfacet
 facet normal  3.429014e-02 -9.994119e-01  2.666180e-05
   outer loop
     vertex  5.910184e+00  6.119817e+01  6.000000e+00
     vertex  5.894406e+00  6.119746e+01  0.000000e+00
     vertex  5.954731e+00  6.119953e+01  0.000000e+00
   endloop
 endfacet
 facet normal  5.442241e-02 -9.985180e-01 -2.638171e-05
   outer loop
     vertex  5.850380e+00  6.119491e+01  6.000000e+00
     vertex  5.894406e+00  6.119746e+01  0.000000e+00
     vertex  5.910184e+00  6.119817e+01  6.000000e+00
   endloop
 endfacet
 facet normal  6.169515e-02 -9.980950e-01  2.716388e-05
   outer loop
     vertex  5.850380e+00  6.119491e+01  6.000000e+00
     vertex  5.834161e+00  6.119374e+01  0.000000e+00
     vertex  5.894406e+00  6.119746e+01  0.000000e+00
   endloop
 endfacet
 facet normal  8.158319e-02 -9.966665e-01 -2.687548e-05
   outer loop
     vertex  5.790687e+00  6.119002e+01  6.000000e+00
     vertex  5.834161e+00  6.119374e+01  0.000000e+00
     vertex  5.850380e+00  6.119491e+01  6.000000e+00
   endloop
 endfacet
 facet normal  8.905371e-02 -9.960268e-01  2.764935e-05
   outer loop
     vertex  5.790687e+00  6.119002e+01  6.000000e+00
     vertex  5.774040e+00  6.118837e+01  0.000000e+00
     vertex  5.834161e+00  6.119374e+01  0.000000e+00
   endloop
 endfacet
 facet normal  1.086835e-01 -9.940764e-01 -2.735265e-05
   outer loop
     vertex  5.731150e+00  6.118351e+01  6.000000e+00
     vertex  5.774040e+00  6.118837e+01  0.000000e+00
     vertex  5.790687e+00  6.119002e+01  6.000000e+00
   endloop
 endfacet
 facet normal  1.163452e-01 -9.932088e-01  2.811821e-05
   outer loop
     vertex  5.731150e+00  6.118351e+01  6.000000e+00
     vertex  5.714089e+00  6.118134e+01  0.000000e+00
     vertex  5.774040e+00  6.118837e+01  0.000000e+00
   endloop
 endfacet
 facet normal  1.357033e-01 -9.907495e-01 -2.781321e-05
   outer loop
     vertex  5.671811e+00  6.117538e+01  6.000000e+00
     vertex  5.714089e+00  6.118134e+01  0.000000e+00
     vertex  5.731150e+00  6.118351e+01  6.000000e+00
   endloop
 endfacet
 facet normal  1.435492e-01 -9.896432e-01  2.857047e-05
   outer loop
     vertex  5.671811e+00  6.117538e+01  6.000000e+00
     vertex  5.654354e+00  6.117268e+01  0.000000e+00
     vertex  5.714089e+00  6.118134e+01  0.000000e+00
   endloop
 endfacet
 facet normal  1.626225e-01 -9.866884e-01 -2.825715e-05
   outer loop
     vertex  5.612716e+00  6.116564e+01  6.000000e+00
     vertex  5.654354e+00  6.117268e+01  0.000000e+00
     vertex  5.671811e+00  6.117538e+01  6.000000e+00
   endloop
 endfacet
 facet normal  1.706451e-01 -9.853326e-01  2.900611e-05
   outer loop
     vertex  5.612716e+00  6.116564e+01  6.000000e+00
     vertex  5.594879e+00  6.116238e+01  0.000000e+00
     vertex  5.654354e+00  6.117268e+01  0.000000e+00
   endloop
 endfacet
 facet normal  1.894211e-01 -9.818959e-01 -2.868449e-05
   outer loop
     vertex  5.553908e+00  6.115430e+01  6.000000e+00
     vertex  5.594879e+00  6.116238e+01  0.000000e+00
     vertex  5.612716e+00  6.116564e+01  6.000000e+00
   endloop
 endfacet
 facet normal  1.976125e-01 -9.802802e-01  2.942514e-05
   outer loop
     vertex  5.553908e+00  6.115430e+01  6.000000e+00
     vertex  5.535708e+00  6.115045e+01  0.000000e+00
     vertex  5.594879e+00  6.116238e+01  0.000000e+00
   endloop
 endfacet
 facet normal  2.244312e-01 -9.744899e-01  2.982757e-05
   outer loop
     vertex  5.495431e+00  6.114136e+01  6.000000e+00
     vertex  5.476887e+00  6.113690e+01  0.000000e+00
     vertex  5.535708e+00  6.115045e+01  0.000000e+00
   endloop
 endfacet
 facet normal  2.160794e-01 -9.763758e-01 -2.909522e-05
   outer loop
     vertex  5.495431e+00  6.114136e+01  6.000000e+00
     vertex  5.535708e+00  6.115045e+01  0.000000e+00
     vertex  5.553908e+00  6.115430e+01  6.000000e+00
   endloop
 endfacet
 facet normal  2.510809e-01 -9.679661e-01  3.021338e-05
   outer loop
     vertex  5.437327e+00  6.112683e+01  6.000000e+00
     vertex  5.418460e+00  6.112175e+01  0.000000e+00
     vertex  5.476887e+00  6.113690e+01  0.000000e+00
   endloop
 endfacet
 facet normal  2.425776e-01 -9.701320e-01 -2.948934e-05
   outer loop
     vertex  5.437327e+00  6.112683e+01  6.000000e+00
     vertex  5.476887e+00  6.113690e+01  0.000000e+00
     vertex  5.495431e+00  6.114136e+01  6.000000e+00
   endloop
 endfacet
 facet normal  2.775416e-01 -9.607136e-01  3.058259e-05
   outer loop
     vertex  5.379641e+00  6.111072e+01  6.000000e+00
     vertex  5.360471e+00  6.110499e+01  0.000000e+00
     vertex  5.418460e+00  6.112175e+01  0.000000e+00
   endloop
 endfacet
 facet normal  2.688959e-01 -9.631692e-01 -2.986685e-05
   outer loop
     vertex  5.379641e+00  6.111072e+01  6.000000e+00
     vertex  5.418460e+00  6.112175e+01  0.000000e+00
     vertex  5.437327e+00  6.112683e+01  6.000000e+00
   endloop
 endfacet
 facet normal  3.037934e-01 -9.527379e-01  3.093519e-05
   outer loop
     vertex  5.322414e+00  6.109305e+01  6.000000e+00
     vertex  5.302963e+00  6.108666e+01  0.000000e+00
     vertex  5.360471e+00  6.110499e+01  0.000000e+00
   endloop
 endfacet
 facet normal  2.950150e-01 -9.554926e-01 -3.022775e-05
   outer loop
     vertex  5.322414e+00  6.109305e+01  6.000000e+00
     vertex  5.360471e+00  6.110499e+01  0.000000e+00
     vertex  5.379641e+00  6.111072e+01  6.000000e+00
   endloop
 endfacet
 facet normal  3.298166e-01 -9.440450e-01  3.127117e-05
   outer loop
     vertex  5.265689e+00  6.107383e+01  6.000000e+00
     vertex  5.245980e+00  6.106675e+01  0.000000e+00
     vertex  5.302963e+00  6.108666e+01  0.000000e+00
   endloop
 endfacet
 facet normal  3.209154e-01 -9.471079e-01 -3.057204e-05
   outer loop
     vertex  5.265689e+00  6.107383e+01  6.000000e+00
     vertex  5.302963e+00  6.108666e+01  0.000000e+00
     vertex  5.322414e+00  6.109305e+01  6.000000e+00
   endloop
 endfacet
 facet normal  3.555914e-01 -9.346415e-01  3.159055e-05
   outer loop
     vertex  5.209509e+00  6.105308e+01  6.000000e+00
     vertex  5.189565e+00  6.104529e+01  0.000000e+00
     vertex  5.245980e+00  6.106675e+01  0.000000e+00
   endloop
 endfacet
 facet normal  3.465780e-01 -9.380212e-01 -3.089973e-05
   outer loop
     vertex  5.209509e+00  6.105308e+01  6.000000e+00
     vertex  5.245980e+00  6.106675e+01  0.000000e+00
     vertex  5.265689e+00  6.107383e+01  6.000000e+00
   endloop
 endfacet
 facet normal  3.810986e-01 -9.245344e-01  3.189332e-05
   outer loop
     vertex  5.153914e+00  6.103080e+01  6.000000e+00
     vertex  5.133759e+00  6.102228e+01  0.000000e+00
     vertex  5.189565e+00  6.104529e+01  0.000000e+00
   endloop
 endfacet
 facet normal  3.719837e-01 -9.282393e-01 -3.121080e-05
   outer loop
     vertex  5.153914e+00  6.103080e+01  6.000000e+00
     vertex  5.189565e+00  6.104529e+01  0.000000e+00
     vertex  5.209509e+00  6.105308e+01  6.000000e+00
   endloop
 endfacet
 facet normal  4.063188e-01 -9.137314e-01  3.217948e-05
   outer loop
     vertex  5.098947e+00  6.100701e+01  6.000000e+00
     vertex  5.078606e+00  6.099776e+01  0.000000e+00
     vertex  5.133759e+00  6.102228e+01  0.000000e+00
   endloop
 endfacet
 facet normal  3.971137e-01 -9.177694e-01 -3.150526e-05
   outer loop
     vertex  5.098947e+00  6.100701e+01  6.000000e+00
     vertex  5.133759e+00  6.102228e+01  0.000000e+00
     vertex  5.153914e+00  6.103080e+01  6.000000e+00
   endloop
 endfacet
 facet normal  4.312333e-01 -9.022405e-01  3.244902e-05
   outer loop
     vertex  5.044647e+00  6.098174e+01  6.000000e+00
     vertex  5.024146e+00  6.097173e+01  0.000000e+00
     vertex  5.078606e+00  6.099776e+01  0.000000e+00
   endloop
 endfacet
 facet normal  4.219494e-01 -9.066194e-01 -3.178312e-05
   outer loop
     vertex  5.044647e+00  6.098174e+01  6.000000e+00
     vertex  5.078606e+00  6.099776e+01  0.000000e+00
     vertex  5.098947e+00  6.100701e+01  6.000000e+00
   endloop
 endfacet
 facet normal  4.558231e-01 -8.900704e-01  3.270196e-05
   outer loop
     vertex  4.991056e+00  6.095500e+01  6.000000e+00
     vertex  4.970421e+00  6.094421e+01  0.000000e+00
     vertex  5.024146e+00  6.097173e+01  0.000000e+00
   endloop
 endfacet
 facet normal  4.464724e-01 -8.947974e-01 -3.204436e-05
   outer loop
     vertex  4.991056e+00  6.095500e+01  6.000000e+00
     vertex  5.024146e+00  6.097173e+01  0.000000e+00
     vertex  5.044647e+00  6.098174e+01  6.000000e+00
   endloop
 endfacet
 facet normal  4.800697e-01 -8.772303e-01  3.293829e-05
   outer loop
     vertex  4.938212e+00  6.092681e+01  6.000000e+00
     vertex  4.917471e+00  6.091524e+01  0.000000e+00
     vertex  4.970421e+00  6.094421e+01  0.000000e+00
   endloop
 endfacet
 facet normal  4.706645e-01 -8.823122e-01 -3.228899e-05
   outer loop
     vertex  4.938212e+00  6.092681e+01  6.000000e+00
     vertex  4.970421e+00  6.094421e+01  0.000000e+00
     vertex  4.991056e+00  6.095500e+01  6.000000e+00
   endloop
 endfacet
 facet normal  5.039550e-01 -8.637299e-01  3.315801e-05
   outer loop
     vertex  4.886155e+00  6.089720e+01  6.000000e+00
     vertex  4.865336e+00  6.088482e+01  0.000000e+00
     vertex  4.917471e+00  6.091524e+01  0.000000e+00
   endloop
 endfacet
 facet normal  4.945078e-01 -8.691732e-01 -3.251702e-05
   outer loop
     vertex  4.886155e+00  6.089720e+01  6.000000e+00
     vertex  4.917471e+00  6.091524e+01  0.000000e+00
     vertex  4.938212e+00  6.092681e+01  6.000000e+00
   endloop
 endfacet
 facet normal  5.274609e-01 -8.495793e-01  3.336112e-05
   outer loop
     vertex  4.834924e+00  6.086617e+01  6.000000e+00
     vertex  4.814055e+00  6.085298e+01  0.000000e+00
     vertex  4.865336e+00  6.088482e+01  0.000000e+00
   endloop
 endfacet
 facet normal  5.179846e-01 -8.553900e-01 -3.272844e-05
   outer loop
     vertex  4.834924e+00  6.086617e+01  6.000000e+00
     vertex  4.865336e+00  6.088482e+01  0.000000e+00
     vertex  4.886155e+00  6.089720e+01  6.000000e+00
   endloop
 endfacet
 facet normal  5.505698e-01 -8.347891e-01  3.354763e-05
   outer loop
     vertex  4.784556e+00  6.083377e+01  6.000000e+00
     vertex  4.763666e+00  6.081975e+01  0.000000e+00
     vertex  4.814055e+00  6.085298e+01  0.000000e+00
   endloop
 endfacet
 facet normal  5.410774e-01 -8.409728e-01 -3.292324e-05
   outer loop
     vertex  4.784556e+00  6.083377e+01  6.000000e+00
     vertex  4.814055e+00  6.085298e+01  0.000000e+00
     vertex  4.834924e+00  6.086617e+01  6.000000e+00
   endloop
 endfacet
 facet normal  5.732642e-01 -8.193706e-01  3.371752e-05
   outer loop
     vertex  4.735089e+00  6.080000e+01  6.000000e+00
     vertex  4.714209e+00  6.078514e+01  0.000000e+00
     vertex  4.763666e+00  6.081975e+01  0.000000e+00
   endloop
 endfacet
 facet normal  5.637693e-01 -8.259323e-01 -3.310144e-05
   outer loop
     vertex  4.735089e+00  6.080000e+01  6.000000e+00
     vertex  4.763666e+00  6.081975e+01  0.000000e+00
     vertex  4.784556e+00  6.083377e+01  6.000000e+00
   endloop
 endfacet
 facet normal  5.955271e-01 -8.033352e-01  2.555256e-05
   outer loop
     vertex  4.687124e+00  6.076532e+01  8.000000e+00
     vertex  4.665719e+00  6.074920e+01  0.000000e+00
     vertex  4.714209e+00  6.078514e+01  0.000000e+00
   endloop
 endfacet
 facet normal  5.859136e-01 -8.103735e-01 -4.397209e-14
   outer loop
     vertex  4.687124e+00  6.076532e+01  8.000000e+00
     vertex  4.735089e+00  6.080000e+01  6.000000e+00
     vertex  4.735089e+00  6.080000e+01  8.000000e+00
   endloop
 endfacet
 facet normal  5.851337e-01 -8.109368e-01 -2.847067e-05
   outer loop
     vertex  4.687124e+00  6.076532e+01  8.000000e+00
     vertex  4.714209e+00  6.078514e+01  0.000000e+00
     vertex  4.735089e+00  6.080000e+01  6.000000e+00
   endloop
 endfacet
 facet normal  6.173417e-01 -7.866951e-01  2.573886e-05
   outer loop
     vertex  4.640110e+00  6.072936e+01  8.000000e+00
     vertex  4.618233e+00  6.071193e+01  0.000000e+00
     vertex  4.665719e+00  6.074920e+01  0.000000e+00
   endloop
 endfacet
 facet normal  6.075017e-01 -7.943184e-01 -2.465992e-05
   outer loop
     vertex  4.640110e+00  6.072936e+01  8.000000e+00
     vertex  4.665719e+00  6.074920e+01  0.000000e+00
     vertex  4.687124e+00  6.076532e+01  8.000000e+00
   endloop
 endfacet
 facet normal  6.386916e-01 -7.694628e-01  2.584705e-05
   outer loop
     vertex  4.594080e+00  6.069216e+01  8.000000e+00
     vertex  4.571788e+00  6.067338e+01  0.000000e+00
     vertex  4.618233e+00  6.071193e+01  0.000000e+00
   endloop
 endfacet
 facet normal  6.286500e-01 -7.776884e-01 -2.480716e-05
   outer loop
     vertex  4.594080e+00  6.069216e+01  8.000000e+00
     vertex  4.618233e+00  6.071193e+01  0.000000e+00
     vertex  4.640110e+00  6.072936e+01  8.000000e+00
   endloop
 endfacet
 facet normal  6.493433e-01 -7.604954e-01 -2.487629e-05
   outer loop
     vertex  4.549068e+00  6.065372e+01  8.000000e+00
     vertex  4.571788e+00  6.067338e+01  0.000000e+00
     vertex  4.594080e+00  6.069216e+01  8.000000e+00
   endloop
 endfacet
 facet normal  6.595607e-01 -7.516513e-01  2.587712e-05
   outer loop
     vertex  4.549068e+00  6.065372e+01  8.000000e+00
     vertex  4.526418e+00  6.063357e+01  0.000000e+00
     vertex  4.571788e+00  6.067338e+01  0.000000e+00
   endloop
 endfacet
 facet normal  6.695666e-01 -7.427520e-01 -2.486731e-05
   outer loop
     vertex  4.505106e+00  6.061409e+01  8.000000e+00
     vertex  4.526418e+00  6.063357e+01  0.000000e+00
     vertex  4.549068e+00  6.065372e+01  8.000000e+00
   endloop
 endfacet
 facet normal  6.799333e-01 -7.332740e-01  2.582908e-05
   outer loop
     vertex  4.505106e+00  6.061409e+01  8.000000e+00
     vertex  4.482157e+00  6.059253e+01  0.000000e+00
     vertex  4.526418e+00  6.063357e+01  0.000000e+00
   endloop
 endfacet
 facet normal  6.893052e-01 -7.244710e-01 -2.478021e-05
   outer loop
     vertex  4.462226e+00  6.057329e+01  8.000000e+00
     vertex  4.482157e+00  6.059253e+01  0.000000e+00
     vertex  4.505106e+00  6.061409e+01  8.000000e+00
   endloop
 endfacet
 facet normal  6.997940e-01 -7.143447e-01  2.570293e-05
   outer loop
     vertex  4.462226e+00  6.057329e+01  8.000000e+00
     vertex  4.439039e+00  6.055029e+01  0.000000e+00
     vertex  4.482157e+00  6.059253e+01  0.000000e+00
   endloop
 endfacet
 facet normal  7.085450e-01 -7.056657e-01 -2.461500e-05
   outer loop
     vertex  4.420459e+00  6.053136e+01  8.000000e+00
     vertex  4.439039e+00  6.055029e+01  0.000000e+00
     vertex  4.462226e+00  6.057329e+01  8.000000e+00
   endloop
 endfacet
 facet normal  7.191280e-01 -6.948776e-01  2.549865e-05
   outer loop
     vertex  4.420459e+00  6.053136e+01  8.000000e+00
     vertex  4.397096e+00  6.050688e+01  0.000000e+00
     vertex  4.439039e+00  6.055029e+01  0.000000e+00
   endloop
 endfacet
 facet normal  7.272718e-01 -6.863495e-01 -2.437167e-05
   outer loop
     vertex  4.379835e+00  6.048831e+01  8.000000e+00
     vertex  4.397096e+00  6.050688e+01  0.000000e+00
     vertex  4.420459e+00  6.053136e+01  8.000000e+00
   endloop
 endfacet
 facet normal  7.379206e-01 -6.748875e-01  2.521627e-05
   outer loop
     vertex  4.379835e+00  6.048831e+01  8.000000e+00
     vertex  4.356359e+00  6.046234e+01  0.000000e+00
     vertex  4.397096e+00  6.050688e+01  0.000000e+00
   endloop
 endfacet
 facet normal  7.561578e-01 -6.543893e-01  2.485576e-05
   outer loop
     vertex  4.340384e+00  6.044419e+01  8.000000e+00
     vertex  4.316860e+00  6.041670e+01  0.000000e+00
     vertex  4.356359e+00  6.046234e+01  0.000000e+00
   endloop
 endfacet
 facet normal  7.454723e-01 -6.665366e-01 -2.405022e-05
   outer loop
     vertex  4.340384e+00  6.044419e+01  8.000000e+00
     vertex  4.356359e+00  6.046234e+01  0.000000e+00
     vertex  4.379835e+00  6.048831e+01  8.000000e+00
   endloop
 endfacet
 facet normal  7.738257e-01 -6.333986e-01  2.441715e-05
   outer loop
     vertex  4.302134e+00  6.039902e+01  8.000000e+00
     vertex  4.278627e+00  6.036999e+01  0.000000e+00
     vertex  4.316860e+00  6.041670e+01  0.000000e+00
   endloop
 endfacet
 facet normal  7.631332e-01 -6.462412e-01 -2.365066e-05
   outer loop
     vertex  4.302134e+00  6.039902e+01  8.000000e+00
     vertex  4.316860e+00  6.041670e+01  0.000000e+00
     vertex  4.340384e+00  6.044419e+01  8.000000e+00
   endloop
 endfacet
 facet normal  7.909112e-01 -6.119310e-01  2.390042e-05
   outer loop
     vertex  4.265113e+00  6.035284e+01  8.000000e+00
     vertex  4.241691e+00  6.032225e+01  0.000000e+00
     vertex  4.278627e+00  6.036999e+01  0.000000e+00
   endloop
 endfacet
 facet normal  7.802417e-01 -6.254781e-01 -2.317299e-05
   outer loop
     vertex  4.265113e+00  6.035284e+01  8.000000e+00
     vertex  4.278627e+00  6.036999e+01  0.000000e+00
     vertex  4.302134e+00  6.039902e+01  8.000000e+00
   endloop
 endfacet
 facet normal  8.074012e-01 -5.900028e-01  2.330557e-05
   outer loop
     vertex  4.229348e+00  6.030568e+01  8.000000e+00
     vertex  4.206078e+00  6.027352e+01  0.000000e+00
     vertex  4.241691e+00  6.032225e+01  0.000000e+00
   endloop
 endfacet
 facet normal  7.967855e-01 -6.042622e-01 -2.261720e-05
   outer loop
     vertex  4.229348e+00  6.030568e+01  8.000000e+00
     vertex  4.241691e+00  6.032225e+01  0.000000e+00
     vertex  4.265113e+00  6.035284e+01  8.000000e+00
   endloop
 endfacet
 facet normal  8.232835e-01 -5.676304e-01  2.263261e-05
   outer loop
     vertex  4.194864e+00  6.025757e+01  8.000000e+00
     vertex  4.171816e+00  6.022382e+01  0.000000e+00
     vertex  4.206078e+00  6.027352e+01  0.000000e+00
   endloop
 endfacet
 facet normal  8.127526e-01 -5.826090e-01 -2.198330e-05
   outer loop
     vertex  4.194864e+00  6.025757e+01  8.000000e+00
     vertex  4.206078e+00  6.027352e+01  0.000000e+00
     vertex  4.229348e+00  6.030568e+01  8.000000e+00
   endloop
 endfacet
 facet normal  8.385460e-01 -5.448308e-01  2.188154e-05
   outer loop
     vertex  4.161687e+00  6.020856e+01  8.000000e+00
     vertex  4.138929e+00  6.017321e+01  0.000000e+00
     vertex  4.171816e+00  6.022382e+01  0.000000e+00
   endloop
 endfacet
 facet normal  8.281314e-01 -5.605340e-01 -2.127128e-05
   outer loop
     vertex  4.161687e+00  6.020856e+01  8.000000e+00
     vertex  4.171816e+00  6.022382e+01  0.000000e+00
     vertex  4.194864e+00  6.025757e+01  8.000000e+00
   endloop
 endfacet
 facet normal  8.531773e-01 -5.216210e-01  2.105235e-05
   outer loop
     vertex  4.129841e+00  6.015867e+01  8.000000e+00
     vertex  4.107444e+00  6.012171e+01  0.000000e+00
     vertex  4.138929e+00  6.017321e+01  0.000000e+00
   endloop
 endfacet
 facet normal  8.429108e-01 -5.380534e-01 -2.048115e-05
   outer loop
     vertex  4.129841e+00  6.015867e+01  8.000000e+00
     vertex  4.138929e+00  6.017321e+01  0.000000e+00
     vertex  4.161687e+00  6.020856e+01  8.000000e+00
   endloop
 endfacet
 facet normal  8.671664e-01 -4.980186e-01  2.014504e-05
   outer loop
     vertex  4.099348e+00  6.010794e+01  8.000000e+00
     vertex  4.077383e+00  6.006937e+01  0.000000e+00
     vertex  4.107444e+00  6.012171e+01  0.000000e+00
   endloop
 endfacet
 facet normal  8.570800e-01 -5.151833e-01 -1.961290e-05
   outer loop
     vertex  4.099348e+00  6.010794e+01  8.000000e+00
     vertex  4.107444e+00  6.012171e+01  0.000000e+00
     vertex  4.129841e+00  6.015867e+01  8.000000e+00
   endloop
 endfacet
 facet normal  8.805026e-01 -4.740412e-01  1.915963e-05
   outer loop
     vertex  4.070231e+00  6.005641e+01  8.000000e+00
     vertex  4.048770e+00  6.001622e+01  0.000000e+00
     vertex  4.077383e+00  6.006937e+01  0.000000e+00
   endloop
 endfacet
 facet normal  8.706289e-01 -4.919403e-01 -1.866654e-05
   outer loop
     vertex  4.070231e+00  6.005641e+01  8.000000e+00
     vertex  4.077383e+00  6.006937e+01  0.000000e+00
     vertex  4.099348e+00  6.010794e+01  8.000000e+00
   endloop
 endfacet
 facet normal  8.931761e-01 -4.497071e-01  1.809610e-05
   outer loop
     vertex  4.042511e+00  6.000411e+01  8.000000e+00
     vertex  4.021625e+00  5.996231e+01  0.000000e+00
     vertex  4.048770e+00  6.001622e+01  0.000000e+00
   endloop
 endfacet
 facet normal  8.835477e-01 -4.683412e-01 -1.764207e-05
   outer loop
     vertex  4.042511e+00  6.000411e+01  8.000000e+00
     vertex  4.048770e+00  6.001622e+01  0.000000e+00
     vertex  4.070231e+00  6.005641e+01  8.000000e+00
   endloop
 endfacet
 facet normal  9.051772e-01 -4.250344e-01  1.695446e-05
   outer loop
     vertex  4.016207e+00  5.995109e+01  8.000000e+00
     vertex  3.995970e+00  5.990767e+01  0.000000e+00
     vertex  4.021625e+00  5.996231e+01  0.000000e+00
   endloop
 endfacet
 facet normal  8.958269e-01 -4.444032e-01 -1.653948e-05
   outer loop
     vertex  4.016207e+00  5.995109e+01  8.000000e+00
     vertex  4.021625e+00  5.996231e+01  0.000000e+00
     vertex  4.042511e+00  6.000411e+01  8.000000e+00
   endloop
 endfacet
 facet normal  9.164969e-01 -4.000417e-01  1.573470e-05
   outer loop
     vertex  3.991340e+00  5.989738e+01  8.000000e+00
     vertex  3.971823e+00  5.985235e+01  0.000000e+00
     vertex  3.995970e+00  5.990767e+01  0.000000e+00
   endloop
 endfacet
 facet normal  9.074577e-01 -4.201435e-01 -1.535879e-05
   outer loop
     vertex  3.991340e+00  5.989738e+01  8.000000e+00
     vertex  3.995970e+00  5.990767e+01  0.000000e+00
     vertex  4.016207e+00  5.995109e+01  8.000000e+00
   endloop
 endfacet
 facet normal  9.271267e-01 -3.747479e-01  1.443684e-05
   outer loop
     vertex  3.967926e+00  5.984302e+01  8.000000e+00
     vertex  3.949203e+00  5.979639e+01  0.000000e+00
     vertex  3.971823e+00  5.985235e+01  0.000000e+00
   endloop
 endfacet
 facet normal  9.184317e-01 -3.955796e-01 -1.409998e-05
   outer loop
     vertex  3.967926e+00  5.984302e+01  8.000000e+00
     vertex  3.971823e+00  5.985235e+01  0.000000e+00
     vertex  3.991340e+00  5.989738e+01  8.000000e+00
   endloop
 endfacet
 facet normal  9.370586e-01 -3.491720e-01  1.306086e-05
   outer loop
     vertex  3.945984e+00  5.978805e+01  8.000000e+00
     vertex  3.928127e+00  5.973983e+01  0.000000e+00
     vertex  3.949203e+00  5.979639e+01  0.000000e+00
   endloop
 endfacet
 facet normal  9.287409e-01 -3.707295e-01 -1.276305e-05
   outer loop
     vertex  3.945984e+00  5.978805e+01  8.000000e+00
     vertex  3.949203e+00  5.979639e+01  0.000000e+00
     vertex  3.967926e+00  5.984302e+01  8.000000e+00
   endloop
 endfacet
 facet normal  9.462851e-01 -3.233333e-01  1.160677e-05
   outer loop
     vertex  3.925527e+00  5.973250e+01  8.000000e+00
     vertex  3.908610e+00  5.968271e+01  0.000000e+00
     vertex  3.928127e+00  5.973983e+01  0.000000e+00
   endloop
 endfacet
 facet normal  9.383779e-01 -3.456110e-01 -1.134802e-05
   outer loop
     vertex  3.925527e+00  5.973250e+01  8.000000e+00
     vertex  3.928127e+00  5.973983e+01  0.000000e+00
     vertex  3.945984e+00  5.978805e+01  8.000000e+00
   endloop
 endfacet
 facet normal  9.547993e-01 -2.972512e-01  1.007456e-05
   outer loop
     vertex  3.906573e+00  5.967643e+01  8.000000e+00
     vertex  3.890668e+00  5.962507e+01  0.000000e+00
     vertex  3.908610e+00  5.968271e+01  0.000000e+00
   endloop
 endfacet
 facet normal  9.473356e-01 -3.202424e-01 -9.854871e-06
   outer loop
     vertex  3.906573e+00  5.967643e+01  8.000000e+00
     vertex  3.908610e+00  5.968271e+01  0.000000e+00
     vertex  3.925527e+00  5.973250e+01  8.000000e+00
   endloop
 endfacet
 facet normal  9.625948e-01 -2.709453e-01  8.464252e-06
   outer loop
     vertex  3.889134e+00  5.961987e+01  8.000000e+00
     vertex  3.874314e+00  5.956697e+01  0.000000e+00
     vertex  3.890668e+00  5.962507e+01  0.000000e+00
   endloop
 endfacet
 facet normal  9.556077e-01 -2.946419e-01 -8.283614e-06
   outer loop
     vertex  3.889134e+00  5.961987e+01  8.000000e+00
     vertex  3.890668e+00  5.962507e+01  0.000000e+00
     vertex  3.906573e+00  5.967643e+01  8.000000e+00
   endloop
 endfacet
 facet normal  9.696656e-01 -2.444354e-01  6.775829e-06
   outer loop
     vertex  3.873222e+00  5.956286e+01  8.000000e+00
     vertex  3.859559e+00  5.950844e+01  0.000000e+00
     vertex  3.874314e+00  5.956697e+01  0.000000e+00
   endloop
 endfacet
 facet normal  9.631881e-01 -2.688282e-01 -6.634247e-06
   outer loop
     vertex  3.873222e+00  5.956286e+01  8.000000e+00
     vertex  3.874314e+00  5.956697e+01  0.000000e+00
     vertex  3.889134e+00  5.961987e+01  8.000000e+00
   endloop
 endfacet
 facet normal  9.760065e-01 -2.177416e-01  5.009297e-06
   outer loop
     vertex  3.858850e+00  5.950545e+01  8.000000e+00
     vertex  3.846416e+00  5.944953e+01  0.000000e+00
     vertex  3.859559e+00  5.950844e+01  0.000000e+00
   endloop
 endfacet
 facet normal  9.700714e-01 -2.428200e-01 -4.906769e-06
   outer loop
     vertex  3.858850e+00  5.950545e+01  8.000000e+00
     vertex  3.859559e+00  5.950844e+01  0.000000e+00
     vertex  3.873222e+00  5.956286e+01  8.000000e+00
   endloop
 endfacet
 facet normal  9.816126e-01 -1.908838e-01  3.164656e-06
   outer loop
     vertex  3.846028e+00  5.944766e+01  8.000000e+00
     vertex  3.834894e+00  5.939028e+01  0.000000e+00
     vertex  3.846416e+00  5.944953e+01  0.000000e+00
   endloop
 endfacet
 facet normal  9.762525e-01 -2.166359e-01 -3.101182e-06
   outer loop
     vertex  3.846028e+00  5.944766e+01  8.000000e+00
     vertex  3.846416e+00  5.944953e+01  0.000000e+00
     vertex  3.858850e+00  5.950545e+01  8.000000e+00
   endloop
 endfacet
 facet normal  9.817269e-01 -1.902951e-01 -1.217487e-06
   outer loop
     vertex  3.834765e+00  5.938956e+01  8.000000e+00
     vertex  3.834894e+00  5.939028e+01  0.000000e+00
     vertex  3.846028e+00  5.944766e+01  8.000000e+00
   endloop
 endfacet
 facet normal  9.864799e-01 -1.638824e-01  1.241906e-06
   outer loop
     vertex  3.834765e+00  5.938956e+01  8.000000e+00
     vertex  3.825002e+00  5.933074e+01  0.000000e+00
     vertex  3.834894e+00  5.939028e+01  0.000000e+00
   endloop
 endfacet
 facet normal  9.864908e-01 -1.638165e-01  7.443176e-07
   outer loop
     vertex  3.825069e+00  5.933117e+01  8.000000e+00
     vertex  3.825002e+00  5.933074e+01  0.000000e+00
     vertex  3.834765e+00  5.938956e+01  8.000000e+00
   endloop
 endfacet
 facet normal  9.905407e-01 -1.372194e-01 -7.333489e-07
   outer loop
     vertex  3.816947e+00  5.927254e+01  8.000000e+00
     vertex  3.825002e+00  5.933074e+01  0.000000e+00
     vertex  3.825069e+00  5.933117e+01  8.000000e+00
   endloop
 endfacet
 facet normal  9.906046e-01 -1.367575e-01  2.690302e-06
   outer loop
     vertex  3.816947e+00  5.927254e+01  8.000000e+00
     vertex  3.816748e+00  5.927094e+01  0.000000e+00
     vertex  3.825002e+00  5.933074e+01  0.000000e+00
   endloop
 endfacet
 facet normal  9.938736e-01 -1.105229e-01 -2.636612e-06
   outer loop
     vertex  3.810405e+00  5.921372e+01  8.000000e+00
     vertex  3.816748e+00  5.927094e+01  0.000000e+00
     vertex  3.816947e+00  5.927254e+01  8.000000e+00
   endloop
 endfacet
 facet normal  9.939835e-01 -1.095298e-01  4.554511e-06
   outer loop
     vertex  3.810405e+00  5.921372e+01  8.000000e+00
     vertex  3.810136e+00  5.921094e+01  0.000000e+00
     vertex  3.816748e+00  5.927094e+01  0.000000e+00
   endloop
 endfacet
 facet normal  9.964871e-01 -8.374641e-02 -4.461767e-06
   outer loop
     vertex  3.805448e+00  5.915474e+01  8.000000e+00
     vertex  3.810136e+00  5.921094e+01  0.000000e+00
     vertex  3.810405e+00  5.921372e+01  8.000000e+00
   endloop
 endfacet
 facet normal  9.966142e-01 -8.221955e-02  6.340611e-06
   outer loop
     vertex  3.805448e+00  5.915474e+01  8.000000e+00
     vertex  3.805174e+00  5.915079e+01  0.000000e+00
     vertex  3.810136e+00  5.921094e+01  0.000000e+00
   endloop
 endfacet
 facet normal  9.983794e-01 -5.690933e-02 -6.208813e-06
   outer loop
     vertex  3.802080e+00  5.909564e+01  8.000000e+00
     vertex  3.805174e+00  5.915079e+01  0.000000e+00
     vertex  3.805448e+00  5.915474e+01  8.000000e+00
   endloop
 endfacet
 facet normal  9.984947e-01 -5.484744e-02  8.048602e-06
   outer loop
     vertex  3.802080e+00  5.909564e+01  8.000000e+00
     vertex  3.801863e+00  5.909052e+01  0.000000e+00
     vertex  3.805174e+00  5.915079e+01  0.000000e+00
   endloop
 endfacet
 facet normal  9.995490e-01 -3.003106e-02 -7.877748e-06
   outer loop
     vertex  3.800302e+00  5.903648e+01  8.000000e+00
     vertex  3.801863e+00  5.909052e+01  0.000000e+00
     vertex  3.802080e+00  5.909564e+01  8.000000e+00
   endloop
 endfacet
 facet normal  9.996236e-01 -2.743405e-02  9.678482e-06
   outer loop
     vertex  3.800302e+00  5.903648e+01  8.000000e+00
     vertex  3.800207e+00  5.903018e+01  0.000000e+00
     vertex  3.801863e+00  5.909052e+01  0.000000e+00
   endloop
 endfacet
 facet normal  9.999951e-01 -3.131045e-03 -9.468573e-06
   outer loop
     vertex  3.800117e+00  5.897729e+01  8.000000e+00
     vertex  3.800207e+00  5.903018e+01  0.000000e+00
     vertex  3.800302e+00  5.903648e+01  8.000000e+00
   endloop
 endfacet
 facet normal  1.000000e+00  0.000000e+00  1.123025e-05
   outer loop
     vertex  3.800117e+00  5.897729e+01  8.000000e+00
     vertex  3.800207e+00  5.896982e+01  0.000000e+00
     vertex  3.800207e+00  5.903018e+01  0.000000e+00
   endloop
 endfacet
 facet normal  9.997174e-01  2.377123e-02 -1.098129e-05
   outer loop
     vertex  3.801524e+00  5.891812e+01  8.000000e+00
     vertex  3.800207e+00  5.896982e+01  0.000000e+00
     vertex  3.800117e+00  5.897729e+01  8.000000e+00
   endloop
 endfacet
 facet normal  9.996236e-01  2.743405e-02  1.270391e-05
   outer loop
     vertex  3.801524e+00  5.891812e+01  8.000000e+00
     vertex  3.801863e+00  5.890948e+01  0.000000e+00
     vertex  3.800207e+00  5.896982e+01  0.000000e+00
   endloop
 endfacet
 facet normal  9.987161e-01  5.065631e-02 -1.241589e-05
   outer loop
     vertex  3.804522e+00  5.885901e+01  8.000000e+00
     vertex  3.801863e+00  5.890948e+01  0.000000e+00
     vertex  3.801524e+00  5.891812e+01  8.000000e+00
   endloop
 endfacet
 facet normal  9.984947e-01  5.484744e-02  1.409946e-05
   outer loop
     vertex  3.804522e+00  5.885901e+01  8.000000e+00
     vertex  3.805174e+00  5.884921e+01  0.000000e+00
     vertex  3.801863e+00  5.890948e+01  0.000000e+00
   endloop
 endfacet
 facet normal  9.969542e-01  7.798875e-02 -1.436829e-05
   outer loop
     vertex  3.809110e+00  5.880000e+01  6.000000e+00
     vertex  3.805174e+00  5.884921e+01  0.000000e+00
     vertex  3.804522e+00  5.885901e+01  8.000000e+00
   endloop
 endfacet
 facet normal  9.966142e-01  8.221955e-02  2.055586e-05
   outer loop
     vertex  3.809110e+00  5.880000e+01  6.000000e+00
     vertex  3.810136e+00  5.878906e+01  0.000000e+00
     vertex  3.805174e+00  5.884921e+01  0.000000e+00
   endloop
 endfacet
 facet normal  9.969920e-01  7.750471e-02 -2.058803e-14
   outer loop
     vertex  3.809110e+00  5.880000e+01  8.000000e+00
     vertex  3.809110e+00  5.880000e+01  6.000000e+00
     vertex  3.804522e+00  5.885901e+01  8.000000e+00
   endloop
 endfacet
 facet normal  9.945202e-01  1.045449e-01 -2.052426e-05
   outer loop
     vertex  3.815412e+00  5.874005e+01  6.000000e+00
     vertex  3.810136e+00  5.878906e+01  0.000000e+00
     vertex  3.809110e+00  5.880000e+01  6.000000e+00
   endloop
 endfacet
 facet normal  9.939835e-01  1.095298e-01  2.066597e-05
   outer loop
     vertex  3.815412e+00  5.874005e+01  6.000000e+00
     vertex  3.816748e+00  5.872906e+01  0.000000e+00
     vertex  3.810136e+00  5.878906e+01  0.000000e+00
   endloop
 endfacet
 facet normal  9.912823e-01  1.317551e-01 -2.063415e-05
   outer loop
     vertex  3.823355e+00  5.868029e+01  6.000000e+00
     vertex  3.816748e+00  5.872906e+01  0.000000e+00
     vertex  3.815412e+00  5.874005e+01  6.000000e+00
   endloop
 endfacet
 facet normal  9.906046e-01  1.367575e-01  2.077565e-05
   outer loop
     vertex  3.823355e+00  5.868029e+01  6.000000e+00
     vertex  3.825002e+00  5.866926e+01  0.000000e+00
     vertex  3.816748e+00  5.872906e+01  0.000000e+00
   endloop
 endfacet
 facet normal  9.864799e-01  1.638824e-01  2.088489e-05
   outer loop
     vertex  3.832932e+00  5.862077e+01  6.000000e+00
     vertex  3.834894e+00  5.860972e+01  0.000000e+00
     vertex  3.825002e+00  5.866926e+01  0.000000e+00
   endloop
 endfacet
 facet normal  9.873001e-01  1.588663e-01 -2.074361e-05
   outer loop
     vertex  3.832932e+00  5.862077e+01  6.000000e+00
     vertex  3.825002e+00  5.866926e+01  0.000000e+00
     vertex  3.823355e+00  5.868029e+01  6.000000e+00
   endloop
 endfacet
 facet normal  9.816126e-01  1.908838e-01  2.099370e-05
   outer loop
     vertex  3.844137e+00  5.856153e+01  6.000000e+00
     vertex  3.846416e+00  5.855047e+01  0.000000e+00
     vertex  3.834894e+00  5.860972e+01  0.000000e+00
   endloop
 endfacet
 facet normal  9.825766e-01  1.858582e-01 -2.085264e-05
   outer loop
     vertex  3.844137e+00  5.856153e+01  6.000000e+00
     vertex  3.834894e+00  5.860972e+01  0.000000e+00
     vertex  3.832932e+00  5.862077e+01  6.000000e+00
   endloop
 endfacet
 facet normal  9.760065e-01  2.177416e-01  2.110206e-05
   outer loop
     vertex  3.856960e+00  5.850263e+01  6.000000e+00
     vertex  3.859559e+00  5.849156e+01  0.000000e+00
     vertex  3.846416e+00  5.855047e+01  0.000000e+00
   endloop
 endfacet
 facet normal  9.771152e-01  2.127106e-01 -2.096122e-05
   outer loop
     vertex  3.856960e+00  5.850263e+01  6.000000e+00
     vertex  3.846416e+00  5.855047e+01  0.000000e+00
     vertex  3.844137e+00  5.856153e+01  6.000000e+00
   endloop
 endfacet
 facet normal  9.696656e-01  2.444354e-01  2.121000e-05
   outer loop
     vertex  3.871392e+00  5.844410e+01  6.000000e+00
     vertex  3.874314e+00  5.843303e+01  0.000000e+00
     vertex  3.859559e+00  5.849156e+01  0.000000e+00
   endloop
 endfacet
 facet normal  9.709202e-01  2.394033e-01 -2.106937e-05
   outer loop
     vertex  3.871392e+00  5.844410e+01  6.000000e+00
     vertex  3.859559e+00  5.849156e+01  0.000000e+00
     vertex  3.856960e+00  5.850263e+01  6.000000e+00
   endloop
 endfacet
 facet normal  9.625948e-01  2.709453e-01  2.131749e-05
   outer loop
     vertex  3.887423e+00  5.838598e+01  6.000000e+00
     vertex  3.890668e+00  5.837493e+01  0.000000e+00
     vertex  3.874314e+00  5.843303e+01  0.000000e+00
   endloop
 endfacet
 facet normal  9.639961e-01  2.659162e-01 -2.117709e-05
   outer loop
     vertex  3.887423e+00  5.838598e+01  6.000000e+00
     vertex  3.874314e+00  5.843303e+01  0.000000e+00
     vertex  3.871392e+00  5.844410e+01  6.000000e+00
   endloop
 endfacet
 facet normal  9.547993e-01  2.972512e-01  2.142455e-05
   outer loop
     vertex  3.905040e+00  5.832833e+01  6.000000e+00
     vertex  3.908610e+00  5.831729e+01  0.000000e+00
     vertex  3.890668e+00  5.837493e+01  0.000000e+00
   endloop
 endfacet
 facet normal  9.563482e-01  2.922294e-01 -2.128436e-05
   outer loop
     vertex  3.905040e+00  5.832833e+01  6.000000e+00
     vertex  3.890668e+00  5.837493e+01  0.000000e+00
     vertex  3.887423e+00  5.838598e+01  6.000000e+00
   endloop
 endfacet
 facet normal  9.462851e-01  3.233333e-01  2.153117e-05
   outer loop
     vertex  3.924230e+00  5.827118e+01  6.000000e+00
     vertex  3.928127e+00  5.826017e+01  0.000000e+00
     vertex  3.908610e+00  5.831729e+01  0.000000e+00
   endloop
 endfacet
 facet normal  9.479822e-01  3.183233e-01 -2.139120e-05
   outer loop
     vertex  3.924230e+00  5.827118e+01  6.000000e+00
     vertex  3.908610e+00  5.831729e+01  0.000000e+00
     vertex  3.905040e+00  5.832833e+01  6.000000e+00
   endloop
 endfacet
 facet normal  9.370586e-01  3.491720e-01  2.163736e-05
   outer loop
     vertex  3.944979e+00  5.821458e+01  6.000000e+00
     vertex  3.949203e+00  5.820361e+01  0.000000e+00
     vertex  3.928127e+00  5.826017e+01  0.000000e+00
   endloop
 endfacet
 facet normal  9.389044e-01  3.441780e-01 -2.149761e-05
   outer loop
     vertex  3.944979e+00  5.821458e+01  6.000000e+00
     vertex  3.928127e+00  5.826017e+01  0.000000e+00
     vertex  3.924230e+00  5.827118e+01  6.000000e+00
   endloop
 endfacet
 facet normal  9.271267e-01  3.747479e-01  2.174311e-05
   outer loop
     vertex  3.967270e+00  5.815857e+01  6.000000e+00
     vertex  3.971823e+00  5.814765e+01  0.000000e+00
     vertex  3.949203e+00  5.820361e+01  0.000000e+00
   endloop
 endfacet
 facet normal  9.291216e-01  3.697744e-01 -2.160358e-05
   outer loop
     vertex  3.967270e+00  5.815857e+01  6.000000e+00
     vertex  3.949203e+00  5.820361e+01  0.000000e+00
     vertex  3.944979e+00  5.821458e+01  6.000000e+00
   endloop
 endfacet
 facet normal  9.164969e-01  4.000417e-01  2.184842e-05
   outer loop
     vertex  3.991088e+00  5.810319e+01  6.000000e+00
     vertex  3.995970e+00  5.809233e+01  0.000000e+00
     vertex  3.971823e+00  5.814765e+01  0.000000e+00
   endloop
 endfacet
 facet normal  9.186411e-01  3.950931e-01 -2.170911e-05
   outer loop
     vertex  3.991088e+00  5.810319e+01  6.000000e+00
     vertex  3.971823e+00  5.814765e+01  0.000000e+00
     vertex  3.967270e+00  5.815857e+01  6.000000e+00
   endloop
 endfacet
 facet normal  9.051772e-01  4.250344e-01  2.195330e-05
   outer loop
     vertex  4.016415e+00  5.804848e+01  6.000000e+00
     vertex  4.021625e+00  5.803769e+01  0.000000e+00
     vertex  3.995970e+00  5.809233e+01  0.000000e+00
   endloop
 endfacet
 facet normal  9.074708e-01  4.201151e-01 -2.181420e-05
   outer loop
     vertex  4.016415e+00  5.804848e+01  6.000000e+00
     vertex  3.995970e+00  5.809233e+01  0.000000e+00
     vertex  3.991088e+00  5.810319e+01  6.000000e+00
   endloop
 endfacet
 facet normal  8.931761e-01  4.497071e-01  2.205774e-05
   outer loop
     vertex  4.043231e+00  5.799449e+01  6.000000e+00
     vertex  4.048770e+00  5.798378e+01  0.000000e+00
     vertex  4.021625e+00  5.803769e+01  0.000000e+00
   endloop
 endfacet
 facet normal  8.956191e-01  4.448217e-01 -2.191886e-05
   outer loop
     vertex  4.043231e+00  5.799449e+01  6.000000e+00
     vertex  4.021625e+00  5.803769e+01  0.000000e+00
     vertex  4.016415e+00  5.804848e+01  6.000000e+00
   endloop
 endfacet
 facet normal  8.805026e-01  4.740412e-01  2.216174e-05
   outer loop
     vertex  4.071516e+00  5.794125e+01  6.000000e+00
     vertex  4.077383e+00  5.793063e+01  0.000000e+00
     vertex  4.048770e+00  5.798378e+01  0.000000e+00
   endloop
 endfacet
 facet normal  8.830950e-01  4.691943e-01 -2.202309e-05
   outer loop
     vertex  4.071516e+00  5.794125e+01  6.000000e+00
     vertex  4.048770e+00  5.798378e+01  0.000000e+00
     vertex  4.043231e+00  5.799449e+01  6.000000e+00
   endloop
 endfacet
 facet normal  8.699077e-01  4.932145e-01 -2.212687e-05
   outer loop
     vertex  4.101249e+00  5.788881e+01  6.000000e+00
     vertex  4.077383e+00  5.793063e+01  0.000000e+00
     vertex  4.071516e+00  5.794125e+01  6.000000e+00
   endloop
 endfacet
 facet normal  8.671664e-01  4.980186e-01  2.226531e-05
   outer loop
     vertex  4.101249e+00  5.788881e+01  6.000000e+00
     vertex  4.107444e+00  5.787829e+01  0.000000e+00
     vertex  4.077383e+00  5.793063e+01  0.000000e+00
   endloop
 endfacet
 facet normal  8.560673e-01  5.168644e-01 -2.223022e-05
   outer loop
     vertex  4.132408e+00  5.783720e+01  6.000000e+00
     vertex  4.107444e+00  5.787829e+01  0.000000e+00
     vertex  4.101249e+00  5.788881e+01  6.000000e+00
   endloop
 endfacet
 facet normal  8.531773e-01  5.216210e-01  2.236844e-05
   outer loop
     vertex  4.132408e+00  5.783720e+01  6.000000e+00
     vertex  4.138929e+00  5.782679e+01  0.000000e+00
     vertex  4.107444e+00  5.787829e+01  0.000000e+00
   endloop
 endfacet
 facet normal  8.415840e-01  5.401263e-01 -2.233314e-05
   outer loop
     vertex  4.164970e+00  5.778647e+01  6.000000e+00
     vertex  4.138929e+00  5.782679e+01  0.000000e+00
     vertex  4.132408e+00  5.783720e+01  6.000000e+00
   endloop
 endfacet
 facet normal  8.385460e-01  5.448308e-01  2.247114e-05
   outer loop
     vertex  4.164970e+00  5.778647e+01  6.000000e+00
     vertex  4.171816e+00  5.777618e+01  0.000000e+00
     vertex  4.138929e+00  5.782679e+01  0.000000e+00
   endloop
 endfacet
 facet normal  8.264688e-01  5.629825e-01 -2.243561e-05
   outer loop
     vertex  4.198909e+00  5.773664e+01  6.000000e+00
     vertex  4.171816e+00  5.777618e+01  0.000000e+00
     vertex  4.164970e+00  5.778647e+01  6.000000e+00
   endloop
 endfacet
 facet normal  8.232835e-01  5.676304e-01  2.257340e-05
   outer loop
     vertex  4.198909e+00  5.773664e+01  6.000000e+00
     vertex  4.206078e+00  5.772648e+01  0.000000e+00
     vertex  4.171816e+00  5.777618e+01  0.000000e+00
   endloop
 endfacet
 facet normal  8.107330e-01  5.854160e-01 -2.253765e-05
   outer loop
     vertex  4.234201e+00  5.768777e+01  6.000000e+00
     vertex  4.206078e+00  5.772648e+01  0.000000e+00
     vertex  4.198909e+00  5.773664e+01  6.000000e+00
   endloop
 endfacet
 facet normal  8.074012e-01  5.900028e-01  2.267522e-05
   outer loop
     vertex  4.234201e+00  5.768777e+01  6.000000e+00
     vertex  4.241691e+00  5.767775e+01  0.000000e+00
     vertex  4.206078e+00  5.772648e+01  0.000000e+00
   endloop
 endfacet
 facet normal  7.943885e-01  6.074100e-01 -2.263926e-05
   outer loop
     vertex  4.270818e+00  5.763988e+01  6.000000e+00
     vertex  4.241691e+00  5.767775e+01  0.000000e+00
     vertex  4.234201e+00  5.768777e+01  6.000000e+00
   endloop
 endfacet
 facet normal  7.909112e-01  6.119310e-01  2.277661e-05
   outer loop
     vertex  4.270818e+00  5.763988e+01  6.000000e+00
     vertex  4.278627e+00  5.763001e+01  0.000000e+00
     vertex  4.241691e+00  5.767775e+01  0.000000e+00
   endloop
 endfacet
 facet normal  7.774475e-01  6.289478e-01 -2.274043e-05
   outer loop
     vertex  4.308734e+00  5.759301e+01  6.000000e+00
     vertex  4.278627e+00  5.763001e+01  0.000000e+00
     vertex  4.270818e+00  5.763988e+01  6.000000e+00
   endloop
 endfacet
 facet normal  7.738257e-01  6.333986e-01  2.287756e-05
   outer loop
     vertex  4.308734e+00  5.759301e+01  6.000000e+00
     vertex  4.316860e+00  5.758330e+01  0.000000e+00
     vertex  4.278627e+00  5.763001e+01  0.000000e+00
   endloop
 endfacet
 facet normal  7.599227e-01  6.500134e-01 -2.284116e-05
   outer loop
     vertex  4.347920e+00  5.754720e+01  6.000000e+00
     vertex  4.316860e+00  5.758330e+01  0.000000e+00
     vertex  4.308734e+00  5.759301e+01  6.000000e+00
   endloop
 endfacet
 facet normal  7.561578e-01  6.543893e-01  2.297807e-05
   outer loop
     vertex  4.347920e+00  5.754720e+01  6.000000e+00
     vertex  4.356359e+00  5.753766e+01  0.000000e+00
     vertex  4.316860e+00  5.758330e+01  0.000000e+00
   endloop
 endfacet
 facet normal  7.418273e-01  6.705909e-01 -2.294145e-05
   outer loop
     vertex  4.388346e+00  5.750248e+01  6.000000e+00
     vertex  4.356359e+00  5.753766e+01  0.000000e+00
     vertex  4.347920e+00  5.754720e+01  6.000000e+00
   endloop
 endfacet
 facet normal  7.379206e-01  6.748875e-01  2.307815e-05
   outer loop
     vertex  4.388346e+00  5.750248e+01  6.000000e+00
     vertex  4.397096e+00  5.749312e+01  0.000000e+00
     vertex  4.356359e+00  5.753766e+01  0.000000e+00
   endloop
 endfacet
 facet normal  7.231749e-01  6.906649e-01 -2.304131e-05
   outer loop
     vertex  4.429983e+00  5.745888e+01  6.000000e+00
     vertex  4.397096e+00  5.749312e+01  0.000000e+00
     vertex  4.388346e+00  5.750248e+01  6.000000e+00
   endloop
 endfacet
 facet normal  7.191280e-01  6.948776e-01  2.317779e-05
   outer loop
     vertex  4.429983e+00  5.745888e+01  6.000000e+00
     vertex  4.439039e+00  5.744971e+01  0.000000e+00
     vertex  4.397096e+00  5.749312e+01  0.000000e+00
   endloop
 endfacet
 facet normal  7.039795e-01  7.102203e-01 -2.314073e-05
   outer loop
     vertex  4.472798e+00  5.741644e+01  6.000000e+00
     vertex  4.439039e+00  5.744971e+01  0.000000e+00
     vertex  4.429983e+00  5.745888e+01  6.000000e+00
   endloop
 endfacet
 facet normal  6.997940e-01  7.143447e-01  2.327699e-05
   outer loop
     vertex  4.472798e+00  5.741644e+01  6.000000e+00
     vertex  4.482157e+00  5.740747e+01  0.000000e+00
     vertex  4.439039e+00  5.744971e+01  0.000000e+00
   endloop
 endfacet
 facet normal  6.842555e-01  7.292424e-01 -2.323972e-05
   outer loop
     vertex  4.516760e+00  5.737519e+01  6.000000e+00
     vertex  4.482157e+00  5.740747e+01  0.000000e+00
     vertex  4.472798e+00  5.741644e+01  6.000000e+00
   endloop
 endfacet
 facet normal  6.799333e-01  7.332740e-01  2.337576e-05
   outer loop
     vertex  4.516760e+00  5.737519e+01  6.000000e+00
     vertex  4.526418e+00  5.736643e+01  0.000000e+00
     vertex  4.482157e+00  5.740747e+01  0.000000e+00
   endloop
 endfacet
 facet normal  6.640177e-01  7.477169e-01 -2.333827e-05
   outer loop
     vertex  4.561836e+00  5.733516e+01  6.000000e+00
     vertex  4.526418e+00  5.736643e+01  0.000000e+00
     vertex  4.516760e+00  5.737519e+01  6.000000e+00
   endloop
 endfacet
 facet normal  6.595607e-01  7.516513e-01  2.347409e-05
   outer loop
     vertex  4.561836e+00  5.733516e+01  6.000000e+00
     vertex  4.571788e+00  5.732662e+01  0.000000e+00
     vertex  4.526418e+00  5.736643e+01  0.000000e+00
   endloop
 endfacet
 facet normal  6.432813e-01  7.656300e-01 -2.343638e-05
   outer loop
     vertex  4.607992e+00  5.729638e+01  6.000000e+00
     vertex  4.571788e+00  5.732662e+01  0.000000e+00
     vertex  4.561836e+00  5.733516e+01  6.000000e+00
   endloop
 endfacet
 facet normal  6.386916e-01  7.694628e-01  2.357199e-05
   outer loop
     vertex  4.607992e+00  5.729638e+01  6.000000e+00
     vertex  4.618233e+00  5.728807e+01  0.000000e+00
     vertex  4.571788e+00  5.732662e+01  0.000000e+00
   endloop
 endfacet
 facet normal  6.220618e-01  7.829681e-01 -2.353406e-05
   outer loop
     vertex  4.655193e+00  5.725888e+01  6.000000e+00
     vertex  4.618233e+00  5.728807e+01  0.000000e+00
     vertex  4.607992e+00  5.729638e+01  6.000000e+00
   endloop
 endfacet
 facet normal  6.173417e-01  7.866951e-01  2.366944e-05
   outer loop
     vertex  4.655193e+00  5.725888e+01  6.000000e+00
     vertex  4.665719e+00  5.725080e+01  0.000000e+00
     vertex  4.618233e+00  5.728807e+01  0.000000e+00
   endloop
 endfacet
 facet normal  6.003753e-01  7.997184e-01 -2.363130e-05
   outer loop
     vertex  4.703404e+00  5.722269e+01  6.000000e+00
     vertex  4.665719e+00  5.725080e+01  0.000000e+00
     vertex  4.655193e+00  5.725888e+01  6.000000e+00
   endloop
 endfacet
 facet normal  5.955271e-01  8.033352e-01  2.376647e-05
   outer loop
     vertex  4.703404e+00  5.722269e+01  6.000000e+00
     vertex  4.714209e+00  5.721486e+01  0.000000e+00
     vertex  4.665719e+00  5.725080e+01  0.000000e+00
   endloop
 endfacet
 facet normal  5.782380e-01  8.158682e-01 -2.372810e-05
   outer loop
     vertex  4.752588e+00  5.718783e+01  6.000000e+00
     vertex  4.714209e+00  5.721486e+01  0.000000e+00
     vertex  4.703404e+00  5.722269e+01  6.000000e+00
   endloop
 endfacet
 facet normal  5.732642e-01  8.193706e-01  2.386305e-05
   outer loop
     vertex  4.752588e+00  5.718783e+01  6.000000e+00
     vertex  4.763666e+00  5.718025e+01  0.000000e+00
     vertex  4.714209e+00  5.721486e+01  0.000000e+00
   endloop
 endfacet
 facet normal  5.556664e-01  8.314053e-01 -2.382447e-05
   outer loop
     vertex  4.802709e+00  5.715433e+01  6.000000e+00
     vertex  4.763666e+00  5.718025e+01  0.000000e+00
     vertex  4.752588e+00  5.718783e+01  6.000000e+00
   endloop
 endfacet
 facet normal  5.505698e-01  8.347891e-01  2.395920e-05
   outer loop
     vertex  4.802709e+00  5.715433e+01  6.000000e+00
     vertex  4.814055e+00  5.714702e+01  0.000000e+00
     vertex  4.763666e+00  5.718025e+01  0.000000e+00
   endloop
 endfacet
 facet normal  5.326777e-01  8.463182e-01 -2.392040e-05
   outer loop
     vertex  4.853729e+00  5.712222e+01  6.000000e+00
     vertex  4.814055e+00  5.714702e+01  0.000000e+00
     vertex  4.802709e+00  5.715433e+01  6.000000e+00
   endloop
 endfacet
 facet normal  5.274609e-01  8.495793e-01  2.405492e-05
   outer loop
     vertex  4.853729e+00  5.712222e+01  6.000000e+00
     vertex  4.865336e+00  5.711518e+01  0.000000e+00
     vertex  4.814055e+00  5.714702e+01  0.000000e+00
   endloop
 endfacet
 facet normal  5.092889e-01  8.605956e-01 -2.401590e-05
   outer loop
     vertex  4.905610e+00  5.709152e+01  6.000000e+00
     vertex  4.865336e+00  5.711518e+01  0.000000e+00
     vertex  4.853729e+00  5.712222e+01  6.000000e+00
   endloop
 endfacet
 facet normal  5.039550e-01  8.637299e-01  2.415019e-05
   outer loop
     vertex  4.905610e+00  5.709152e+01  6.000000e+00
     vertex  4.917471e+00  5.708476e+01  0.000000e+00
     vertex  4.865336e+00  5.711518e+01  0.000000e+00
   endloop
 endfacet
 facet normal  4.855178e-01  8.742268e-01 -2.411096e-05
   outer loop
     vertex  4.958312e+00  5.706225e+01  6.000000e+00
     vertex  4.917471e+00  5.708476e+01  0.000000e+00
     vertex  4.905610e+00  5.709152e+01  6.000000e+00
   endloop
 endfacet
 facet normal  4.800697e-01  8.772303e-01  2.424503e-05
   outer loop
     vertex  4.958312e+00  5.706225e+01  6.000000e+00
     vertex  4.970421e+00  5.705579e+01  0.000000e+00
     vertex  4.917471e+00  5.708476e+01  0.000000e+00
   endloop
 endfacet
 facet normal  4.558231e-01  8.900704e-01  2.433944e-05
   outer loop
     vertex  5.011797e+00  5.703443e+01  6.000000e+00
     vertex  5.024146e+00  5.702827e+01  0.000000e+00
     vertex  4.970421e+00  5.705579e+01  0.000000e+00
   endloop
 endfacet
 facet normal  4.613821e-01  8.872015e-01 -2.420558e-05
   outer loop
     vertex  5.011797e+00  5.703443e+01  6.000000e+00
     vertex  4.970421e+00  5.705579e+01  0.000000e+00
     vertex  4.958312e+00  5.706225e+01  6.000000e+00
   endloop
 endfacet
 facet normal  4.312333e-01  9.022405e-01  2.443340e-05
   outer loop
     vertex  5.066024e+00  5.700809e+01  6.000000e+00
     vertex  5.078606e+00  5.700224e+01  0.000000e+00
     vertex  5.024146e+00  5.702827e+01  0.000000e+00
   endloop
 endfacet
 facet normal  4.368999e-01  8.995101e-01 -2.429976e-05
   outer loop
     vertex  5.066024e+00  5.700809e+01  6.000000e+00
     vertex  5.024146e+00  5.702827e+01  0.000000e+00
     vertex  5.011797e+00  5.703443e+01  6.000000e+00
   endloop
 endfacet
 facet normal  4.063188e-01  9.137314e-01  2.452694e-05
   outer loop
     vertex  5.120952e+00  5.698325e+01  6.000000e+00
     vertex  5.133759e+00  5.697772e+01  0.000000e+00
     vertex  5.078606e+00  5.700224e+01  0.000000e+00
   endloop
 endfacet
 facet normal  4.120897e-01  9.111433e-01 -2.439351e-05
   outer loop
     vertex  5.120952e+00  5.698325e+01  6.000000e+00
     vertex  5.078606e+00  5.700224e+01  0.000000e+00
     vertex  5.066024e+00  5.700809e+01  6.000000e+00
   endloop
 endfacet
 facet normal  3.869701e-01  9.220923e-01 -2.448683e-05
   outer loop
     vertex  5.176540e+00  5.695992e+01  6.000000e+00
     vertex  5.133759e+00  5.697772e+01  0.000000e+00
     vertex  5.120952e+00  5.698325e+01  6.000000e+00
   endloop
 endfacet
 facet normal  3.810986e-01  9.245344e-01  2.462003e-05
   outer loop
     vertex  5.176540e+00  5.695992e+01  6.000000e+00
     vertex  5.189565e+00  5.695471e+01  0.000000e+00
     vertex  5.133759e+00  5.697772e+01  0.000000e+00
   endloop
 endfacet
 facet normal  3.615599e-01  9.323489e-01 -2.457970e-05
   outer loop
     vertex  5.232746e+00  5.693813e+01  6.000000e+00
     vertex  5.189565e+00  5.695471e+01  0.000000e+00
     vertex  5.176540e+00  5.695992e+01  6.000000e+00
   endloop
 endfacet
 facet normal  3.555914e-01  9.346415e-01  2.471269e-05
   outer loop
     vertex  5.232746e+00  5.693813e+01  6.000000e+00
     vertex  5.245980e+00  5.693325e+01  0.000000e+00
     vertex  5.189565e+00  5.695471e+01  0.000000e+00
   endloop
 endfacet
 facet normal  3.358782e-01  9.419054e-01 -2.467214e-05
   outer loop
     vertex  5.289529e+00  5.691788e+01  6.000000e+00
     vertex  5.245980e+00  5.693325e+01  0.000000e+00
     vertex  5.232746e+00  5.693813e+01  6.000000e+00
   endloop
 endfacet
 facet normal  3.298166e-01  9.440450e-01  2.480491e-05
   outer loop
     vertex  5.289529e+00  5.691788e+01  6.000000e+00
     vertex  5.302963e+00  5.691334e+01  0.000000e+00
     vertex  5.245980e+00  5.693325e+01  0.000000e+00
   endloop
 endfacet
 facet normal  3.099443e-01  9.507547e-01 -2.476415e-05
   outer loop
     vertex  5.346845e+00  5.689919e+01  6.000000e+00
     vertex  5.302963e+00  5.691334e+01  0.000000e+00
     vertex  5.289529e+00  5.691788e+01  6.000000e+00
   endloop
 endfacet
 facet normal  3.037934e-01  9.527379e-01  2.489670e-05
   outer loop
     vertex  5.346845e+00  5.689919e+01  6.000000e+00
     vertex  5.360471e+00  5.689501e+01  0.000000e+00
     vertex  5.302963e+00  5.691334e+01  0.000000e+00
   endloop
 endfacet
 facet normal  2.837776e-01  9.588901e-01 -2.485572e-05
   outer loop
     vertex  5.404651e+00  5.688209e+01  6.000000e+00
     vertex  5.360471e+00  5.689501e+01  0.000000e+00
     vertex  5.346845e+00  5.689919e+01  6.000000e+00
   endloop
 endfacet
 facet normal  2.775416e-01  9.607136e-01  2.498805e-05
   outer loop
     vertex  5.404651e+00  5.688209e+01  6.000000e+00
     vertex  5.418460e+00  5.687825e+01  0.000000e+00
     vertex  5.360471e+00  5.689501e+01  0.000000e+00
   endloop
 endfacet
 facet normal  2.573979e-01  9.663055e-01 -2.494685e-05
   outer loop
     vertex  5.462904e+00  5.686657e+01  6.000000e+00
     vertex  5.418460e+00  5.687825e+01  0.000000e+00
     vertex  5.404651e+00  5.688209e+01  6.000000e+00
   endloop
 endfacet
 facet normal  2.510809e-01  9.679661e-01  2.507896e-05
   outer loop
     vertex  5.462904e+00  5.686657e+01  6.000000e+00
     vertex  5.476887e+00  5.686310e+01  0.000000e+00
     vertex  5.418460e+00  5.687825e+01  0.000000e+00
   endloop
 endfacet
 facet normal  2.308249e-01  9.729953e-01 -2.503754e-05
   outer loop
     vertex  5.521561e+00  5.685265e+01  6.000000e+00
     vertex  5.476887e+00  5.686310e+01  0.000000e+00
     vertex  5.462904e+00  5.686657e+01  6.000000e+00
   endloop
 endfacet
 facet normal  2.244312e-01  9.744899e-01  2.516944e-05
   outer loop
     vertex  5.521561e+00  5.685265e+01  6.000000e+00
     vertex  5.535708e+00  5.684955e+01  0.000000e+00
     vertex  5.476887e+00  5.686310e+01  0.000000e+00
   endloop
 endfacet
 facet normal  2.040786e-01  9.789545e-01 -2.512780e-05
   outer loop
     vertex  5.580577e+00  5.684035e+01  6.000000e+00
     vertex  5.535708e+00  5.684955e+01  0.000000e+00
     vertex  5.521561e+00  5.685265e+01  6.000000e+00
   endloop
 endfacet
 facet normal  1.976125e-01  9.802802e-01  2.525948e-05
   outer loop
     vertex  5.580577e+00  5.684035e+01  6.000000e+00
     vertex  5.594879e+00  5.683762e+01  0.000000e+00
     vertex  5.535708e+00  5.684955e+01  0.000000e+00
   endloop
 endfacet
 facet normal  1.771791e-01  9.841786e-01 -2.521762e-05
   outer loop
     vertex  5.639908e+00  5.682967e+01  6.000000e+00
     vertex  5.594879e+00  5.683762e+01  0.000000e+00
     vertex  5.580577e+00  5.684035e+01  6.000000e+00
   endloop
 endfacet
 facet normal  1.706451e-01  9.853326e-01  2.534908e-05
   outer loop
     vertex  5.639908e+00  5.682967e+01  6.000000e+00
     vertex  5.654354e+00  5.682732e+01  0.000000e+00
     vertex  5.594879e+00  5.683762e+01  0.000000e+00
   endloop
 endfacet
 facet normal  1.435492e-01  9.896432e-01  2.543825e-05
   outer loop
     vertex  5.699509e+00  5.682062e+01  6.000000e+00
     vertex  5.714089e+00  5.681866e+01  0.000000e+00
     vertex  5.654354e+00  5.682732e+01  0.000000e+00
   endloop
 endfacet
 facet normal  1.501465e-01  9.886638e-01 -2.530701e-05
   outer loop
     vertex  5.699509e+00  5.682062e+01  6.000000e+00
     vertex  5.654354e+00  5.682732e+01  0.000000e+00
     vertex  5.639908e+00  5.682967e+01  6.000000e+00
   endloop
 endfacet
 facet normal  1.163452e-01  9.932088e-01  2.552698e-05
   outer loop
     vertex  5.759336e+00  5.681320e+01  6.000000e+00
     vertex  5.774040e+00  5.681163e+01  0.000000e+00
     vertex  5.714089e+00  5.681866e+01  0.000000e+00
   endloop
 endfacet
 facet normal  1.230012e-01  9.924065e-01 -2.539596e-05
   outer loop
     vertex  5.759336e+00  5.681320e+01  6.000000e+00
     vertex  5.714089e+00  5.681866e+01  0.000000e+00
     vertex  5.699509e+00  5.682062e+01  6.000000e+00
   endloop
 endfacet
 facet normal  8.905371e-02  9.960268e-01  2.561527e-05
   outer loop
     vertex  5.819344e+00  5.680743e+01  6.000000e+00
     vertex  5.834161e+00  5.680626e+01  0.000000e+00
     vertex  5.774040e+00  5.681163e+01  0.000000e+00
   endloop
 endfacet
 facet normal  9.576349e-02  9.954041e-01 -2.548447e-05
   outer loop
     vertex  5.819344e+00  5.680743e+01  6.000000e+00
     vertex  5.774040e+00  5.681163e+01  0.000000e+00
     vertex  5.759336e+00  5.681320e+01  6.000000e+00
   endloop
 endfacet
 facet normal  6.169515e-02  9.980950e-01  2.570313e-05
   outer loop
     vertex  5.879487e+00  5.680330e+01  6.000000e+00
     vertex  5.894406e+00  5.680254e+01  0.000000e+00
     vertex  5.834161e+00  5.680626e+01  0.000000e+00
   endloop
 endfacet
 facet normal  6.845390e-02  9.976543e-01 -2.557255e-05
   outer loop
     vertex  5.879487e+00  5.680330e+01  6.000000e+00
     vertex  5.834161e+00  5.680626e+01  0.000000e+00
     vertex  5.819344e+00  5.680743e+01  6.000000e+00
   endloop
 endfacet
 facet normal  3.429014e-02  9.994119e-01  2.579055e-05
   outer loop
     vertex  5.939721e+00  5.680083e+01  6.000000e+00
     vertex  5.954731e+00  5.680047e+01  0.000000e+00
     vertex  5.894406e+00  5.680254e+01  0.000000e+00
   endloop
 endfacet
 facet normal  4.109291e-02  9.991553e-01 -2.566019e-05
   outer loop
     vertex  5.939721e+00  5.680083e+01  6.000000e+00
     vertex  5.894406e+00  5.680254e+01  0.000000e+00
     vertex  5.879487e+00  5.680330e+01  6.000000e+00
   endloop
 endfacet
 facet normal  6.859319e-03  9.999765e-01  2.587754e-05
   outer loop
     vertex  6.000000e+00  5.680000e+01  6.000000e+00
     vertex  6.015091e+00  5.680005e+01  0.000000e+00
     vertex  5.954731e+00  5.680047e+01  0.000000e+00
   endloop
 endfacet
 facet normal  1.370107e-02  9.999061e-01 -2.574739e-05
   outer loop
     vertex  6.000000e+00  5.680000e+01  6.000000e+00
     vertex  5.954731e+00  5.680047e+01  0.000000e+00
     vertex  5.939721e+00  5.680083e+01  6.000000e+00
   endloop
 endfacet
 facet normal -2.057667e-02  9.997883e-01  2.596409e-05
   outer loop
     vertex  6.060279e+00  5.680083e+01  6.000000e+00
     vertex  6.075438e+00  5.680129e+01  0.000000e+00
     vertex  6.015091e+00  5.680005e+01  0.000000e+00
   endloop
 endfacet
 facet normal -1.370107e-02  9.999061e-01 -2.583416e-05
   outer loop
     vertex  6.060279e+00  5.680083e+01  6.000000e+00
     vertex  6.015091e+00  5.680005e+01  0.000000e+00
     vertex  6.000000e+00  5.680000e+01  6.000000e+00
   endloop
 endfacet
 facet normal -4.799716e-02  9.988475e-01  2.605020e-05
   outer loop
     vertex  6.120513e+00  5.680330e+01  6.000000e+00
     vertex  6.135729e+00  5.680419e+01  0.000000e+00
     vertex  6.075438e+00  5.680129e+01  0.000000e+00
   endloop
 endfacet
 facet normal -4.109291e-02  9.991553e-01 -2.592049e-05
   outer loop
     vertex  6.120513e+00  5.680330e+01  6.000000e+00
     vertex  6.075438e+00  5.680129e+01  0.000000e+00
     vertex  6.060279e+00  5.680083e+01  6.000000e+00
   endloop
 endfacet
 facet normal -7.538152e-02  9.971548e-01  2.613588e-05
   outer loop
     vertex  6.180656e+00  5.680743e+01  6.000000e+00
     vertex  6.195918e+00  5.680874e+01  0.000000e+00
     vertex  6.135729e+00  5.680419e+01  0.000000e+00
   endloop
 endfacet
 facet normal -6.845390e-02  9.976543e-01 -2.600638e-05
   outer loop
     vertex  6.180656e+00  5.680743e+01  6.000000e+00
     vertex  6.135729e+00  5.680419e+01  0.000000e+00
     vertex  6.120513e+00  5.680330e+01  6.000000e+00
   endloop
 endfacet
 facet normal -1.027091e-01  9.947114e-01  2.622112e-05
   outer loop
     vertex  6.240664e+00  5.681320e+01  6.000000e+00
     vertex  6.255960e+00  5.681494e+01  0.000000e+00
     vertex  6.195918e+00  5.680874e+01  0.000000e+00
   endloop
 endfacet
 facet normal -9.576349e-02  9.954041e-01 -2.609184e-05
   outer loop
     vertex  6.240664e+00  5.681320e+01  6.000000e+00
     vertex  6.195918e+00  5.680874e+01  0.000000e+00
     vertex  6.180656e+00  5.680743e+01  6.000000e+00
   endloop
 endfacet
 facet normal -1.299594e-01  9.915193e-01  2.630592e-05
   outer loop
     vertex  6.300491e+00  5.682062e+01  6.000000e+00
     vertex  6.315808e+00  5.682278e+01  0.000000e+00
     vertex  6.255960e+00  5.681494e+01  0.000000e+00
   endloop
 endfacet
 facet normal -1.230012e-01  9.924065e-01 -2.617686e-05
   outer loop
     vertex  6.300491e+00  5.682062e+01  6.000000e+00
     vertex  6.255960e+00  5.681494e+01  0.000000e+00
     vertex  6.240664e+00  5.681320e+01  6.000000e+00
   endloop
 endfacet
 facet normal -1.571119e-01  9.875808e-01  2.639029e-05
   outer loop
     vertex  6.360092e+00  5.682967e+01  6.000000e+00
     vertex  6.375419e+00  5.683227e+01  0.000000e+00
     vertex  6.315808e+00  5.682278e+01  0.000000e+00
   endloop
 endfacet
 facet normal -1.501465e-01  9.886638e-01 -2.626145e-05
   outer loop
     vertex  6.360092e+00  5.682967e+01  6.000000e+00
     vertex  6.315808e+00  5.682278e+01  0.000000e+00
     vertex  6.300491e+00  5.682062e+01  6.000000e+00
   endloop
 endfacet
 facet normal -1.841461e-01  9.828989e-01  2.647422e-05
   outer loop
     vertex  6.419423e+00  5.684035e+01  6.000000e+00
     vertex  6.434748e+00  5.684338e+01  0.000000e+00
     vertex  6.375419e+00  5.683227e+01  0.000000e+00
   endloop
 endfacet
 facet normal -1.771791e-01  9.841786e-01 -2.634560e-05
   outer loop
     vertex  6.419423e+00  5.684035e+01  6.000000e+00
     vertex  6.375419e+00  5.683227e+01  0.000000e+00
     vertex  6.360092e+00  5.682967e+01  6.000000e+00
   endloop
 endfacet
 facet normal -2.110417e-01  9.774771e-01  2.655771e-05
   outer loop
     vertex  6.478439e+00  5.685265e+01  6.000000e+00
     vertex  6.493749e+00  5.685612e+01  0.000000e+00
     vertex  6.434748e+00  5.684338e+01  0.000000e+00
   endloop
 endfacet
 facet normal -2.040786e-01  9.789545e-01 -2.642931e-05
   outer loop
     vertex  6.478439e+00  5.685265e+01  6.000000e+00
     vertex  6.434748e+00  5.684338e+01  0.000000e+00
     vertex  6.419423e+00  5.684035e+01  6.000000e+00
   endloop
 endfacet
 facet normal -2.377784e-01  9.713194e-01  2.664077e-05
   outer loop
     vertex  6.537096e+00  5.686657e+01  6.000000e+00
     vertex  6.552378e+00  5.687047e+01  0.000000e+00
     vertex  6.493749e+00  5.685612e+01  0.000000e+00
   endloop
 endfacet
 facet normal -2.308249e-01  9.729953e-01 -2.651259e-05
   outer loop
     vertex  6.537096e+00  5.686657e+01  6.000000e+00
     vertex  6.493749e+00  5.685612e+01  0.000000e+00
     vertex  6.478439e+00  5.685265e+01  6.000000e+00
   endloop
 endfacet
 facet normal -2.643362e-01  9.644306e-01  2.672339e-05
   outer loop
     vertex  6.595349e+00  5.688209e+01  6.000000e+00
     vertex  6.610592e+00  5.688643e+01  0.000000e+00
     vertex  6.552378e+00  5.687047e+01  0.000000e+00
   endloop
 endfacet
 facet normal -2.573979e-01  9.663055e-01 -2.659543e-05
   outer loop
     vertex  6.595349e+00  5.688209e+01  6.000000e+00
     vertex  6.552378e+00  5.687047e+01  0.000000e+00
     vertex  6.537096e+00  5.686657e+01  6.000000e+00
   endloop
 endfacet
 facet normal -2.906949e-01  9.568158e-01  2.680558e-05
   outer loop
     vertex  6.653155e+00  5.689919e+01  6.000000e+00
     vertex  6.668346e+00  5.690398e+01  0.000000e+00
     vertex  6.610592e+00  5.688643e+01  0.000000e+00
   endloop
 endfacet
 facet normal -2.837776e-01  9.588901e-01 -2.667783e-05
   outer loop
     vertex  6.653155e+00  5.689919e+01  6.000000e+00
     vertex  6.610592e+00  5.688643e+01  0.000000e+00
     vertex  6.595349e+00  5.688209e+01  6.000000e+00
   endloop
 endfacet
 facet normal -3.099443e-01  9.507547e-01 -2.675980e-05
   outer loop
     vertex  6.710471e+00  5.691788e+01  6.000000e+00
     vertex  6.668346e+00  5.690398e+01  0.000000e+00
     vertex  6.653155e+00  5.689919e+01  6.000000e+00
   endloop
 endfacet
 facet normal -3.168348e-01  9.484807e-01  2.688733e-05
   outer loop
     vertex  6.710471e+00  5.691788e+01  6.000000e+00
     vertex  6.725596e+00  5.692310e+01  0.000000e+00
     vertex  6.668346e+00  5.690398e+01  0.000000e+00
   endloop
 endfacet
 facet normal -3.358782e-01  9.419054e-01 -2.684133e-05
   outer loop
     vertex  6.767254e+00  5.693813e+01  6.000000e+00
     vertex  6.725596e+00  5.692310e+01  0.000000e+00
     vertex  6.710471e+00  5.691788e+01  6.000000e+00
   endloop
 endfacet
 facet normal -3.427362e-01  9.394317e-01  2.696864e-05
   outer loop
     vertex  6.767254e+00  5.693813e+01  6.000000e+00
     vertex  6.782301e+00  5.694379e+01  0.000000e+00
     vertex  6.725596e+00  5.692310e+01  0.000000e+00
   endloop
 endfacet
 facet normal -3.615599e-01  9.323489e-01 -2.692242e-05
   outer loop
     vertex  6.823460e+00  5.695992e+01  6.000000e+00
     vertex  6.782301e+00  5.694379e+01  0.000000e+00
     vertex  6.767254e+00  5.693813e+01  6.000000e+00
   endloop
 endfacet
 facet normal -3.683796e-01  9.296754e-01  2.704952e-05
   outer loop
     vertex  6.823460e+00  5.695992e+01  6.000000e+00
     vertex  6.838417e+00  5.696602e+01  0.000000e+00
     vertex  6.782301e+00  5.694379e+01  0.000000e+00
   endloop
 endfacet
 facet normal -3.869701e-01  9.220923e-01 -2.700308e-05
   outer loop
     vertex  6.879048e+00  5.698325e+01  6.000000e+00
     vertex  6.838417e+00  5.696602e+01  0.000000e+00
     vertex  6.823460e+00  5.695992e+01  6.000000e+00
   endloop
 endfacet
 facet normal -3.937458e-01  9.192194e-01  2.712996e-05
   outer loop
     vertex  6.879048e+00  5.698325e+01  6.000000e+00
     vertex  6.893901e+00  5.698979e+01  0.000000e+00
     vertex  6.838417e+00  5.696602e+01  0.000000e+00
   endloop
 endfacet
 facet normal -4.120897e-01  9.111433e-01 -2.708330e-05
   outer loop
     vertex  6.933976e+00  5.700809e+01  6.000000e+00
     vertex  6.893901e+00  5.698979e+01  0.000000e+00
     vertex  6.879048e+00  5.698325e+01  6.000000e+00
   endloop
 endfacet
 facet normal -4.188155e-01  9.080714e-01  2.720996e-05
   outer loop
     vertex  6.933976e+00  5.700809e+01  6.000000e+00
     vertex  6.948713e+00  5.701507e+01  0.000000e+00
     vertex  6.893901e+00  5.698979e+01  0.000000e+00
   endloop
 endfacet
 facet normal -4.368999e-01  8.995101e-01 -2.716309e-05
   outer loop
     vertex  6.988203e+00  5.703443e+01  6.000000e+00
     vertex  6.948713e+00  5.701507e+01  0.000000e+00
     vertex  6.933976e+00  5.700809e+01  6.000000e+00
   endloop
 endfacet
 facet normal -4.435699e-01  8.962398e-01  2.728953e-05
   outer loop
     vertex  6.988203e+00  5.703443e+01  6.000000e+00
     vertex  7.002811e+00  5.704185e+01  0.000000e+00
     vertex  6.948713e+00  5.701507e+01  0.000000e+00
   endloop
 endfacet
 facet normal -4.679904e-01  8.837335e-01  2.736866e-05
   outer loop
     vertex  7.041688e+00  5.706225e+01  6.000000e+00
     vertex  7.056153e+00  5.707009e+01  0.000000e+00
     vertex  7.002811e+00  5.704185e+01  0.000000e+00
   endloop
 endfacet
 facet normal -4.613821e-01  8.872015e-01 -2.724243e-05
   outer loop
     vertex  7.041688e+00  5.706225e+01  6.000000e+00
     vertex  7.002811e+00  5.704185e+01  0.000000e+00
     vertex  6.988203e+00  5.703443e+01  6.000000e+00
   endloop
 endfacet
 facet normal -4.920587e-01  8.705620e-01  2.744735e-05
   outer loop
     vertex  7.094390e+00  5.709152e+01  6.000000e+00
     vertex  7.108701e+00  5.709979e+01  0.000000e+00
     vertex  7.056153e+00  5.707009e+01  0.000000e+00
   endloop
 endfacet
 facet normal -4.855178e-01  8.742268e-01 -2.732135e-05
   outer loop
     vertex  7.094390e+00  5.709152e+01  6.000000e+00
     vertex  7.056153e+00  5.707009e+01  0.000000e+00
     vertex  7.041688e+00  5.706225e+01  6.000000e+00
   endloop
 endfacet
 facet normal -5.157565e-01  8.567352e-01  2.752561e-05
   outer loop
     vertex  7.146271e+00  5.712222e+01  6.000000e+00
     vertex  7.160414e+00  5.713093e+01  0.000000e+00
     vertex  7.108701e+00  5.709979e+01  0.000000e+00
   endloop
 endfacet
 facet normal -5.092889e-01  8.605956e-01 -2.739982e-05
   outer loop
     vertex  7.146271e+00  5.712222e+01  6.000000e+00
     vertex  7.108701e+00  5.709979e+01  0.000000e+00
     vertex  7.094390e+00  5.709152e+01  6.000000e+00
   endloop
 endfacet
 facet normal -5.390661e-01  8.422635e-01  2.760343e-05
   outer loop
     vertex  7.197291e+00  5.715433e+01  6.000000e+00
     vertex  7.211254e+00  5.716346e+01  0.000000e+00
     vertex  7.160414e+00  5.713093e+01  0.000000e+00
   endloop
 endfacet
 facet normal -5.326777e-01  8.463182e-01 -2.747786e-05
   outer loop
     vertex  7.197291e+00  5.715433e+01  6.000000e+00
     vertex  7.160414e+00  5.713093e+01  0.000000e+00
     vertex  7.146271e+00  5.712222e+01  6.000000e+00
   endloop
 endfacet
 facet normal -5.619699e-01  8.271577e-01  2.768081e-05
   outer loop
     vertex  7.247412e+00  5.718783e+01  6.000000e+00
     vertex  7.261181e+00  5.719738e+01  0.000000e+00
     vertex  7.211254e+00  5.716346e+01  0.000000e+00
   endloop
 endfacet
 facet normal -5.556664e-01  8.314053e-01 -2.755547e-05
   outer loop
     vertex  7.247412e+00  5.718783e+01  6.000000e+00
     vertex  7.211254e+00  5.716346e+01  0.000000e+00
     vertex  7.197291e+00  5.715433e+01  6.000000e+00
   endloop
 endfacet
 facet normal -5.844507e-01  8.114292e-01  2.775776e-05
   outer loop
     vertex  7.296596e+00  5.722269e+01  6.000000e+00
     vertex  7.310160e+00  5.723266e+01  0.000000e+00
     vertex  7.261181e+00  5.719738e+01  0.000000e+00
   endloop
 endfacet
 facet normal -5.782380e-01  8.158682e-01 -2.763263e-05
   outer loop
     vertex  7.296596e+00  5.722269e+01  6.000000e+00
     vertex  7.261181e+00  5.719738e+01  0.000000e+00
     vertex  7.247412e+00  5.718783e+01  6.000000e+00
   endloop
 endfacet
 facet normal -6.064915e-01  7.950900e-01  2.783428e-05
   outer loop
     vertex  7.344807e+00  5.725888e+01  6.000000e+00
     vertex  7.358152e+00  5.726927e+01  0.000000e+00
     vertex  7.310160e+00  5.723266e+01  0.000000e+00
   endloop
 endfacet
 facet normal -6.003753e-01  7.997184e-01 -2.770936e-05
   outer loop
     vertex  7.344807e+00  5.725888e+01  6.000000e+00
     vertex  7.310160e+00  5.723266e+01  0.000000e+00
     vertex  7.296596e+00  5.722269e+01  6.000000e+00
   endloop
 endfacet
 facet normal -6.280757e-01  7.781522e-01  2.791035e-05
   outer loop
     vertex  7.392008e+00  5.729638e+01  6.000000e+00
     vertex  7.405121e+00  5.730718e+01  0.000000e+00
     vertex  7.358152e+00  5.726927e+01  0.000000e+00
   endloop
 endfacet
 facet normal -6.220618e-01  7.829681e-01 -2.778566e-05
   outer loop
     vertex  7.392008e+00  5.729638e+01  6.000000e+00
     vertex  7.358152e+00  5.726927e+01  0.000000e+00
     vertex  7.344807e+00  5.725888e+01  6.000000e+00
   endloop
 endfacet
 facet normal -6.491872e-01  7.606287e-01  2.798599e-05
   outer loop
     vertex  7.438164e+00  5.733516e+01  6.000000e+00
     vertex  7.451033e+00  5.734637e+01  0.000000e+00
     vertex  7.405121e+00  5.730718e+01  0.000000e+00
   endloop
 endfacet
 facet normal -6.432813e-01  7.656300e-01 -2.786151e-05
   outer loop
     vertex  7.438164e+00  5.733516e+01  6.000000e+00
     vertex  7.405121e+00  5.730718e+01  0.000000e+00
     vertex  7.392008e+00  5.729638e+01  6.000000e+00
   endloop
 endfacet
 facet normal -6.698100e-01  7.425325e-01  2.806119e-05
   outer loop
     vertex  7.483240e+00  5.737519e+01  6.000000e+00
     vertex  7.495853e+00  5.738680e+01  0.000000e+00
     vertex  7.451033e+00  5.734637e+01  0.000000e+00
   endloop
 endfacet
 facet normal -6.640177e-01  7.477169e-01 -2.793694e-05
   outer loop
     vertex  7.483240e+00  5.737519e+01  6.000000e+00
     vertex  7.451033e+00  5.734637e+01  0.000000e+00
     vertex  7.438164e+00  5.733516e+01  6.000000e+00
   endloop
 endfacet
 facet normal -6.899286e-01  7.238775e-01  2.813596e-05
   outer loop
     vertex  7.527202e+00  5.741644e+01  6.000000e+00
     vertex  7.539547e+00  5.742844e+01  0.000000e+00
     vertex  7.495853e+00  5.738680e+01  0.000000e+00
   endloop
 endfacet
 facet normal -6.842555e-01  7.292424e-01 -2.801192e-05
   outer loop
     vertex  7.527202e+00  5.741644e+01  6.000000e+00
     vertex  7.495853e+00  5.738680e+01  0.000000e+00
     vertex  7.483240e+00  5.737519e+01  6.000000e+00
   endloop
 endfacet
 facet normal -7.095278e-01  7.046775e-01  2.821029e-05
   outer loop
     vertex  7.570017e+00  5.745888e+01  6.000000e+00
     vertex  7.582082e+00  5.747127e+01  0.000000e+00
     vertex  7.539547e+00  5.742844e+01  0.000000e+00
   endloop
 endfacet
 facet normal -7.039795e-01  7.102203e-01 -2.808647e-05
   outer loop
     vertex  7.570017e+00  5.745888e+01  6.000000e+00
     vertex  7.539547e+00  5.742844e+01  0.000000e+00
     vertex  7.527202e+00  5.741644e+01  6.000000e+00
   endloop
 endfacet
 facet normal -7.285929e-01  6.849470e-01  2.828418e-05
   outer loop
     vertex  7.611654e+00  5.750248e+01  6.000000e+00
     vertex  7.623425e+00  5.751525e+01  0.000000e+00
     vertex  7.582082e+00  5.747127e+01  0.000000e+00
   endloop
 endfacet
 facet normal -7.231749e-01  6.906649e-01 -2.816058e-05
   outer loop
     vertex  7.611654e+00  5.750248e+01  6.000000e+00
     vertex  7.582082e+00  5.747127e+01  0.000000e+00
     vertex  7.570017e+00  5.745888e+01  6.000000e+00
   endloop
 endfacet
 facet normal -7.471095e-01  6.647010e-01  2.835764e-05
   outer loop
     vertex  7.652080e+00  5.754720e+01  6.000000e+00
     vertex  7.663547e+00  5.756034e+01  0.000000e+00
     vertex  7.623425e+00  5.751525e+01  0.000000e+00
   endloop
 endfacet
 facet normal -7.418273e-01  6.705909e-01 -2.823426e-05
   outer loop
     vertex  7.652080e+00  5.754720e+01  6.000000e+00
     vertex  7.623425e+00  5.751525e+01  0.000000e+00
     vertex  7.611654e+00  5.750248e+01  6.000000e+00
   endloop
 endfacet
 facet normal -7.650637e-01  6.439545e-01  2.843066e-05
   outer loop
     vertex  7.691266e+00  5.759301e+01  6.000000e+00
     vertex  7.702417e+00  5.760652e+01  0.000000e+00
     vertex  7.663547e+00  5.756034e+01  0.000000e+00
   endloop
 endfacet
 facet normal -7.599227e-01  6.500134e-01 -2.830750e-05
   outer loop
     vertex  7.691266e+00  5.759301e+01  6.000000e+00
     vertex  7.663547e+00  5.756034e+01  0.000000e+00
     vertex  7.652080e+00  5.754720e+01  6.000000e+00
   endloop
 endfacet
 facet normal -7.824421e-01  6.227234e-01  2.850325e-05
   outer loop
     vertex  7.729182e+00  5.763988e+01  6.000000e+00
     vertex  7.740005e+00  5.765375e+01  0.000000e+00
     vertex  7.702417e+00  5.760652e+01  0.000000e+00
   endloop
 endfacet
 facet normal -7.774475e-01  6.289478e-01 -2.838030e-05
   outer loop
     vertex  7.729182e+00  5.763988e+01  6.000000e+00
     vertex  7.702417e+00  5.760652e+01  0.000000e+00
     vertex  7.691266e+00  5.759301e+01  6.000000e+00
   endloop
 endfacet
 facet normal -7.992314e-01  6.010234e-01  2.857540e-05
   outer loop
     vertex  7.765799e+00  5.768777e+01  6.000000e+00
     vertex  7.776283e+00  5.770199e+01  0.000000e+00
     vertex  7.740005e+00  5.765375e+01  0.000000e+00
   endloop
 endfacet
 facet normal -7.943885e-01  6.074100e-01 -2.845267e-05
   outer loop
     vertex  7.765799e+00  5.768777e+01  6.000000e+00
     vertex  7.740005e+00  5.765375e+01  0.000000e+00
     vertex  7.729182e+00  5.763988e+01  6.000000e+00
   endloop
 endfacet
 facet normal -8.154191e-01  5.788711e-01  2.864711e-05
   outer loop
     vertex  7.801091e+00  5.773664e+01  6.000000e+00
     vertex  7.811224e+00  5.775121e+01  0.000000e+00
     vertex  7.776283e+00  5.770199e+01  0.000000e+00
   endloop
 endfacet
 facet normal -8.107330e-01  5.854160e-01 -2.852460e-05
   outer loop
     vertex  7.801091e+00  5.773664e+01  6.000000e+00
     vertex  7.776283e+00  5.770199e+01  0.000000e+00
     vertex  7.765799e+00  5.768777e+01  6.000000e+00
   endloop
 endfacet
 facet normal -8.309929e-01  5.562829e-01  2.871838e-05
   outer loop
     vertex  7.835030e+00  5.778647e+01  6.000000e+00
     vertex  7.844801e+00  5.780137e+01  0.000000e+00
     vertex  7.811224e+00  5.775121e+01  0.000000e+00
   endloop
 endfacet
 facet normal -8.264688e-01  5.629825e-01 -2.859609e-05
   outer loop
     vertex  7.835030e+00  5.778647e+01  6.000000e+00
     vertex  7.811224e+00  5.775121e+01  0.000000e+00
     vertex  7.801091e+00  5.773664e+01  6.000000e+00
   endloop
 endfacet
 facet normal -8.415840e-01  5.401263e-01 -2.866715e-05
   outer loop
     vertex  7.867592e+00  5.783720e+01  6.000000e+00
     vertex  7.844801e+00  5.780137e+01  0.000000e+00
     vertex  7.835030e+00  5.778647e+01  6.000000e+00
   endloop
 endfacet
 facet normal -8.459413e-01  5.332761e-01  2.878922e-05
   outer loop
     vertex  7.867592e+00  5.783720e+01  6.000000e+00
     vertex  7.876990e+00  5.785243e+01  0.000000e+00
     vertex  7.844801e+00  5.780137e+01  0.000000e+00
   endloop
 endfacet
 facet normal -8.560673e-01  5.168644e-01 -2.873777e-05
   outer loop
     vertex  7.898751e+00  5.788881e+01  6.000000e+00
     vertex  7.876990e+00  5.785243e+01  0.000000e+00
     vertex  7.867592e+00  5.783720e+01  6.000000e+00
   endloop
 endfacet
 facet normal -8.602528e-01  5.098678e-01  2.885963e-05
   outer loop
     vertex  7.898751e+00  5.788881e+01  6.000000e+00
     vertex  7.907766e+00  5.790436e+01  0.000000e+00
     vertex  7.876990e+00  5.785243e+01  0.000000e+00
   endloop
 endfacet
 facet normal -8.699077e-01  4.932145e-01 -2.880795e-05
   outer loop
     vertex  7.928484e+00  5.794125e+01  6.000000e+00
     vertex  7.907766e+00  5.790436e+01  0.000000e+00
     vertex  7.898751e+00  5.788881e+01  6.000000e+00
   endloop
 endfacet
 facet normal -8.739167e-01  4.860756e-01  2.892959e-05
   outer loop
     vertex  7.928484e+00  5.794125e+01  6.000000e+00
     vertex  7.937106e+00  5.795711e+01  0.000000e+00
     vertex  7.907766e+00  5.790436e+01  0.000000e+00
   endloop
 endfacet
 facet normal -8.830950e-01  4.691943e-01 -2.887770e-05
   outer loop
     vertex  7.956769e+00  5.799449e+01  6.000000e+00
     vertex  7.937106e+00  5.795711e+01  0.000000e+00
     vertex  7.928484e+00  5.794125e+01  6.000000e+00
   endloop
 endfacet
 facet normal -8.869228e-01  4.619176e-01  2.899912e-05
   outer loop
     vertex  7.956769e+00  5.799449e+01  6.000000e+00
     vertex  7.964987e+00  5.801064e+01  0.000000e+00
     vertex  7.937106e+00  5.795711e+01  0.000000e+00
   endloop
 endfacet
 facet normal -8.956191e-01  4.448217e-01 -2.894701e-05
   outer loop
     vertex  7.983585e+00  5.804848e+01  6.000000e+00
     vertex  7.964987e+00  5.801064e+01  0.000000e+00
     vertex  7.956769e+00  5.799449e+01  6.000000e+00
   endloop
 endfacet
 facet normal -8.992613e-01  4.374119e-01  2.906822e-05
   outer loop
     vertex  7.983585e+00  5.804848e+01  6.000000e+00
     vertex  7.991390e+00  5.806492e+01  0.000000e+00
     vertex  7.964987e+00  5.801064e+01  0.000000e+00
   endloop
 endfacet
 facet normal -9.074708e-01  4.201151e-01 -2.901589e-05
   outer loop
     vertex  8.008912e+00  5.810319e+01  6.000000e+00
     vertex  7.991390e+00  5.806492e+01  0.000000e+00
     vertex  7.983585e+00  5.804848e+01  6.000000e+00
   endloop
 endfacet
 facet normal -9.109228e-01  4.125769e-01  2.913687e-05
   outer loop
     vertex  8.008912e+00  5.810319e+01  6.000000e+00
     vertex  8.016293e+00  5.811991e+01  0.000000e+00
     vertex  7.991390e+00  5.806492e+01  0.000000e+00
   endloop
 endfacet
 facet normal -9.186411e-01  3.950931e-01 -2.908433e-05
   outer loop
     vertex  8.032730e+00  5.815857e+01  6.000000e+00
     vertex  8.016293e+00  5.811991e+01  0.000000e+00
     vertex  8.008912e+00  5.810319e+01  6.000000e+00
   endloop
 endfacet
 facet normal -9.218986e-01  3.874313e-01  2.920509e-05
   outer loop
     vertex  8.032730e+00  5.815857e+01  6.000000e+00
     vertex  8.039679e+00  5.817555e+01  0.000000e+00
     vertex  8.016293e+00  5.811991e+01  0.000000e+00
   endloop
 endfacet
 facet normal -9.291216e-01  3.697744e-01 -2.915233e-05
   outer loop
     vertex  8.055021e+00  5.821458e+01  6.000000e+00
     vertex  8.039679e+00  5.817555e+01  0.000000e+00
     vertex  8.032730e+00  5.815857e+01  6.000000e+00
   endloop
 endfacet
 facet normal -9.321804e-01  3.619940e-01  2.927288e-05
   outer loop
     vertex  8.055021e+00  5.821458e+01  6.000000e+00
     vertex  8.061529e+00  5.823182e+01  0.000000e+00
     vertex  8.039679e+00  5.817555e+01  0.000000e+00
   endloop
 endfacet
 facet normal -9.389044e-01  3.441780e-01 -2.921990e-05
   outer loop
     vertex  8.075770e+00  5.827118e+01  6.000000e+00
     vertex  8.061529e+00  5.823182e+01  0.000000e+00
     vertex  8.055021e+00  5.821458e+01  6.000000e+00
   endloop
 endfacet
 facet normal -9.417605e-01  3.362843e-01  2.934023e-05
   outer loop
     vertex  8.075770e+00  5.827118e+01  6.000000e+00
     vertex  8.081827e+00  5.828867e+01  0.000000e+00
     vertex  8.061529e+00  5.823182e+01  0.000000e+00
   endloop
 endfacet
 facet normal -9.479822e-01  3.183233e-01 -2.928703e-05
   outer loop
     vertex  8.094960e+00  5.832833e+01  6.000000e+00
     vertex  8.081827e+00  5.828867e+01  0.000000e+00
     vertex  8.075770e+00  5.827118e+01  6.000000e+00
   endloop
 endfacet
 facet normal -9.506317e-01  3.103214e-01  2.940714e-05
   outer loop
     vertex  8.094960e+00  5.832833e+01  6.000000e+00
     vertex  8.100559e+00  5.834605e+01  0.000000e+00
     vertex  8.081827e+00  5.828867e+01  0.000000e+00
   endloop
 endfacet
 facet normal -9.563482e-01  2.922294e-01 -2.935372e-05
   outer loop
     vertex  8.112577e+00  5.838598e+01  6.000000e+00
     vertex  8.100559e+00  5.834605e+01  0.000000e+00
     vertex  8.094960e+00  5.832833e+01  6.000000e+00
   endloop
 endfacet
 facet normal -9.587873e-01  2.841250e-01  2.947361e-05
   outer loop
     vertex  8.112577e+00  5.838598e+01  6.000000e+00
     vertex  8.117708e+00  5.840392e+01  0.000000e+00
     vertex  8.100559e+00  5.834605e+01  0.000000e+00
   endloop
 endfacet
 facet normal -9.639961e-01  2.659162e-01 -2.941998e-05
   outer loop
     vertex  8.128608e+00  5.844410e+01  6.000000e+00
     vertex  8.117708e+00  5.840392e+01  0.000000e+00
     vertex  8.112577e+00  5.838598e+01  6.000000e+00
   endloop
 endfacet
 facet normal -9.662211e-01  2.577146e-01  2.953965e-05
   outer loop
     vertex  8.128608e+00  5.844410e+01  6.000000e+00
     vertex  8.133264e+00  5.846224e+01  0.000000e+00
     vertex  8.117708e+00  5.840392e+01  0.000000e+00
   endloop
 endfacet
 facet normal -9.709202e-01  2.394033e-01 -2.948580e-05
   outer loop
     vertex  8.143040e+00  5.850263e+01  6.000000e+00
     vertex  8.133264e+00  5.846224e+01  0.000000e+00
     vertex  8.128608e+00  5.844410e+01  6.000000e+00
   endloop
 endfacet
 facet normal -9.729276e-01  2.311102e-01  2.960526e-05
   outer loop
     vertex  8.143040e+00  5.850263e+01  6.000000e+00
     vertex  8.147214e+00  5.852097e+01  0.000000e+00
     vertex  8.133264e+00  5.846224e+01  0.000000e+00
   endloop
 endfacet
 facet normal -9.789017e-01  2.043319e-01  2.967042e-05
   outer loop
     vertex  8.155863e+00  5.856153e+01  6.000000e+00
     vertex  8.159548e+00  5.858006e+01  0.000000e+00
     vertex  8.147214e+00  5.852097e+01  0.000000e+00
   endloop
 endfacet
 facet normal -9.771152e-01  2.127106e-01 -2.955118e-05
   outer loop
     vertex  8.155863e+00  5.856153e+01  6.000000e+00
     vertex  8.147214e+00  5.852097e+01  0.000000e+00
     vertex  8.143040e+00  5.850263e+01  6.000000e+00
   endloop
 endfacet
 facet normal -9.825766e-01  1.858582e-01 -2.961613e-05
   outer loop
     vertex  8.167068e+00  5.862077e+01  6.000000e+00
     vertex  8.159548e+00  5.858006e+01  0.000000e+00
     vertex  8.155863e+00  5.856153e+01  6.000000e+00
   endloop
 endfacet
 facet normal -9.841389e-01  1.773998e-01  2.973515e-05
   outer loop
     vertex  8.167068e+00  5.862077e+01  6.000000e+00
     vertex  8.170256e+00  5.863946e+01  0.000000e+00
     vertex  8.159548e+00  5.858006e+01  0.000000e+00
   endloop
 endfacet
 facet normal -9.886353e-01  1.503341e-01  2.979945e-05
   outer loop
     vertex  8.176645e+00  5.868029e+01  6.000000e+00
     vertex  8.179330e+00  5.869913e+01  0.000000e+00
     vertex  8.170256e+00  5.863946e+01  0.000000e+00
   endloop
 endfacet
 facet normal -9.873001e-01  1.588663e-01 -2.968064e-05
   outer loop
     vertex  8.176645e+00  5.868029e+01  6.000000e+00
     vertex  8.170256e+00  5.863946e+01  0.000000e+00
     vertex  8.167068e+00  5.862077e+01  6.000000e+00
   endloop
 endfacet
 facet normal -9.923874e-01  1.231552e-01  2.986330e-05
   outer loop
     vertex  8.184588e+00  5.874005e+01  6.000000e+00
     vertex  8.186764e+00  5.875903e+01  0.000000e+00
     vertex  8.179330e+00  5.869913e+01  0.000000e+00
   endloop
 endfacet
 facet normal -9.912823e-01  1.317551e-01 -2.974472e-05
   outer loop
     vertex  8.184588e+00  5.874005e+01  6.000000e+00
     vertex  8.179330e+00  5.869913e+01  0.000000e+00
     vertex  8.176645e+00  5.868029e+01  6.000000e+00
   endloop
 endfacet
 facet normal -9.953925e-01  9.588368e-02  2.992672e-05
   outer loop
     vertex  8.190890e+00  5.880000e+01  6.000000e+00
     vertex  8.192551e+00  5.881912e+01  0.000000e+00
     vertex  8.186764e+00  5.875903e+01  0.000000e+00
   endloop
 endfacet
 facet normal -9.976484e-01  6.853995e-02 -5.781942e-05
   outer loop
     vertex  8.190890e+00  5.880000e+01  6.000000e+00
     vertex  8.196688e+00  5.887934e+01  0.000000e+00
     vertex  8.192551e+00  5.881912e+01  0.000000e+00
   endloop
 endfacet
 facet normal -9.945202e-01  1.045449e-01 -2.980836e-05
   outer loop
     vertex  8.190890e+00  5.880000e+01  6.000000e+00
     vertex  8.186764e+00  5.875903e+01  0.000000e+00
     vertex  8.184588e+00  5.874005e+01  6.000000e+00
   endloop
 endfacet
 facet normal -9.968292e-01  7.957122e-02 -2.036342e-14
   outer loop
     vertex  8.194874e+00  5.884991e+01  8.000000e+00
     vertex  8.190890e+00  5.880000e+01  6.000000e+00
     vertex  8.190890e+00  5.880000e+01  8.000000e+00
   endloop
 endfacet
 facet normal -9.970111e-01  7.725843e-02  5.807739e-05
   outer loop
     vertex  8.194874e+00  5.884991e+01  8.000000e+00
     vertex  8.196688e+00  5.887934e+01  0.000000e+00
     vertex  8.190890e+00  5.880000e+01  6.000000e+00
   endloop
 endfacet
 facet normal -9.991532e-01  4.114462e-02  2.326244e-05
   outer loop
     vertex  8.197721e+00  5.889990e+01  8.000000e+00
     vertex  8.199172e+00  5.893965e+01  0.000000e+00
     vertex  8.196688e+00  5.887934e+01  0.000000e+00
   endloop
 endfacet
 facet normal -9.983818e-01  5.686604e-02 -1.724259e-05
   outer loop
     vertex  8.197721e+00  5.889990e+01  8.000000e+00
     vertex  8.196688e+00  5.887934e+01  0.000000e+00
     vertex  8.194874e+00  5.884991e+01  8.000000e+00
   endloop
 endfacet
 facet normal -9.999059e-01  1.371831e-02  1.464112e-05
   outer loop
     vertex  8.199430e+00  5.894994e+01  8.000000e+00
     vertex  8.200000e+00  5.900000e+01  0.000000e+00
     vertex  8.199172e+00  5.893965e+01  0.000000e+00
   endloop
 endfacet
 facet normal -9.994174e-01  3.413141e-02 -1.163125e-05
   outer loop
     vertex  8.199430e+00  5.894994e+01  8.000000e+00
     vertex  8.199172e+00  5.893965e+01  0.000000e+00
     vertex  8.197721e+00  5.889990e+01  8.000000e+00
   endloop
 endfacet
 facet normal -9.999353e-01  1.137910e-02  0.000000e+00
   outer loop
     vertex  8.200000e+00  5.900000e+01  8.000000e+00
     vertex  8.200000e+00  5.900000e+01  0.000000e+00
     vertex  8.199430e+00  5.894994e+01  8.000000e+00
   endloop
 endfacet
 facet normal -9.999063e-01 -1.368874e-02  0.000000e+00
   outer loop
     vertex  6.119918e+01  5.906022e+01  8.000000e+00
     vertex  6.120000e+01  5.900000e+01  0.000000e+00
     vertex  6.120000e+01  5.900000e+01  8.000000e+00
   endloop
 endfacet
 facet normal -9.999059e-01 -1.371831e-02  2.226995e-07
   outer loop
     vertex  6.119918e+01  5.906022e+01  8.000000e+00
     vertex  6.119917e+01  5.906035e+01  0.000000e+00
     vertex  6.120000e+01  5.900000e+01  0.000000e+00
   endloop
 endfacet
 facet normal -9.991532e-01 -4.114462e-02  4.444367e-07
   outer loop
     vertex  6.119670e+01  5.912040e+01  8.000000e+00
     vertex  6.119669e+01  5.912066e+01  0.000000e+00
     vertex  6.119917e+01  5.906035e+01  0.000000e+00
   endloop
 endfacet
 facet normal -9.991568e-01 -4.105595e-02 -2.222184e-07
   outer loop
     vertex  6.119670e+01  5.912040e+01  8.000000e+00
     vertex  6.119917e+01  5.906035e+01  0.000000e+00
     vertex  6.119918e+01  5.906022e+01  8.000000e+00
   endloop
 endfacet
 facet normal -9.976484e-01 -6.853995e-02  6.652115e-07
   outer loop
     vertex  6.119258e+01  5.918049e+01  8.000000e+00
     vertex  6.119255e+01  5.918088e+01  0.000000e+00
     vertex  6.119669e+01  5.912066e+01  0.000000e+00
   endloop
 endfacet
 facet normal -9.976585e-01 -6.839240e-02 -4.434744e-07
   outer loop
     vertex  6.119258e+01  5.918049e+01  8.000000e+00
     vertex  6.119669e+01  5.912066e+01  0.000000e+00
     vertex  6.119670e+01  5.912040e+01  8.000000e+00
   endloop
 endfacet
 facet normal -9.953925e-01 -9.588368e-02  8.850240e-07
   outer loop
     vertex  6.118682e+01  5.924045e+01  8.000000e+00
     vertex  6.118676e+01  5.924097e+01  0.000000e+00
     vertex  6.119255e+01  5.918088e+01  0.000000e+00
   endloop
 endfacet
 facet normal -9.954124e-01 -9.567758e-02 -6.637680e-07
   outer loop
     vertex  6.118682e+01  5.924045e+01  8.000000e+00
     vertex  6.119255e+01  5.918088e+01  0.000000e+00
     vertex  6.119258e+01  5.918049e+01  8.000000e+00
   endloop
 endfacet
 facet normal -9.923874e-01 -1.231552e-01  1.103874e-06
   outer loop
     vertex  6.117942e+01  5.930022e+01  8.000000e+00
     vertex  6.117933e+01  5.930087e+01  0.000000e+00
     vertex  6.118676e+01  5.924097e+01  0.000000e+00
   endloop
 endfacet
 facet normal -9.924202e-01 -1.228910e-01 -8.830993e-07
   outer loop
     vertex  6.117942e+01  5.930022e+01  8.000000e+00
     vertex  6.118676e+01  5.924097e+01  0.000000e+00
     vertex  6.118682e+01  5.924045e+01  8.000000e+00
   endloop
 endfacet
 facet normal -9.886353e-01 -1.503341e-01  1.321762e-06
   outer loop
     vertex  6.117038e+01  5.935977e+01  8.000000e+00
     vertex  6.117026e+01  5.936054e+01  0.000000e+00
     vertex  6.117933e+01  5.930087e+01  0.000000e+00
   endloop
 endfacet
 facet normal -9.886841e-01 -1.500124e-01 -1.101468e-06
   outer loop
     vertex  6.117038e+01  5.935977e+01  8.000000e+00
     vertex  6.117933e+01  5.930087e+01  0.000000e+00
     vertex  6.117942e+01  5.930022e+01  8.000000e+00
   endloop
 endfacet
 facet normal -9.841389e-01 -1.773998e-01  1.538687e-06
   outer loop
     vertex  6.115972e+01  5.941905e+01  8.000000e+00
     vertex  6.115955e+01  5.941994e+01  0.000000e+00
     vertex  6.117026e+01  5.936054e+01  0.000000e+00
   endloop
 endfacet
 facet normal -9.842070e-01 -1.770213e-01 -1.318875e-06
   outer loop
     vertex  6.115972e+01  5.941905e+01  8.000000e+00
     vertex  6.117026e+01  5.936054e+01  0.000000e+00
     vertex  6.117038e+01  5.935977e+01  8.000000e+00
   endloop
 endfacet
 facet normal -9.789017e-01 -2.043319e-01  1.754650e-06
   outer loop
     vertex  6.114744e+01  5.947802e+01  8.000000e+00
     vertex  6.114721e+01  5.947903e+01  0.000000e+00
     vertex  6.115955e+01  5.941994e+01  0.000000e+00
   endloop
 endfacet
 facet normal -9.789922e-01 -2.038976e-01 -1.535319e-06
   outer loop
     vertex  6.114744e+01  5.947802e+01  8.000000e+00
     vertex  6.115955e+01  5.941994e+01  0.000000e+00
     vertex  6.115972e+01  5.941905e+01  8.000000e+00
   endloop
 endfacet
 facet normal -9.730437e-01 -2.306210e-01 -1.750801e-06
   outer loop
     vertex  6.113355e+01  5.953662e+01  8.000000e+00
     vertex  6.114721e+01  5.947903e+01  0.000000e+00
     vertex  6.114744e+01  5.947802e+01  8.000000e+00
   endloop
 endfacet
 facet normal -9.729276e-01 -2.311102e-01  1.969651e-06
   outer loop
     vertex  6.113355e+01  5.953662e+01  8.000000e+00
     vertex  6.113326e+01  5.953776e+01  0.000000e+00
     vertex  6.114721e+01  5.947903e+01  0.000000e+00
   endloop
 endfacet
 facet normal -9.663658e-01 -2.571715e-01 -1.965320e-06
   outer loop
     vertex  6.111806e+01  5.959483e+01  8.000000e+00
     vertex  6.113326e+01  5.953776e+01  0.000000e+00
     vertex  6.113355e+01  5.953662e+01  8.000000e+00
   endloop
 endfacet
 facet normal -9.662211e-01 -2.577146e-01  2.183689e-06
   outer loop
     vertex  6.111806e+01  5.959483e+01  8.000000e+00
     vertex  6.111771e+01  5.959608e+01  0.000000e+00
     vertex  6.113326e+01  5.953776e+01  0.000000e+00
   endloop
 endfacet
 facet normal -9.589636e-01 -2.835293e-01 -2.178877e-06
   outer loop
     vertex  6.110098e+01  5.965259e+01  8.000000e+00
     vertex  6.111771e+01  5.959608e+01  0.000000e+00
     vertex  6.111806e+01  5.959483e+01  8.000000e+00
   endloop
 endfacet
 facet normal -9.587873e-01 -2.841250e-01  2.396765e-06
   outer loop
     vertex  6.110098e+01  5.965259e+01  8.000000e+00
     vertex  6.110056e+01  5.965395e+01  0.000000e+00
     vertex  6.111771e+01  5.959608e+01  0.000000e+00
   endloop
 endfacet
 facet normal -9.508426e-01 -3.096746e-01 -2.391472e-06
   outer loop
     vertex  6.108233e+01  5.970986e+01  8.000000e+00
     vertex  6.110056e+01  5.965395e+01  0.000000e+00
     vertex  6.110098e+01  5.965259e+01  8.000000e+00
   endloop
 endfacet
 facet normal -9.506317e-01 -3.103214e-01  2.608878e-06
   outer loop
     vertex  6.108233e+01  5.970986e+01  8.000000e+00
     vertex  6.108183e+01  5.971133e+01  0.000000e+00
     vertex  6.110056e+01  5.965395e+01  0.000000e+00
   endloop
 endfacet
 facet normal -9.420089e-01 -3.355878e-01 -2.603104e-06
   outer loop
     vertex  6.106212e+01  5.976659e+01  8.000000e+00
     vertex  6.108183e+01  5.971133e+01  0.000000e+00
     vertex  6.108233e+01  5.970986e+01  8.000000e+00
   endloop
 endfacet
 facet normal -9.417605e-01 -3.362843e-01  2.820030e-06
   outer loop
     vertex  6.106212e+01  5.976659e+01  8.000000e+00
     vertex  6.106153e+01  5.976818e+01  0.000000e+00
     vertex  6.108183e+01  5.971133e+01  0.000000e+00
   endloop
 endfacet
 facet normal -9.324692e-01 -3.612494e-01 -2.813774e-06
   outer loop
     vertex  6.104036e+01  5.982276e+01  8.000000e+00
     vertex  6.106153e+01  5.976818e+01  0.000000e+00
     vertex  6.106212e+01  5.976659e+01  8.000000e+00
   endloop
 endfacet
 facet normal -9.321804e-01 -3.619940e-01  3.030218e-06
   outer loop
     vertex  6.104036e+01  5.982276e+01  8.000000e+00
     vertex  6.103968e+01  5.982445e+01  0.000000e+00
     vertex  6.106153e+01  5.976818e+01  0.000000e+00
   endloop
 endfacet
 facet normal -9.222306e-01 -3.866403e-01 -3.023482e-06
   outer loop
     vertex  6.101707e+01  5.987830e+01  8.000000e+00
     vertex  6.103968e+01  5.982445e+01  0.000000e+00
     vertex  6.104036e+01  5.982276e+01  8.000000e+00
   endloop
 endfacet
 facet normal -9.218986e-01 -3.874313e-01  3.239445e-06
   outer loop
     vertex  6.101707e+01  5.987830e+01  8.000000e+00
     vertex  6.101629e+01  5.988009e+01  0.000000e+00
     vertex  6.103968e+01  5.982445e+01  0.000000e+00
   endloop
 endfacet
 facet normal -9.113007e-01 -4.117414e-01 -3.232227e-06
   outer loop
     vertex  6.099227e+01  5.993319e+01  8.000000e+00
     vertex  6.101629e+01  5.988009e+01  0.000000e+00
     vertex  6.101707e+01  5.987830e+01  8.000000e+00
   endloop
 endfacet
 facet normal -9.109228e-01 -4.125769e-01  3.447709e-06
   outer loop
     vertex  6.099227e+01  5.993319e+01  8.000000e+00
     vertex  6.099139e+01  5.993508e+01  0.000000e+00
     vertex  6.101629e+01  5.988009e+01  0.000000e+00
   endloop
 endfacet
 facet normal -8.996878e-01 -4.365339e-01 -3.440010e-06
   outer loop
     vertex  6.096598e+01  5.998738e+01  8.000000e+00
     vertex  6.099139e+01  5.993508e+01  0.000000e+00
     vertex  6.099227e+01  5.993319e+01  8.000000e+00
   endloop
 endfacet
 facet normal -8.992613e-01 -4.374119e-01  3.655010e-06
   outer loop
     vertex  6.096598e+01  5.998738e+01  8.000000e+00
     vertex  6.096499e+01  5.998936e+01  0.000000e+00
     vertex  6.099139e+01  5.993508e+01  0.000000e+00
   endloop
 endfacet
 facet normal -8.874006e-01 -4.609991e-01 -3.646830e-06
   outer loop
     vertex  6.093822e+01  6.004083e+01  8.000000e+00
     vertex  6.096499e+01  5.998936e+01  0.000000e+00
     vertex  6.096598e+01  5.998738e+01  8.000000e+00
   endloop
 endfacet
 facet normal -8.869228e-01 -4.619176e-01  3.861350e-06
   outer loop
     vertex  6.093822e+01  6.004083e+01  8.000000e+00
     vertex  6.093711e+01  6.004289e+01  0.000000e+00
     vertex  6.096499e+01  5.998936e+01  0.000000e+00
   endloop
 endfacet
 facet normal -8.744482e-01 -4.851189e-01 -3.852688e-06
   outer loop
     vertex  6.090900e+01  6.009350e+01  8.000000e+00
     vertex  6.093711e+01  6.004289e+01  0.000000e+00
     vertex  6.093822e+01  6.004083e+01  8.000000e+00
   endloop
 endfacet
 facet normal -8.739167e-01 -4.860756e-01  4.066727e-06
   outer loop
     vertex  6.090900e+01  6.009350e+01  8.000000e+00
     vertex  6.090777e+01  6.009564e+01  0.000000e+00
     vertex  6.093711e+01  6.004289e+01  0.000000e+00
   endloop
 endfacet
 facet normal -8.608404e-01 -5.088750e-01 -4.057584e-06
   outer loop
     vertex  6.087835e+01  6.014534e+01  8.000000e+00
     vertex  6.090777e+01  6.009564e+01  0.000000e+00
     vertex  6.090900e+01  6.009350e+01  8.000000e+00
   endloop
 endfacet
 facet normal -8.602528e-01 -5.098678e-01  4.271141e-06
   outer loop
     vertex  6.087835e+01  6.014534e+01  8.000000e+00
     vertex  6.087699e+01  6.014757e+01  0.000000e+00
     vertex  6.090777e+01  6.009564e+01  0.000000e+00
   endloop
 endfacet
 facet normal -8.465874e-01 -5.322498e-01 -4.261517e-06
   outer loop
     vertex  6.084629e+01  6.019633e+01  8.000000e+00
     vertex  6.087699e+01  6.014757e+01  0.000000e+00
     vertex  6.087835e+01  6.014534e+01  8.000000e+00
   endloop
 endfacet
 facet normal -8.459413e-01 -5.332761e-01  4.474593e-06
   outer loop
     vertex  6.084629e+01  6.019633e+01  8.000000e+00
     vertex  6.084480e+01  6.019863e+01  0.000000e+00
     vertex  6.087699e+01  6.014757e+01  0.000000e+00
   endloop
 endfacet
 facet normal -8.316998e-01 -5.552255e-01 -4.464488e-06
   outer loop
     vertex  6.081285e+01  6.024643e+01  8.000000e+00
     vertex  6.084480e+01  6.019863e+01  0.000000e+00
     vertex  6.084629e+01  6.019633e+01  8.000000e+00
   endloop
 endfacet
 facet normal -8.309929e-01 -5.562829e-01  4.677083e-06
   outer loop
     vertex  6.081285e+01  6.024643e+01  8.000000e+00
     vertex  6.081122e+01  6.024879e+01  0.000000e+00
     vertex  6.084480e+01  6.019863e+01  0.000000e+00
   endloop
 endfacet
 facet normal -8.154191e-01 -5.788711e-01  4.878610e-06
   outer loop
     vertex  6.077805e+01  6.029559e+01  8.000000e+00
     vertex  6.077628e+01  6.029801e+01  0.000000e+00
     vertex  6.081122e+01  6.024879e+01  0.000000e+00
   endloop
 endfacet
 facet normal -8.161889e-01 -5.777852e-01 -4.666497e-06
   outer loop
     vertex  6.077805e+01  6.029559e+01  8.000000e+00
     vertex  6.081122e+01  6.024879e+01  0.000000e+00
     vertex  6.081285e+01  6.024643e+01  8.000000e+00
   endloop
 endfacet
 facet normal -7.992314e-01 -6.010234e-01  5.079175e-06
   outer loop
     vertex  6.074191e+01  6.034378e+01  8.000000e+00
     vertex  6.074000e+01  6.034625e+01  0.000000e+00
     vertex  6.077628e+01  6.029801e+01  0.000000e+00
   endloop
 endfacet
 facet normal -8.000662e-01 -5.999117e-01 -4.867543e-06
   outer loop
     vertex  6.074191e+01  6.034378e+01  8.000000e+00
     vertex  6.077628e+01  6.029801e+01  0.000000e+00
     vertex  6.077805e+01  6.029559e+01  8.000000e+00
   endloop
 endfacet
 facet normal -7.824421e-01 -6.227234e-01  5.278778e-06
   outer loop
     vertex  6.070448e+01  6.039096e+01  8.000000e+00
     vertex  6.070242e+01  6.039348e+01  0.000000e+00
     vertex  6.074000e+01  6.034625e+01  0.000000e+00
   endloop
 endfacet
 facet normal -7.833438e-01 -6.215886e-01 -5.067627e-06
   outer loop
     vertex  6.070448e+01  6.039096e+01  8.000000e+00
     vertex  6.074000e+01  6.034625e+01  0.000000e+00
     vertex  6.074191e+01  6.034378e+01  8.000000e+00
   endloop
 endfacet
 facet normal -7.650637e-01 -6.439545e-01  5.477418e-06
   outer loop
     vertex  6.066576e+01  6.043710e+01  8.000000e+00
     vertex  6.066355e+01  6.043966e+01  0.000000e+00
     vertex  6.070242e+01  6.039348e+01  0.000000e+00
   endloop
 endfacet
 facet normal -7.660343e-01 -6.427997e-01 -5.266748e-06
   outer loop
     vertex  6.066576e+01  6.043710e+01  8.000000e+00
     vertex  6.070242e+01  6.039348e+01  0.000000e+00
     vertex  6.070448e+01  6.039096e+01  8.000000e+00
   endloop
 endfacet
 facet normal -7.471095e-01 -6.647010e-01  5.675096e-06
   outer loop
     vertex  6.062579e+01  6.048216e+01  8.000000e+00
     vertex  6.062343e+01  6.048475e+01  0.000000e+00
     vertex  6.066355e+01  6.043966e+01  0.000000e+00
   endloop
 endfacet
 facet normal -7.481507e-01 -6.635289e-01 -5.464907e-06
   outer loop
     vertex  6.062579e+01  6.048216e+01  8.000000e+00
     vertex  6.066355e+01  6.043966e+01  0.000000e+00
     vertex  6.066576e+01  6.043710e+01  8.000000e+00
   endloop
 endfacet
 facet normal -7.285929e-01 -6.849470e-01  5.871812e-06
   outer loop
     vertex  6.058461e+01  6.052611e+01  8.000000e+00
     vertex  6.058208e+01  6.052873e+01  0.000000e+00
     vertex  6.062343e+01  6.048475e+01  0.000000e+00
   endloop
 endfacet
 facet normal -7.297062e-01 -6.837608e-01 -5.662104e-06
   outer loop
     vertex  6.058461e+01  6.052611e+01  8.000000e+00
     vertex  6.062343e+01  6.048475e+01  0.000000e+00
     vertex  6.062579e+01  6.048216e+01  8.000000e+00
   endloop
 endfacet
 facet normal -7.095278e-01 -7.046775e-01  6.067565e-06
   outer loop
     vertex  6.054224e+01  6.056891e+01  8.000000e+00
     vertex  6.053955e+01  6.057156e+01  0.000000e+00
     vertex  6.058208e+01  6.052873e+01  0.000000e+00
   endloop
 endfacet
 facet normal -7.107149e-01 -7.034802e-01 -5.858338e-06
   outer loop
     vertex  6.054224e+01  6.056891e+01  8.000000e+00
     vertex  6.058208e+01  6.052873e+01  0.000000e+00
     vertex  6.058461e+01  6.052611e+01  8.000000e+00
   endloop
 endfacet
 facet normal -6.899286e-01 -7.238775e-01  6.262356e-06
   outer loop
     vertex  6.049871e+01  6.061055e+01  8.000000e+00
     vertex  6.049585e+01  6.061320e+01  0.000000e+00
     vertex  6.053955e+01  6.057156e+01  0.000000e+00
   endloop
 endfacet
 facet normal -6.911908e-01 -7.226723e-01 -6.053610e-06
   outer loop
     vertex  6.049871e+01  6.061055e+01  8.000000e+00
     vertex  6.053955e+01  6.057156e+01  0.000000e+00
     vertex  6.054224e+01  6.056891e+01  8.000000e+00
   endloop
 endfacet
 facet normal -6.698100e-01 -7.425325e-01  6.456184e-06
   outer loop
     vertex  6.045406e+01  6.065097e+01  8.000000e+00
     vertex  6.045103e+01  6.065363e+01  0.000000e+00
     vertex  6.049585e+01  6.061320e+01  0.000000e+00
   endloop
 endfacet
 facet normal -6.711487e-01 -7.413228e-01 -6.247920e-06
   outer loop
     vertex  6.045406e+01  6.065097e+01  8.000000e+00
     vertex  6.049585e+01  6.061320e+01  0.000000e+00
     vertex  6.049871e+01  6.061055e+01  8.000000e+00
   endloop
 endfacet
 facet normal -6.491872e-01 -7.606287e-01  6.649050e-06
   outer loop
     vertex  6.040832e+01  6.069016e+01  8.000000e+00
     vertex  6.040512e+01  6.069282e+01  0.000000e+00
     vertex  6.045103e+01  6.065363e+01  0.000000e+00
   endloop
 endfacet
 facet normal -6.506035e-01 -7.594176e-01 -6.441267e-06
   outer loop
     vertex  6.040832e+01  6.069016e+01  8.000000e+00
     vertex  6.045103e+01  6.065363e+01  0.000000e+00
     vertex  6.045406e+01  6.065097e+01  8.000000e+00
   endloop
 endfacet
 facet normal -6.280757e-01 -7.781522e-01  6.840953e-06
   outer loop
     vertex  6.036153e+01  6.072807e+01  8.000000e+00
     vertex  6.035815e+01  6.073073e+01  0.000000e+00
     vertex  6.040512e+01  6.069282e+01  0.000000e+00
   endloop
 endfacet
 facet normal -6.295707e-01 -7.769432e-01 -6.633652e-06
   outer loop
     vertex  6.036153e+01  6.072807e+01  8.000000e+00
     vertex  6.040512e+01  6.069282e+01  0.000000e+00
     vertex  6.040832e+01  6.069016e+01  8.000000e+00
   endloop
 endfacet
 facet normal -6.064915e-01 -7.950900e-01  7.031895e-06
   outer loop
     vertex  6.031371e+01  6.076470e+01  8.000000e+00
     vertex  6.031016e+01  6.076734e+01  0.000000e+00
     vertex  6.035815e+01  6.073073e+01  0.000000e+00
   endloop
 endfacet
 facet normal -6.080660e-01 -7.938865e-01 -6.825074e-06
   outer loop
     vertex  6.031371e+01  6.076470e+01  8.000000e+00
     vertex  6.035815e+01  6.073073e+01  0.000000e+00
     vertex  6.036153e+01  6.072807e+01  8.000000e+00
   endloop
 endfacet
 facet normal -5.859133e-01 -8.103738e-01 -7.146792e-06
   outer loop
     vertex  6.026491e+01  6.080000e+01  6.000000e+00
     vertex  6.031016e+01  6.076734e+01  0.000000e+00
     vertex  6.031371e+01  6.076470e+01  8.000000e+00
   endloop
 endfacet
 facet normal -5.844507e-01 -8.114292e-01  9.629165e-06
   outer loop
     vertex  6.026491e+01  6.080000e+01  6.000000e+00
     vertex  6.026118e+01  6.080262e+01  0.000000e+00
     vertex  6.031016e+01  6.076734e+01  0.000000e+00
   endloop
 endfacet
 facet normal -5.861056e-01 -8.102347e-01 -1.478408e-13
   outer loop
     vertex  6.026491e+01  6.080000e+01  8.000000e+00
     vertex  6.026491e+01  6.080000e+01  6.000000e+00
     vertex  6.031371e+01  6.076470e+01  8.000000e+00
   endloop
 endfacet
 facet normal -5.637693e-01 -8.259323e-01 -9.548377e-06
   outer loop
     vertex  6.021544e+01  6.083377e+01  6.000000e+00
     vertex  6.026118e+01  6.080262e+01  0.000000e+00
     vertex  6.026491e+01  6.080000e+01  6.000000e+00
   endloop
 endfacet
 facet normal -5.619699e-01 -8.271577e-01  1.052986e-05
   outer loop
     vertex  6.021544e+01  6.083377e+01  6.000000e+00
     vertex  6.021125e+01  6.083654e+01  0.000000e+00
     vertex  6.026118e+01  6.080262e+01  0.000000e+00
   endloop
 endfacet
 facet normal -5.410774e-01 -8.409728e-01 -1.044077e-05
   outer loop
     vertex  6.016508e+01  6.086617e+01  6.000000e+00
     vertex  6.021125e+01  6.083654e+01  0.000000e+00
     vertex  6.021544e+01  6.083377e+01  6.000000e+00
   endloop
 endfacet
 facet normal -5.390661e-01 -8.422635e-01  1.141394e-05
   outer loop
     vertex  6.016508e+01  6.086617e+01  6.000000e+00
     vertex  6.016041e+01  6.086907e+01  0.000000e+00
     vertex  6.021125e+01  6.083654e+01  0.000000e+00
   endloop
 endfacet
 facet normal -5.179846e-01 -8.553900e-01 -1.131655e-05
   outer loop
     vertex  6.011384e+01  6.089720e+01  6.000000e+00
     vertex  6.016041e+01  6.086907e+01  0.000000e+00
     vertex  6.016508e+01  6.086617e+01  6.000000e+00
   endloop
 endfacet
 facet normal -5.157565e-01 -8.567352e-01  1.228142e-05
   outer loop
     vertex  6.011384e+01  6.089720e+01  6.000000e+00
     vertex  6.010870e+01  6.090021e+01  0.000000e+00
     vertex  6.016041e+01  6.086907e+01  0.000000e+00
   endloop
 endfacet
 facet normal -4.945078e-01 -8.691732e-01 -1.217572e-05
   outer loop
     vertex  6.006179e+01  6.092681e+01  6.000000e+00
     vertex  6.010870e+01  6.090021e+01  0.000000e+00
     vertex  6.011384e+01  6.089720e+01  6.000000e+00
   endloop
 endfacet
 facet normal -4.920587e-01 -8.705620e-01  1.313229e-05
   outer loop
     vertex  6.006179e+01  6.092681e+01  6.000000e+00
     vertex  6.005615e+01  6.092991e+01  0.000000e+00
     vertex  6.010870e+01  6.090021e+01  0.000000e+00
   endloop
 endfacet
 facet normal -4.706645e-01 -8.823122e-01 -1.301829e-05
   outer loop
     vertex  6.000894e+01  6.095500e+01  6.000000e+00
     vertex  6.005615e+01  6.092991e+01  0.000000e+00
     vertex  6.006179e+01  6.092681e+01  6.000000e+00
   endloop
 endfacet
 facet normal -4.679904e-01 -8.837335e-01  1.396655e-05
   outer loop
     vertex  6.000894e+01  6.095500e+01  6.000000e+00
     vertex  6.000281e+01  6.095815e+01  0.000000e+00
     vertex  6.005615e+01  6.092991e+01  0.000000e+00
   endloop
 endfacet
 facet normal -4.464724e-01 -8.947974e-01 -1.384424e-05
   outer loop
     vertex  5.995535e+01  6.098174e+01  6.000000e+00
     vertex  6.000281e+01  6.095815e+01  0.000000e+00
     vertex  6.000894e+01  6.095500e+01  6.000000e+00
   endloop
 endfacet
 facet normal -4.435699e-01 -8.962398e-01  1.478420e-05
   outer loop
     vertex  5.995535e+01  6.098174e+01  6.000000e+00
     vertex  5.994871e+01  6.098493e+01  0.000000e+00
     vertex  6.000281e+01  6.095815e+01  0.000000e+00
   endloop
 endfacet
 facet normal -4.219494e-01 -9.066194e-01 -1.465359e-05
   outer loop
     vertex  5.990105e+01  6.100701e+01  6.000000e+00
     vertex  5.994871e+01  6.098493e+01  0.000000e+00
     vertex  5.995535e+01  6.098174e+01  6.000000e+00
   endloop
 endfacet
 facet normal -4.188155e-01 -9.080714e-01  1.558524e-05
   outer loop
     vertex  5.990105e+01  6.100701e+01  6.000000e+00
     vertex  5.989390e+01  6.101021e+01  0.000000e+00
     vertex  5.994871e+01  6.098493e+01  0.000000e+00
   endloop
 endfacet
 facet normal -3.971137e-01 -9.177694e-01 -1.544633e-05
   outer loop
     vertex  5.984609e+01  6.103080e+01  6.000000e+00
     vertex  5.989390e+01  6.101021e+01  0.000000e+00
     vertex  5.990105e+01  6.100701e+01  6.000000e+00
   endloop
 endfacet
 facet normal -3.937458e-01 -9.192194e-01  1.636968e-05
   outer loop
     vertex  5.984609e+01  6.103080e+01  6.000000e+00
     vertex  5.983842e+01  6.103398e+01  0.000000e+00
     vertex  5.989390e+01  6.101021e+01  0.000000e+00
   endloop
 endfacet
 facet normal -3.719837e-01 -9.282393e-01 -1.622246e-05
   outer loop
     vertex  5.979049e+01  6.105308e+01  6.000000e+00
     vertex  5.983842e+01  6.103398e+01  0.000000e+00
     vertex  5.984609e+01  6.103080e+01  6.000000e+00
   endloop
 endfacet
 facet normal -3.683796e-01 -9.296754e-01  1.713750e-05
   outer loop
     vertex  5.979049e+01  6.105308e+01  6.000000e+00
     vertex  5.978230e+01  6.105621e+01  0.000000e+00
     vertex  5.983842e+01  6.103398e+01  0.000000e+00
   endloop
 endfacet
 facet normal -3.465780e-01 -9.380212e-01 -1.698198e-05
   outer loop
     vertex  5.973431e+01  6.107383e+01  6.000000e+00
     vertex  5.978230e+01  6.105621e+01  0.000000e+00
     vertex  5.979049e+01  6.105308e+01  6.000000e+00
   endloop
 endfacet
 facet normal -3.427362e-01 -9.394317e-01  1.788872e-05
   outer loop
     vertex  5.973431e+01  6.107383e+01  6.000000e+00
     vertex  5.972560e+01  6.107690e+01  0.000000e+00
     vertex  5.978230e+01  6.105621e+01  0.000000e+00
   endloop
 endfacet
 facet normal -3.209154e-01 -9.471079e-01 -1.772489e-05
   outer loop
     vertex  5.967759e+01  6.109305e+01  6.000000e+00
     vertex  5.972560e+01  6.107690e+01  0.000000e+00
     vertex  5.973431e+01  6.107383e+01  6.000000e+00
   endloop
 endfacet
 facet normal -3.168348e-01 -9.484807e-01  1.862333e-05
   outer loop
     vertex  5.967759e+01  6.109305e+01  6.000000e+00
     vertex  5.966835e+01  6.109602e+01  0.000000e+00
     vertex  5.972560e+01  6.107690e+01  0.000000e+00
   endloop
 endfacet
 facet normal -2.950150e-01 -9.554926e-01 -1.845119e-05
   outer loop
     vertex  5.962036e+01  6.111072e+01  6.000000e+00
     vertex  5.966835e+01  6.109602e+01  0.000000e+00
     vertex  5.967759e+01  6.109305e+01  6.000000e+00
   endloop
 endfacet
 facet normal -2.906949e-01 -9.568158e-01  1.934132e-05
   outer loop
     vertex  5.962036e+01  6.111072e+01  6.000000e+00
     vertex  5.961059e+01  6.111357e+01  0.000000e+00
     vertex  5.966835e+01  6.109602e+01  0.000000e+00
   endloop
 endfacet
 facet normal -2.688959e-01 -9.631692e-01 -1.916088e-05
   outer loop
     vertex  5.956267e+01  6.112683e+01  6.000000e+00
     vertex  5.961059e+01  6.111357e+01  0.000000e+00
     vertex  5.962036e+01  6.111072e+01  6.000000e+00
   endloop
 endfacet
 facet normal -2.643362e-01 -9.644306e-01  2.004271e-05
   outer loop
     vertex  5.956267e+01  6.112683e+01  6.000000e+00
     vertex  5.955238e+01  6.112953e+01  0.000000e+00
     vertex  5.961059e+01  6.111357e+01  0.000000e+00
   endloop
 endfacet
 facet normal -2.425776e-01 -9.701320e-01 -1.985397e-05
   outer loop
     vertex  5.950457e+01  6.114136e+01  6.000000e+00
     vertex  5.955238e+01  6.112953e+01  0.000000e+00
     vertex  5.956267e+01  6.112683e+01  6.000000e+00
   endloop
 endfacet
 facet normal -2.377784e-01 -9.713194e-01  2.072749e-05
   outer loop
     vertex  5.950457e+01  6.114136e+01  6.000000e+00
     vertex  5.949375e+01  6.114388e+01  0.000000e+00
     vertex  5.955238e+01  6.112953e+01  0.000000e+00
   endloop
 endfacet
 facet normal -2.160794e-01 -9.763758e-01 -2.053045e-05
   outer loop
     vertex  5.944609e+01  6.115430e+01  6.000000e+00
     vertex  5.949375e+01  6.114388e+01  0.000000e+00
     vertex  5.950457e+01  6.114136e+01  6.000000e+00
   endloop
 endfacet
 facet normal -2.110417e-01 -9.774771e-01  2.139567e-05
   outer loop
     vertex  5.944609e+01  6.115430e+01  6.000000e+00
     vertex  5.943475e+01  6.115662e+01  0.000000e+00
     vertex  5.949375e+01  6.114388e+01  0.000000e+00
   endloop
 endfacet
 facet normal -1.894211e-01 -9.818959e-01 -2.119031e-05
   outer loop
     vertex  5.938728e+01  6.116564e+01  6.000000e+00
     vertex  5.943475e+01  6.115662e+01  0.000000e+00
     vertex  5.944609e+01  6.115430e+01  6.000000e+00
   endloop
 endfacet
 facet normal -1.841461e-01 -9.828989e-01  2.204723e-05
   outer loop
     vertex  5.938728e+01  6.116564e+01  6.000000e+00
     vertex  5.937542e+01  6.116773e+01  0.000000e+00
     vertex  5.943475e+01  6.115662e+01  0.000000e+00
   endloop
 endfacet
 facet normal -1.626225e-01 -9.866884e-01 -2.183357e-05
   outer loop
     vertex  5.932819e+01  6.117538e+01  6.000000e+00
     vertex  5.937542e+01  6.116773e+01  0.000000e+00
     vertex  5.938728e+01  6.116564e+01  6.000000e+00
   endloop
 endfacet
 facet normal -1.571119e-01 -9.875808e-01  2.268218e-05
   outer loop
     vertex  5.932819e+01  6.117538e+01  6.000000e+00
     vertex  5.931581e+01  6.117722e+01  0.000000e+00
     vertex  5.937542e+01  6.116773e+01  0.000000e+00
   endloop
 endfacet
 facet normal -1.357033e-01 -9.907495e-01 -2.246022e-05
   outer loop
     vertex  5.926885e+01  6.118351e+01  6.000000e+00
     vertex  5.931581e+01  6.117722e+01  0.000000e+00
     vertex  5.932819e+01  6.117538e+01  6.000000e+00
   endloop
 endfacet
 facet normal -1.299594e-01 -9.915193e-01  2.330053e-05
   outer loop
     vertex  5.926885e+01  6.118351e+01  6.000000e+00
     vertex  5.925596e+01  6.118506e+01  0.000000e+00
     vertex  5.931581e+01  6.117722e+01  0.000000e+00
   endloop
 endfacet
 facet normal -1.086835e-01 -9.940764e-01 -2.307026e-05
   outer loop
     vertex  5.920931e+01  6.119002e+01  6.000000e+00
     vertex  5.925596e+01  6.118506e+01  0.000000e+00
     vertex  5.926885e+01  6.118351e+01  6.000000e+00
   endloop
 endfacet
 facet normal -1.027091e-01 -9.947114e-01  2.390226e-05
   outer loop
     vertex  5.920931e+01  6.119002e+01  6.000000e+00
     vertex  5.919592e+01  6.119126e+01  0.000000e+00
     vertex  5.925596e+01  6.118506e+01  0.000000e+00
   endloop
 endfacet
 facet normal -8.158319e-02 -9.966665e-01 -2.366369e-05
   outer loop
     vertex  5.914962e+01  6.119491e+01  6.000000e+00
     vertex  5.919592e+01  6.119126e+01  0.000000e+00
     vertex  5.920931e+01  6.119002e+01  6.000000e+00
   endloop
 endfacet
 facet normal -7.538152e-02 -9.971548e-01  2.448739e-05
   outer loop
     vertex  5.914962e+01  6.119491e+01  6.000000e+00
     vertex  5.913573e+01  6.119581e+01  0.000000e+00
     vertex  5.919592e+01  6.119126e+01  0.000000e+00
   endloop
 endfacet
 facet normal -4.799716e-02 -9.988475e-01  2.505591e-05
   outer loop
     vertex  5.908982e+01  6.119817e+01  6.000000e+00
     vertex  5.907544e+01  6.119871e+01  0.000000e+00
     vertex  5.913573e+01  6.119581e+01  0.000000e+00
   endloop
 endfacet
 facet normal -5.442241e-02 -9.985180e-01 -2.424051e-05
   outer loop
     vertex  5.908982e+01  6.119817e+01  6.000000e+00
     vertex  5.913573e+01  6.119581e+01  0.000000e+00
     vertex  5.914962e+01  6.119491e+01  6.000000e+00
   endloop
 endfacet
 facet normal -2.057667e-02 -9.997883e-01  2.560781e-05
   outer loop
     vertex  5.902995e+01  6.119980e+01  6.000000e+00
     vertex  5.901509e+01  6.119995e+01  0.000000e+00
     vertex  5.907544e+01  6.119871e+01  0.000000e+00
   endloop
 endfacet
 facet normal -2.722129e-02 -9.996294e-01 -2.480073e-05
   outer loop
     vertex  5.902995e+01  6.119980e+01  6.000000e+00
     vertex  5.907544e+01  6.119871e+01  0.000000e+00
     vertex  5.908982e+01  6.119817e+01  6.000000e+00
   endloop
 endfacet
 facet normal  6.859319e-03 -9.999765e-01  2.614311e-05
   outer loop
     vertex  5.897005e+01  6.119980e+01  6.000000e+00
     vertex  5.895473e+01  6.119953e+01  0.000000e+00
     vertex  5.901509e+01  6.119995e+01  0.000000e+00
   endloop
 endfacet
 facet normal  0.000000e+00 -1.000000e+00 -2.534433e-05
   outer loop
     vertex  5.897005e+01  6.119980e+01  6.000000e+00
     vertex  5.901509e+01  6.119995e+01  0.000000e+00
     vertex  5.902995e+01  6.119980e+01  6.000000e+00
   endloop
 endfacet
 facet normal  2.722129e-02 -9.996294e-01 -2.587132e-05
   outer loop
     vertex  5.891018e+01  6.119817e+01  6.000000e+00
     vertex  5.895473e+01  6.119953e+01  0.000000e+00
     vertex  5.897005e+01  6.119980e+01  6.000000e+00
   endloop
 endfacet
 facet normal  3.429014e-02 -9.994119e-01  2.666180e-05
   outer loop
     vertex  5.891018e+01  6.119817e+01  6.000000e+00
     vertex  5.889441e+01  6.119746e+01  0.000000e+00
     vertex  5.895473e+01  6.119953e+01  0.000000e+00
   endloop
 endfacet
 facet normal  5.442241e-02 -9.985180e-01 -2.638171e-05
   outer loop
     vertex  5.885038e+01  6.119491e+01  6.000000e+00
     vertex  5.889441e+01  6.119746e+01  0.000000e+00
     vertex  5.891018e+01  6.119817e+01  6.000000e+00
   endloop
 endfacet
 facet normal  6.169515e-02 -9.980950e-01  2.716388e-05
   outer loop
     vertex  5.885038e+01  6.119491e+01  6.000000e+00
     vertex  5.883416e+01  6.119374e+01  0.000000e+00
     vertex  5.889441e+01  6.119746e+01  0.000000e+00
   endloop
 endfacet
 facet normal  8.158319e-02 -9.966665e-01 -2.687548e-05
   outer loop
     vertex  5.879069e+01  6.119002e+01  6.000000e+00
     vertex  5.883416e+01  6.119374e+01  0.000000e+00
     vertex  5.885038e+01  6.119491e+01  6.000000e+00
   endloop
 endfacet
 facet normal  8.905371e-02 -9.960268e-01  2.764935e-05
   outer loop
     vertex  5.879069e+01  6.119002e+01  6.000000e+00
     vertex  5.877404e+01  6.118837e+01  0.000000e+00
     vertex  5.883416e+01  6.119374e+01  0.000000e+00
   endloop
 endfacet
 facet normal  1.086835e-01 -9.940764e-01 -2.735265e-05
   outer loop
     vertex  5.873115e+01  6.118351e+01  6.000000e+00
     vertex  5.877404e+01  6.118837e+01  0.000000e+00
     vertex  5.879069e+01  6.119002e+01  6.000000e+00
   endloop
 endfacet
 facet normal  1.163452e-01 -9.932088e-01  2.811821e-05
   outer loop
     vertex  5.873115e+01  6.118351e+01  6.000000e+00
     vertex  5.871409e+01  6.118134e+01  0.000000e+00
     vertex  5.877404e+01  6.118837e+01  0.000000e+00
   endloop
 endfacet
 facet normal  1.357033e-01 -9.907495e-01 -2.781321e-05
   outer loop
     vertex  5.867181e+01  6.117538e+01  6.000000e+00
     vertex  5.871409e+01  6.118134e+01  0.000000e+00
     vertex  5.873115e+01  6.118351e+01  6.000000e+00
   endloop
 endfacet
 facet normal  1.435492e-01 -9.896432e-01  2.857047e-05
   outer loop
     vertex  5.867181e+01  6.117538e+01  6.000000e+00
     vertex  5.865435e+01  6.117268e+01  0.000000e+00
     vertex  5.871409e+01  6.118134e+01  0.000000e+00
   endloop
 endfacet
 facet normal  1.626225e-01 -9.866884e-01 -2.825715e-05
   outer loop
     vertex  5.861272e+01  6.116564e+01  6.000000e+00
     vertex  5.865435e+01  6.117268e+01  0.000000e+00
     vertex  5.867181e+01  6.117538e+01  6.000000e+00
   endloop
 endfacet
 facet normal  1.706451e-01 -9.853326e-01  2.900611e-05
   outer loop
     vertex  5.861272e+01  6.116564e+01  6.000000e+00
     vertex  5.859488e+01  6.116238e+01  0.000000e+00
     vertex  5.865435e+01  6.117268e+01  0.000000e+00
   endloop
 endfacet
 facet normal  1.894211e-01 -9.818959e-01 -2.868449e-05
   outer loop
     vertex  5.855391e+01  6.115430e+01  6.000000e+00
     vertex  5.859488e+01  6.116238e+01  0.000000e+00
     vertex  5.861272e+01  6.116564e+01  6.000000e+00
   endloop
 endfacet
 facet normal  1.976125e-01 -9.802802e-01  2.942514e-05
   outer loop
     vertex  5.855391e+01  6.115430e+01  6.000000e+00
     vertex  5.853571e+01  6.115045e+01  0.000000e+00
     vertex  5.859488e+01  6.116238e+01  0.000000e+00
   endloop
 endfacet
 facet normal  2.244312e-01 -9.744899e-01  2.982757e-05
   outer loop
     vertex  5.849543e+01  6.114136e+01  6.000000e+00
     vertex  5.847689e+01  6.113690e+01  0.000000e+00
     vertex  5.853571e+01  6.115045e+01  0.000000e+00
   endloop
 endfacet
 facet normal  2.160794e-01 -9.763758e-01 -2.909522e-05
   outer loop
     vertex  5.849543e+01  6.114136e+01  6.000000e+00
     vertex  5.853571e+01  6.115045e+01  0.000000e+00
     vertex  5.855391e+01  6.115430e+01  6.000000e+00
   endloop
 endfacet
 facet normal  2.510809e-01 -9.679661e-01  3.021338e-05
   outer loop
     vertex  5.843733e+01  6.112683e+01  6.000000e+00
     vertex  5.841846e+01  6.112175e+01  0.000000e+00
     vertex  5.847689e+01  6.113690e+01  0.000000e+00
   endloop
 endfacet
 facet normal  2.425776e-01 -9.701320e-01 -2.948934e-05
   outer loop
     vertex  5.843733e+01  6.112683e+01  6.000000e+00
     vertex  5.847689e+01  6.113690e+01  0.000000e+00
     vertex  5.849543e+01  6.114136e+01  6.000000e+00
   endloop
 endfacet
 facet normal  2.775416e-01 -9.607136e-01  3.058259e-05
   outer loop
     vertex  5.837964e+01  6.111072e+01  6.000000e+00
     vertex  5.836047e+01  6.110499e+01  0.000000e+00
     vertex  5.841846e+01  6.112175e+01  0.000000e+00
   endloop
 endfacet
 facet normal  2.688959e-01 -9.631692e-01 -2.986685e-05
   outer loop
     vertex  5.837964e+01  6.111072e+01  6.000000e+00
     vertex  5.841846e+01  6.112175e+01  0.000000e+00
     vertex  5.843733e+01  6.112683e+01  6.000000e+00
   endloop
 endfacet
 facet normal  3.037934e-01 -9.527379e-01  3.093519e-05
   outer loop
     vertex  5.832241e+01  6.109305e+01  6.000000e+00
     vertex  5.830296e+01  6.108666e+01  0.000000e+00
     vertex  5.836047e+01  6.110499e+01  0.000000e+00
   endloop
 endfacet
 facet normal  2.950150e-01 -9.554926e-01 -3.022775e-05
   outer loop
     vertex  5.832241e+01  6.109305e+01  6.000000e+00
     vertex  5.836047e+01  6.110499e+01  0.000000e+00
     vertex  5.837964e+01  6.111072e+01  6.000000e+00
   endloop
 endfacet
 facet normal  3.298166e-01 -9.440450e-01  3.127117e-05
   outer loop
     vertex  5.826569e+01  6.107383e+01  6.000000e+00
     vertex  5.824598e+01  6.106675e+01  0.000000e+00
     vertex  5.830296e+01  6.108666e+01  0.000000e+00
   endloop
 endfacet
 facet normal  3.209154e-01 -9.471079e-01 -3.057204e-05
   outer loop
     vertex  5.826569e+01  6.107383e+01  6.000000e+00
     vertex  5.830296e+01  6.108666e+01  0.000000e+00
     vertex  5.832241e+01  6.109305e+01  6.000000e+00
   endloop
 endfacet
 facet normal  3.555914e-01 -9.346415e-01  3.159055e-05
   outer loop
     vertex  5.820951e+01  6.105308e+01  6.000000e+00
     vertex  5.818956e+01  6.104529e+01  0.000000e+00
     vertex  5.824598e+01  6.106675e+01  0.000000e+00
   endloop
 endfacet
 facet normal  3.465780e-01 -9.380212e-01 -3.089973e-05
   outer loop
     vertex  5.820951e+01  6.105308e+01  6.000000e+00
     vertex  5.824598e+01  6.106675e+01  0.000000e+00
     vertex  5.826569e+01  6.107383e+01  6.000000e+00
   endloop
 endfacet
 facet normal  3.810986e-01 -9.245344e-01  3.189332e-05
   outer loop
     vertex  5.815391e+01  6.103080e+01  6.000000e+00
     vertex  5.813376e+01  6.102228e+01  0.000000e+00
     vertex  5.818956e+01  6.104529e+01  0.000000e+00
   endloop
 endfacet
 facet normal  3.719837e-01 -9.282393e-01 -3.121080e-05
   outer loop
     vertex  5.815391e+01  6.103080e+01  6.000000e+00
     vertex  5.818956e+01  6.104529e+01  0.000000e+00
     vertex  5.820951e+01  6.105308e+01  6.000000e+00
   endloop
 endfacet
 facet normal  4.063188e-01 -9.137314e-01  3.217948e-05
   outer loop
     vertex  5.809895e+01  6.100701e+01  6.000000e+00
     vertex  5.807861e+01  6.099776e+01  0.000000e+00
     vertex  5.813376e+01  6.102228e+01  0.000000e+00
   endloop
 endfacet
 facet normal  3.971137e-01 -9.177694e-01 -3.150526e-05
   outer loop
     vertex  5.809895e+01  6.100701e+01  6.000000e+00
     vertex  5.813376e+01  6.102228e+01  0.000000e+00
     vertex  5.815391e+01  6.103080e+01  6.000000e+00
   endloop
 endfacet
 facet normal  4.312333e-01 -9.022405e-01  3.244902e-05
   outer loop
     vertex  5.804465e+01  6.098174e+01  6.000000e+00
     vertex  5.802415e+01  6.097173e+01  0.000000e+00
     vertex  5.807861e+01  6.099776e+01  0.000000e+00
   endloop
 endfacet
 facet normal  4.219494e-01 -9.066194e-01 -3.178312e-05
   outer loop
     vertex  5.804465e+01  6.098174e+01  6.000000e+00
     vertex  5.807861e+01  6.099776e+01  0.000000e+00
     vertex  5.809895e+01  6.100701e+01  6.000000e+00
   endloop
 endfacet
 facet normal  4.558231e-01 -8.900704e-01  3.270196e-05
   outer loop
     vertex  5.799106e+01  6.095500e+01  6.000000e+00
     vertex  5.797042e+01  6.094421e+01  0.000000e+00
     vertex  5.802415e+01  6.097173e+01  0.000000e+00
   endloop
 endfacet
 facet normal  4.464724e-01 -8.947974e-01 -3.204436e-05
   outer loop
     vertex  5.799106e+01  6.095500e+01  6.000000e+00
     vertex  5.802415e+01  6.097173e+01  0.000000e+00
     vertex  5.804465e+01  6.098174e+01  6.000000e+00
   endloop
 endfacet
 facet normal  4.800697e-01 -8.772303e-01  3.293829e-05
   outer loop
     vertex  5.793821e+01  6.092681e+01  6.000000e+00
     vertex  5.791747e+01  6.091524e+01  0.000000e+00
     vertex  5.797042e+01  6.094421e+01  0.000000e+00
   endloop
 endfacet
 facet normal  4.706645e-01 -8.823122e-01 -3.228899e-05
   outer loop
     vertex  5.793821e+01  6.092681e+01  6.000000e+00
     vertex  5.797042e+01  6.094421e+01  0.000000e+00
     vertex  5.799106e+01  6.095500e+01  6.000000e+00
   endloop
 endfacet
 facet normal  5.039550e-01 -8.637299e-01  3.315801e-05
   outer loop
     vertex  5.788616e+01  6.089720e+01  6.000000e+00
     vertex  5.786534e+01  6.088482e+01  0.000000e+00
     vertex  5.791747e+01  6.091524e+01  0.000000e+00
   endloop
 endfacet
 facet normal  4.945078e-01 -8.691732e-01 -3.251702e-05
   outer loop
     vertex  5.788616e+01  6.089720e+01  6.000000e+00
     vertex  5.791747e+01  6.091524e+01  0.000000e+00
     vertex  5.793821e+01  6.092681e+01  6.000000e+00
   endloop
 endfacet
 facet normal  5.274609e-01 -8.495793e-01  3.336112e-05
   outer loop
     vertex  5.783492e+01  6.086617e+01  6.000000e+00
     vertex  5.781405e+01  6.085298e+01  0.000000e+00
     vertex  5.786534e+01  6.088482e+01  0.000000e+00
   endloop
 endfacet
 facet normal  5.179846e-01 -8.553900e-01 -3.272844e-05
   outer loop
     vertex  5.783492e+01  6.086617e+01  6.000000e+00
     vertex  5.786534e+01  6.088482e+01  0.000000e+00
     vertex  5.788616e+01  6.089720e+01  6.000000e+00
   endloop
 endfacet
 facet normal  5.505698e-01 -8.347891e-01  3.354763e-05
   outer loop
     vertex  5.778456e+01  6.083377e+01  6.000000e+00
     vertex  5.776367e+01  6.081975e+01  0.000000e+00
     vertex  5.781405e+01  6.085298e+01  0.000000e+00
   endloop
 endfacet
 facet normal  5.410774e-01 -8.409728e-01 -3.292324e-05
   outer loop
     vertex  5.778456e+01  6.083377e+01  6.000000e+00
     vertex  5.781405e+01  6.085298e+01  0.000000e+00
     vertex  5.783492e+01  6.086617e+01  6.000000e+00
   endloop
 endfacet
 facet normal  5.732642e-01 -8.193706e-01  3.371752e-05
   outer loop
     vertex  5.773509e+01  6.080000e+01  6.000000e+00
     vertex  5.771421e+01  6.078514e+01  0.000000e+00
     vertex  5.776367e+01  6.081975e+01  0.000000e+00
   endloop
 endfacet
 facet normal  5.637693e-01 -8.259323e-01 -3.310144e-05
   outer loop
     vertex  5.773509e+01  6.080000e+01  6.000000e+00
     vertex  5.776367e+01  6.081975e+01  0.000000e+00
     vertex  5.778456e+01  6.083377e+01  6.000000e+00
   endloop
 endfacet
 facet normal  5.955271e-01 -8.033352e-01  2.555256e-05
   outer loop
     vertex  5.768712e+01  6.076532e+01  8.000000e+00
     vertex  5.766572e+01  6.074920e+01  0.000000e+00
     vertex  5.771421e+01  6.078514e+01  0.000000e+00
   endloop
 endfacet
 facet normal  5.859136e-01 -8.103735e-01 -1.477924e-13
   outer loop
     vertex  5.768712e+01  6.076532e+01  8.000000e+00
     vertex  5.773509e+01  6.080000e+01  6.000000e+00
     vertex  5.773509e+01  6.080000e+01  8.000000e+00
   endloop
 endfacet
 facet normal  5.851337e-01 -8.109368e-01 -2.847067e-05
   outer loop
     vertex  5.768712e+01  6.076532e+01  8.000000e+00
     vertex  5.771421e+01  6.078514e+01  0.000000e+00
     vertex  5.773509e+01  6.080000e+01  6.000000e+00
   endloop
 endfacet
 facet normal  6.173417e-01 -7.866951e-01  2.573886e-05
   outer loop
     vertex  5.764011e+01  6.072936e+01  8.000000e+00
     vertex  5.761823e+01  6.071193e+01  0.000000e+00
     vertex  5.766572e+01  6.074920e+01  0.000000e+00
   endloop
 endfacet
 facet normal  6.075017e-01 -7.943184e-01 -2.465992e-05
   outer loop
     vertex  5.764011e+01  6.072936e+01  8.000000e+00
     vertex  5.766572e+01  6.074920e+01  0.000000e+00
     vertex  5.768712e+01  6.076532e+01  8.000000e+00
   endloop
 endfacet
 facet normal  6.386916e-01 -7.694628e-01  2.584705e-05
   outer loop
     vertex  5.759408e+01  6.069216e+01  8.000000e+00
     vertex  5.757179e+01  6.067338e+01  0.000000e+00
     vertex  5.761823e+01  6.071193e+01  0.000000e+00
   endloop
 endfacet
 facet normal  6.286500e-01 -7.776884e-01 -2.480716e-05
   outer loop
     vertex  5.759408e+01  6.069216e+01  8.000000e+00
     vertex  5.761823e+01  6.071193e+01  0.000000e+00
     vertex  5.764011e+01  6.072936e+01  8.000000e+00
   endloop
 endfacet
 facet normal  6.493433e-01 -7.604954e-01 -2.487629e-05
   outer loop
     vertex  5.754907e+01  6.065372e+01  8.000000e+00
     vertex  5.757179e+01  6.067338e+01  0.000000e+00
     vertex  5.759408e+01  6.069216e+01  8.000000e+00
   endloop
 endfacet
 facet normal  6.595607e-01 -7.516513e-01  2.587712e-05
   outer loop
     vertex  5.754907e+01  6.065372e+01  8.000000e+00
     vertex  5.752642e+01  6.063357e+01  0.000000e+00
     vertex  5.757179e+01  6.067338e+01  0.000000e+00
   endloop
 endfacet
 facet normal  6.695666e-01 -7.427520e-01 -2.486731e-05
   outer loop
     vertex  5.750511e+01  6.061409e+01  8.000000e+00
     vertex  5.752642e+01  6.063357e+01  0.000000e+00
     vertex  5.754907e+01  6.065372e+01  8.000000e+00
   endloop
 endfacet
 facet normal  6.799333e-01 -7.332740e-01  2.582908e-05
   outer loop
     vertex  5.750511e+01  6.061409e+01  8.000000e+00
     vertex  5.748216e+01  6.059253e+01  0.000000e+00
     vertex  5.752642e+01  6.063357e+01  0.000000e+00
   endloop
 endfacet
 facet normal  6.893052e-01 -7.244710e-01 -2.478021e-05
   outer loop
     vertex  5.746223e+01  6.057329e+01  8.000000e+00
     vertex  5.748216e+01  6.059253e+01  0.000000e+00
     vertex  5.750511e+01  6.061409e+01  8.000000e+00
   endloop
 endfacet
 facet normal  6.997940e-01 -7.143447e-01  2.570293e-05
   outer loop
     vertex  5.746223e+01  6.057329e+01  8.000000e+00
     vertex  5.743904e+01  6.055029e+01  0.000000e+00
     vertex  5.748216e+01  6.059253e+01  0.000000e+00
   endloop
 endfacet
 facet normal  7.085450e-01 -7.056657e-01 -2.461500e-05
   outer loop
     vertex  5.742046e+01  6.053136e+01  8.000000e+00
     vertex  5.743904e+01  6.055029e+01  0.000000e+00
     vertex  5.746223e+01  6.057329e+01  8.000000e+00
   endloop
 endfacet
 facet normal  7.191280e-01 -6.948776e-01  2.549865e-05
   outer loop
     vertex  5.742046e+01  6.053136e+01  8.000000e+00
     vertex  5.739710e+01  6.050688e+01  0.000000e+00
     vertex  5.743904e+01  6.055029e+01  0.000000e+00
   endloop
 endfacet
 facet normal  7.272718e-01 -6.863495e-01 -2.437167e-05
   outer loop
     vertex  5.737983e+01  6.048831e+01  8.000000e+00
     vertex  5.739710e+01  6.050688e+01  0.000000e+00
     vertex  5.742046e+01  6.053136e+01  8.000000e+00
   endloop
 endfacet
 facet normal  7.379206e-01 -6.748875e-01  2.521627e-05
   outer loop
     vertex  5.737983e+01  6.048831e+01  8.000000e+00
     vertex  5.735636e+01  6.046234e+01  0.000000e+00
     vertex  5.739710e+01  6.050688e+01  0.000000e+00
   endloop
 endfacet
 facet normal  7.561578e-01 -6.543893e-01  2.485576e-05
   outer loop
     vertex  5.734038e+01  6.044419e+01  8.000000e+00
     vertex  5.731686e+01  6.041670e+01  0.000000e+00
     vertex  5.735636e+01  6.046234e+01  0.000000e+00
   endloop
 endfacet
 facet normal  7.454723e-01 -6.665366e-01 -2.405022e-05
   outer loop
     vertex  5.734038e+01  6.044419e+01  8.000000e+00
     vertex  5.735636e+01  6.046234e+01  0.000000e+00
     vertex  5.737983e+01  6.048831e+01  8.000000e+00
   endloop
 endfacet
 facet normal  7.738257e-01 -6.333986e-01  2.441715e-05
   outer loop
     vertex  5.730213e+01  6.039902e+01  8.000000e+00
     vertex  5.727863e+01  6.036999e+01  0.000000e+00
     vertex  5.731686e+01  6.041670e+01  0.000000e+00
   endloop
 endfacet
 facet normal  7.631332e-01 -6.462412e-01 -2.365066e-05
   outer loop
     vertex  5.730213e+01  6.039902e+01  8.000000e+00
     vertex  5.731686e+01  6.041670e+01  0.000000e+00
     vertex  5.734038e+01  6.044419e+01  8.000000e+00
   endloop
 endfacet
 facet normal  7.909112e-01 -6.119310e-01  2.390042e-05
   outer loop
     vertex  5.726511e+01  6.035284e+01  8.000000e+00
     vertex  5.724169e+01  6.032225e+01  0.000000e+00
     vertex  5.727863e+01  6.036999e+01  0.000000e+00
   endloop
 endfacet
 facet normal  7.802417e-01 -6.254781e-01 -2.317299e-05
   outer loop
     vertex  5.726511e+01  6.035284e+01  8.000000e+00
     vertex  5.727863e+01  6.036999e+01  0.000000e+00
     vertex  5.730213e+01  6.039902e+01  8.000000e+00
   endloop
 endfacet
 facet normal  8.074012e-01 -5.900028e-01  2.330557e-05
   outer loop
     vertex  5.722935e+01  6.030568e+01  8.000000e+00
     vertex  5.720608e+01  6.027352e+01  0.000000e+00
     vertex  5.724169e+01  6.032225e+01  0.000000e+00
   endloop
 endfacet
 facet normal  7.967855e-01 -6.042622e-01 -2.261720e-05
   outer loop
     vertex  5.722935e+01  6.030568e+01  8.000000e+00
     vertex  5.724169e+01  6.032225e+01  0.000000e+00
     vertex  5.726511e+01  6.035284e+01  8.000000e+00
   endloop
 endfacet
 facet normal  8.232835e-01 -5.676304e-01  2.263261e-05
   outer loop
     vertex  5.719486e+01  6.025757e+01  8.000000e+00
     vertex  5.717182e+01  6.022382e+01  0.000000e+00
     vertex  5.720608e+01  6.027352e+01  0.000000e+00
   endloop
 endfacet
 facet normal  8.127526e-01 -5.826090e-01 -2.198330e-05
   outer loop
     vertex  5.719486e+01  6.025757e+01  8.000000e+00
     vertex  5.720608e+01  6.027352e+01  0.000000e+00
     vertex  5.722935e+01  6.030568e+01  8.000000e+00
   endloop
 endfacet
 facet normal  8.385460e-01 -5.448308e-01  2.188154e-05
   outer loop
     vertex  5.716169e+01  6.020856e+01  8.000000e+00
     vertex  5.713893e+01  6.017321e+01  0.000000e+00
     vertex  5.717182e+01  6.022382e+01  0.000000e+00
   endloop
 endfacet
 facet normal  8.281314e-01 -5.605340e-01 -2.127128e-05
   outer loop
     vertex  5.716169e+01  6.020856e+01  8.000000e+00
     vertex  5.717182e+01  6.022382e+01  0.000000e+00
     vertex  5.719486e+01  6.025757e+01  8.000000e+00
   endloop
 endfacet
 facet normal  8.531773e-01 -5.216210e-01  2.105235e-05
   outer loop
     vertex  5.712984e+01  6.015867e+01  8.000000e+00
     vertex  5.710744e+01  6.012171e+01  0.000000e+00
     vertex  5.713893e+01  6.017321e+01  0.000000e+00
   endloop
 endfacet
 facet normal  8.429108e-01 -5.380534e-01 -2.048115e-05
   outer loop
     vertex  5.712984e+01  6.015867e+01  8.000000e+00
     vertex  5.713893e+01  6.017321e+01  0.000000e+00
     vertex  5.716169e+01  6.020856e+01  8.000000e+00
   endloop
 endfacet
 facet normal  8.671664e-01 -4.980186e-01  2.014504e-05
   outer loop
     vertex  5.709935e+01  6.010794e+01  8.000000e+00
     vertex  5.707738e+01  6.006937e+01  0.000000e+00
     vertex  5.710744e+01  6.012171e+01  0.000000e+00
   endloop
 endfacet
 facet normal  8.570800e-01 -5.151833e-01 -1.961290e-05
   outer loop
     vertex  5.709935e+01  6.010794e+01  8.000000e+00
     vertex  5.710744e+01  6.012171e+01  0.000000e+00
     vertex  5.712984e+01  6.015867e+01  8.000000e+00
   endloop
 endfacet
 facet normal  8.805026e-01 -4.740412e-01  1.915963e-05
   outer loop
     vertex  5.707023e+01  6.005641e+01  8.000000e+00
     vertex  5.704877e+01  6.001622e+01  0.000000e+00
     vertex  5.707738e+01  6.006937e+01  0.000000e+00
   endloop
 endfacet
 facet normal  8.706289e-01 -4.919403e-01 -1.866654e-05
   outer loop
     vertex  5.707023e+01  6.005641e+01  8.000000e+00
     vertex  5.707738e+01  6.006937e+01  0.000000e+00
     vertex  5.709935e+01  6.010794e+01  8.000000e+00
   endloop
 endfacet
 facet normal  8.931761e-01 -4.497071e-01  1.809610e-05
   outer loop
     vertex  5.704251e+01  6.000411e+01  8.000000e+00
     vertex  5.702163e+01  5.996231e+01  0.000000e+00
     vertex  5.704877e+01  6.001622e+01  0.000000e+00
   endloop
 endfacet
 facet normal  8.835477e-01 -4.683412e-01 -1.764207e-05
   outer loop
     vertex  5.704251e+01  6.000411e+01  8.000000e+00
     vertex  5.704877e+01  6.001622e+01  0.000000e+00
     vertex  5.707023e+01  6.005641e+01  8.000000e+00
   endloop
 endfacet
 facet normal  9.051772e-01 -4.250344e-01  1.695446e-05
   outer loop
     vertex  5.701621e+01  5.995109e+01  8.000000e+00
     vertex  5.699597e+01  5.990767e+01  0.000000e+00
     vertex  5.702163e+01  5.996231e+01  0.000000e+00
   endloop
 endfacet
 facet normal  8.958269e-01 -4.444032e-01 -1.653948e-05
   outer loop
     vertex  5.701621e+01  5.995109e+01  8.000000e+00
     vertex  5.702163e+01  5.996231e+01  0.000000e+00
     vertex  5.704251e+01  6.000411e+01  8.000000e+00
   endloop
 endfacet
 facet normal  9.164969e-01 -4.000417e-01  1.573470e-05
   outer loop
     vertex  5.699134e+01  5.989738e+01  8.000000e+00
     vertex  5.697182e+01  5.985235e+01  0.000000e+00
     vertex  5.699597e+01  5.990767e+01  0.000000e+00
   endloop
 endfacet
 facet normal  9.074577e-01 -4.201435e-01 -1.535879e-05
   outer loop
     vertex  5.699134e+01  5.989738e+01  8.000000e+00
     vertex  5.699597e+01  5.990767e+01  0.000000e+00
     vertex  5.701621e+01  5.995109e+01  8.000000e+00
   endloop
 endfacet
 facet normal  9.271267e-01 -3.747479e-01  1.443684e-05
   outer loop
     vertex  5.696793e+01  5.984302e+01  8.000000e+00
     vertex  5.694920e+01  5.979639e+01  0.000000e+00
     vertex  5.697182e+01  5.985235e+01  0.000000e+00
   endloop
 endfacet
 facet normal  9.184317e-01 -3.955796e-01 -1.409998e-05
   outer loop
     vertex  5.696793e+01  5.984302e+01  8.000000e+00
     vertex  5.697182e+01  5.985235e+01  0.000000e+00
     vertex  5.699134e+01  5.989738e+01  8.000000e+00
   endloop
 endfacet
 facet normal  9.370586e-01 -3.491720e-01  1.306086e-05
   outer loop
     vertex  5.694598e+01  5.978805e+01  8.000000e+00
     vertex  5.692813e+01  5.973983e+01  0.000000e+00
     vertex  5.694920e+01  5.979639e+01  0.000000e+00
   endloop
 endfacet
 facet normal  9.287409e-01 -3.707295e-01 -1.276305e-05
   outer loop
     vertex  5.694598e+01  5.978805e+01  8.000000e+00
     vertex  5.694920e+01  5.979639e+01  0.000000e+00
     vertex  5.696793e+01  5.984302e+01  8.000000e+00
   endloop
 endfacet
 facet normal  9.462851e-01 -3.233333e-01  1.160677e-05
   outer loop
     vertex  5.692553e+01  5.973250e+01  8.000000e+00
     vertex  5.690861e+01  5.968271e+01  0.000000e+00
     vertex  5.692813e+01  5.973983e+01  0.000000e+00
   endloop
 endfacet
 facet normal  9.383779e-01 -3.456110e-01 -1.134802e-05
   outer loop
     vertex  5.692553e+01  5.973250e+01  8.000000e+00
     vertex  5.692813e+01  5.973983e+01  0.000000e+00
     vertex  5.694598e+01  5.978805e+01  8.000000e+00
   endloop
 endfacet
 facet normal  9.547993e-01 -2.972512e-01  1.007456e-05
   outer loop
     vertex  5.690657e+01  5.967643e+01  8.000000e+00
     vertex  5.689067e+01  5.962507e+01  0.000000e+00
     vertex  5.690861e+01  5.968271e+01  0.000000e+00
   endloop
 endfacet
 facet normal  9.473356e-01 -3.202424e-01 -9.854871e-06
   outer loop
     vertex  5.690657e+01  5.967643e+01  8.000000e+00
     vertex  5.690861e+01  5.968271e+01  0.000000e+00
     vertex  5.692553e+01  5.973250e+01  8.000000e+00
   endloop
 endfacet
 facet normal  9.625948e-01 -2.709453e-01  8.464252e-06
   outer loop
     vertex  5.688913e+01  5.961987e+01  8.000000e+00
     vertex  5.687431e+01  5.956697e+01  0.000000e+00
     vertex  5.689067e+01  5.962507e+01  0.000000e+00
   endloop
 endfacet
 facet normal  9.556077e-01 -2.946419e-01 -8.283614e-06
   outer loop
     vertex  5.688913e+01  5.961987e+01  8.000000e+00
     vertex  5.689067e+01  5.962507e+01  0.000000e+00
     vertex  5.690657e+01  5.967643e+01  8.000000e+00
   endloop
 endfacet
 facet normal  9.696656e-01 -2.444354e-01  6.775829e-06
   outer loop
     vertex  5.687322e+01  5.956286e+01  8.000000e+00
     vertex  5.685956e+01  5.950844e+01  0.000000e+00
     vertex  5.687431e+01  5.956697e+01  0.000000e+00
   endloop
 endfacet
 facet normal  9.631881e-01 -2.688282e-01 -6.634247e-06
   outer loop
     vertex  5.687322e+01  5.956286e+01  8.000000e+00
     vertex  5.687431e+01  5.956697e+01  0.000000e+00
     vertex  5.688913e+01  5.961987e+01  8.000000e+00
   endloop
 endfacet
 facet normal  9.760065e-01 -2.177416e-01  5.009297e-06
   outer loop
     vertex  5.685885e+01  5.950545e+01  8.000000e+00
     vertex  5.684642e+01  5.944953e+01  0.000000e+00
     vertex  5.685956e+01  5.950844e+01  0.000000e+00
   endloop
 endfacet
 facet normal  9.700714e-01 -2.428200e-01 -4.906769e-06
   outer loop
     vertex  5.685885e+01  5.950545e+01  8.000000e+00
     vertex  5.685956e+01  5.950844e+01  0.000000e+00
     vertex  5.687322e+01  5.956286e+01  8.000000e+00
   endloop
 endfacet
 facet normal  9.816126e-01 -1.908838e-01  3.164656e-06
   outer loop
     vertex  5.684603e+01  5.944766e+01  8.000000e+00
     vertex  5.683489e+01  5.939028e+01  0.000000e+00
     vertex  5.684642e+01  5.944953e+01  0.000000e+00
   endloop
 endfacet
 facet normal  9.762525e-01 -2.166359e-01 -3.101182e-06
   outer loop
     vertex  5.684603e+01  5.944766e+01  8.000000e+00
     vertex  5.684642e+01  5.944953e+01  0.000000e+00
     vertex  5.685885e+01  5.950545e+01  8.000000e+00
   endloop
 endfacet
 facet normal  9.817269e-01 -1.902951e-01 -1.217487e-06
   outer loop
     vertex  5.683476e+01  5.938956e+01  8.000000e+00
     vertex  5.683489e+01  5.939028e+01  0.000000e+00
     vertex  5.684603e+01  5.944766e+01  8.000000e+00
   endloop
 endfacet
 facet normal  9.864799e-01 -1.638824e-01  1.241906e-06
   outer loop
     vertex  5.683476e+01  5.938956e+01  8.000000e+00
     vertex  5.682500e+01  5.933074e+01  0.000000e+00
     vertex  5.683489e+01  5.939028e+01  0.000000e+00
   endloop
 endfacet
 facet normal  9.864908e-01 -1.638165e-01  7.443176e-07
   outer loop
     vertex  5.682507e+01  5.933117e+01  8.000000e+00
     vertex  5.682500e+01  5.933074e+01  0.000000e+00
     vertex  5.683476e+01  5.938956e+01  8.000000e+00
   endloop
 endfacet
 facet normal  9.905407e-01 -1.372194e-01 -7.333489e-07
   outer loop
     vertex  5.681695e+01  5.927254e+01  8.000000e+00
     vertex  5.682500e+01  5.933074e+01  0.000000e+00
     vertex  5.682507e+01  5.933117e+01  8.000000e+00
   endloop
 endfacet
 facet normal  9.906046e-01 -1.367575e-01  2.690302e-06
   outer loop
     vertex  5.681695e+01  5.927254e+01  8.000000e+00
     vertex  5.681675e+01  5.927094e+01  0.000000e+00
     vertex  5.682500e+01  5.933074e+01  0.000000e+00
   endloop
 endfacet
 facet normal  9.938736e-01 -1.105229e-01 -2.636612e-06
   outer loop
     vertex  5.681041e+01  5.921372e+01  8.000000e+00
     vertex  5.681675e+01  5.927094e+01  0.000000e+00
     vertex  5.681695e+01  5.927254e+01  8.000000e+00
   endloop
 endfacet
 facet normal  9.939835e-01 -1.095298e-01  4.554511e-06
   outer loop
     vertex  5.681041e+01  5.921372e+01  8.000000e+00
     vertex  5.681014e+01  5.921094e+01  0.000000e+00
     vertex  5.681675e+01  5.927094e+01  0.000000e+00
   endloop
 endfacet
 facet normal  9.964871e-01 -8.374641e-02 -4.461767e-06
   outer loop
     vertex  5.680545e+01  5.915474e+01  8.000000e+00
     vertex  5.681014e+01  5.921094e+01  0.000000e+00
     vertex  5.681041e+01  5.921372e+01  8.000000e+00
   endloop
 endfacet
 facet normal  9.966142e-01 -8.221955e-02  6.340611e-06
   outer loop
     vertex  5.680545e+01  5.915474e+01  8.000000e+00
     vertex  5.680517e+01  5.915079e+01  0.000000e+00
     vertex  5.681014e+01  5.921094e+01  0.000000e+00
   endloop
 endfacet
 facet normal  9.983794e-01 -5.690933e-02 -6.208813e-06
   outer loop
     vertex  5.680208e+01  5.909564e+01  8.000000e+00
     vertex  5.680517e+01  5.915079e+01  0.000000e+00
     vertex  5.680545e+01  5.915474e+01  8.000000e+00
   endloop
 endfacet
 facet normal  9.984947e-01 -5.484744e-02  8.048602e-06
   outer loop
     vertex  5.680208e+01  5.909564e+01  8.000000e+00
     vertex  5.680186e+01  5.909052e+01  0.000000e+00
     vertex  5.680517e+01  5.915079e+01  0.000000e+00
   endloop
 endfacet
 facet normal  9.995490e-01 -3.003106e-02 -7.877748e-06
   outer loop
     vertex  5.680030e+01  5.903648e+01  8.000000e+00
     vertex  5.680186e+01  5.909052e+01  0.000000e+00
     vertex  5.680208e+01  5.909564e+01  8.000000e+00
   endloop
 endfacet
 facet normal  9.996236e-01 -2.743405e-02  9.678482e-06
   outer loop
     vertex  5.680030e+01  5.903648e+01  8.000000e+00
     vertex  5.680021e+01  5.903018e+01  0.000000e+00
     vertex  5.680186e+01  5.909052e+01  0.000000e+00
   endloop
 endfacet
 facet normal  9.999951e-01 -3.131045e-03 -9.468573e-06
   outer loop
     vertex  5.680012e+01  5.897729e+01  8.000000e+00
     vertex  5.680021e+01  5.903018e+01  0.000000e+00
     vertex  5.680030e+01  5.903648e+01  8.000000e+00
   endloop
 endfacet
 facet normal  1.000000e+00  0.000000e+00  1.123025e-05
   outer loop
     vertex  5.680012e+01  5.897729e+01  8.000000e+00
     vertex  5.680021e+01  5.896982e+01  0.000000e+00
     vertex  5.680021e+01  5.903018e+01  0.000000e+00
   endloop
 endfacet
 facet normal  9.997174e-01  2.377123e-02 -1.098129e-05
   outer loop
     vertex  5.680152e+01  5.891812e+01  8.000000e+00
     vertex  5.680021e+01  5.896982e+01  0.000000e+00
     vertex  5.680012e+01  5.897729e+01  8.000000e+00
   endloop
 endfacet
 facet normal  9.996236e-01  2.743405e-02  1.270391e-05
   outer loop
     vertex  5.680152e+01  5.891812e+01  8.000000e+00
     vertex  5.680186e+01  5.890948e+01  0.000000e+00
     vertex  5.680021e+01  5.896982e+01  0.000000e+00
   endloop
 endfacet
 facet normal  9.987161e-01  5.065631e-02 -1.241589e-05
   outer loop
     vertex  5.680452e+01  5.885901e+01  8.000000e+00
     vertex  5.680186e+01  5.890948e+01  0.000000e+00
     vertex  5.680152e+01  5.891812e+01  8.000000e+00
   endloop
 endfacet
 facet normal  9.984947e-01  5.484744e-02  1.409946e-05
   outer loop
     vertex  5.680452e+01  5.885901e+01  8.000000e+00
     vertex  5.680517e+01  5.884921e+01  0.000000e+00
     vertex  5.680186e+01  5.890948e+01  0.000000e+00
   endloop
 endfacet
 facet normal  9.969542e-01  7.798875e-02 -1.436829e-05
   outer loop
     vertex  5.680911e+01  5.880000e+01  6.000000e+00
     vertex  5.680517e+01  5.884921e+01  0.000000e+00
     vertex  5.680452e+01  5.885901e+01  8.000000e+00
   endloop
 endfacet
 facet normal  9.966142e-01  8.221955e-02  2.055586e-05
   outer loop
     vertex  5.680911e+01  5.880000e+01  6.000000e+00
     vertex  5.681014e+01  5.878906e+01  0.000000e+00
     vertex  5.680517e+01  5.884921e+01  0.000000e+00
   endloop
 endfacet
 facet normal  9.969920e-01  7.750471e-02 -2.125216e-14
   outer loop
     vertex  5.680911e+01  5.880000e+01  8.000000e+00
     vertex  5.680911e+01  5.880000e+01  6.000000e+00
     vertex  5.680452e+01  5.885901e+01  8.000000e+00
   endloop
 endfacet
 facet normal  9.945202e-01  1.045449e-01 -2.052426e-05
   outer loop
     vertex  5.681541e+01  5.874005e+01  6.000000e+00
     vertex  5.681014e+01  5.878906e+01  0.000000e+00
     vertex  5.680911e+01  5.880000e+01  6.000000e+00
   endloop
 endfacet
 facet normal  9.939835e-01  1.095298e-01  2.066597e-05
   outer loop
     vertex  5.681541e+01  5.874005e+01  6.000000e+00
     vertex  5.681675e+01  5.872906e+01  0.000000e+00
     vertex  5.681014e+01  5.878906e+01  0.000000e+00
   endloop
 endfacet
 facet normal  9.912823e-01  1.317551e-01 -2.063415e-05
   outer loop
     vertex  5.682336e+01  5.868029e+01  6.000000e+00
     vertex  5.681675e+01  5.872906e+01  0.000000e+00
     vertex  5.681541e+01  5.874005e+01  6.000000e+00
   endloop
 endfacet
 facet normal  9.906046e-01  1.367575e-01  2.077565e-05
   outer loop
     vertex  5.682336e+01  5.868029e+01  6.000000e+00
     vertex  5.682500e+01  5.866926e+01  0.000000e+00
     vertex  5.681675e+01  5.872906e+01  0.000000e+00
   endloop
 endfacet
 facet normal  9.864799e-01  1.638824e-01  2.088489e-05
   outer loop
     vertex  5.683293e+01  5.862077e+01  6.000000e+00
     vertex  5.683489e+01  5.860972e+01  0.000000e+00
     vertex  5.682500e+01  5.866926e+01  0.000000e+00
   endloop
 endfacet
 facet normal  9.873001e-01  1.588663e-01 -2.074361e-05
   outer loop
     vertex  5.683293e+01  5.862077e+01  6.000000e+00
     vertex  5.682500e+01  5.866926e+01  0.000000e+00
     vertex  5.682336e+01  5.868029e+01  6.000000e+00
   endloop
 endfacet
 facet normal  9.816126e-01  1.908838e-01  2.099370e-05
   outer loop
     vertex  5.684414e+01  5.856153e+01  6.000000e+00
     vertex  5.684642e+01  5.855047e+01  0.000000e+00
     vertex  5.683489e+01  5.860972e+01  0.000000e+00
   endloop
 endfacet
 facet normal  9.825766e-01  1.858582e-01 -2.085264e-05
   outer loop
     vertex  5.684414e+01  5.856153e+01  6.000000e+00
     vertex  5.683489e+01  5.860972e+01  0.000000e+00
     vertex  5.683293e+01  5.862077e+01  6.000000e+00
   endloop
 endfacet
 facet normal  9.760065e-01  2.177416e-01  2.110206e-05
   outer loop
     vertex  5.685696e+01  5.850263e+01  6.000000e+00
     vertex  5.685956e+01  5.849156e+01  0.000000e+00
     vertex  5.684642e+01  5.855047e+01  0.000000e+00
   endloop
 endfacet
 facet normal  9.771152e-01  2.127106e-01 -2.096122e-05
   outer loop
     vertex  5.685696e+01  5.850263e+01  6.000000e+00
     vertex  5.684642e+01  5.855047e+01  0.000000e+00
     vertex  5.684414e+01  5.856153e+01  6.000000e+00
   endloop
 endfacet
 facet normal  9.696656e-01  2.444354e-01  2.121000e-05
   outer loop
     vertex  5.687139e+01  5.844410e+01  6.000000e+00
     vertex  5.687431e+01  5.843303e+01  0.000000e+00
     vertex  5.685956e+01  5.849156e+01  0.000000e+00
   endloop
 endfacet
 facet normal  9.709202e-01  2.394033e-01 -2.106937e-05
   outer loop
     vertex  5.687139e+01  5.844410e+01  6.000000e+00
     vertex  5.685956e+01  5.849156e+01  0.000000e+00
     vertex  5.685696e+01  5.850263e+01  6.000000e+00
   endloop
 endfacet
 facet normal  9.625948e-01  2.709453e-01  2.131749e-05
   outer loop
     vertex  5.688742e+01  5.838598e+01  6.000000e+00
     vertex  5.689067e+01  5.837493e+01  0.000000e+00
     vertex  5.687431e+01  5.843303e+01  0.000000e+00
   endloop
 endfacet
 facet normal  9.639961e-01  2.659162e-01 -2.117709e-05
   outer loop
     vertex  5.688742e+01  5.838598e+01  6.000000e+00
     vertex  5.687431e+01  5.843303e+01  0.000000e+00
     vertex  5.687139e+01  5.844410e+01  6.000000e+00
   endloop
 endfacet
 facet normal  9.547993e-01  2.972512e-01  2.142455e-05
   outer loop
     vertex  5.690504e+01  5.832833e+01  6.000000e+00
     vertex  5.690861e+01  5.831729e+01  0.000000e+00
     vertex  5.689067e+01  5.837493e+01  0.000000e+00
   endloop
 endfacet
 facet normal  9.563482e-01  2.922294e-01 -2.128436e-05
   outer loop
     vertex  5.690504e+01  5.832833e+01  6.000000e+00
     vertex  5.689067e+01  5.837493e+01  0.000000e+00
     vertex  5.688742e+01  5.838598e+01  6.000000e+00
   endloop
 endfacet
 facet normal  9.462851e-01  3.233333e-01  2.153117e-05
   outer loop
     vertex  5.692423e+01  5.827118e+01  6.000000e+00
     vertex  5.692813e+01  5.826017e+01  0.000000e+00
     vertex  5.690861e+01  5.831729e+01  0.000000e+00
   endloop
 endfacet
 facet normal  9.479822e-01  3.183233e-01 -2.139120e-05
   outer loop
     vertex  5.692423e+01  5.827118e+01  6.000000e+00
     vertex  5.690861e+01  5.831729e+01  0.000000e+00
     vertex  5.690504e+01  5.832833e+01  6.000000e+00
   endloop
 endfacet
 facet normal  9.370586e-01  3.491720e-01  2.163736e-05
   outer loop
     vertex  5.694498e+01  5.821458e+01  6.000000e+00
     vertex  5.694920e+01  5.820361e+01  0.000000e+00
     vertex  5.692813e+01  5.826017e+01  0.000000e+00
   endloop
 endfacet
 facet normal  9.389044e-01  3.441780e-01 -2.149761e-05
   outer loop
     vertex  5.694498e+01  5.821458e+01  6.000000e+00
     vertex  5.692813e+01  5.826017e+01  0.000000e+00
     vertex  5.692423e+01  5.827118e+01  6.000000e+00
   endloop
 endfacet
 facet normal  9.271267e-01  3.747479e-01  2.174311e-05
   outer loop
     vertex  5.696727e+01  5.815857e+01  6.000000e+00
     vertex  5.697182e+01  5.814765e+01  0.000000e+00
     vertex  5.694920e+01  5.820361e+01  0.000000e+00
   endloop
 endfacet
 facet normal  9.291216e-01  3.697744e-01 -2.160358e-05
   outer loop
     vertex  5.696727e+01  5.815857e+01  6.000000e+00
     vertex  5.694920e+01  5.820361e+01  0.000000e+00
     vertex  5.694498e+01  5.821458e+01  6.000000e+00
   endloop
 endfacet
 facet normal  9.164969e-01  4.000417e-01  2.184842e-05
   outer loop
     vertex  5.699109e+01  5.810319e+01  6.000000e+00
     vertex  5.699597e+01  5.809233e+01  0.000000e+00
     vertex  5.697182e+01  5.814765e+01  0.000000e+00
   endloop
 endfacet
 facet normal  9.186411e-01  3.950931e-01 -2.170911e-05
   outer loop
     vertex  5.699109e+01  5.810319e+01  6.000000e+00
     vertex  5.697182e+01  5.814765e+01  0.000000e+00
     vertex  5.696727e+01  5.815857e+01  6.000000e+00
   endloop
 endfacet
 facet normal  9.051772e-01  4.250344e-01  2.195330e-05
   outer loop
     vertex  5.701641e+01  5.804848e+01  6.000000e+00
     vertex  5.702163e+01  5.803769e+01  0.000000e+00
     vertex  5.699597e+01  5.809233e+01  0.000000e+00
   endloop
 endfacet
 facet normal  9.074708e-01  4.201151e-01 -2.181420e-05
   outer loop
     vertex  5.701641e+01  5.804848e+01  6.000000e+00
     vertex  5.699597e+01  5.809233e+01  0.000000e+00
     vertex  5.699109e+01  5.810319e+01  6.000000e+00
   endloop
 endfacet
 facet normal  8.931761e-01  4.497071e-01  2.205774e-05
   outer loop
     vertex  5.704323e+01  5.799449e+01  6.000000e+00
     vertex  5.704877e+01  5.798378e+01  0.000000e+00
     vertex  5.702163e+01  5.803769e+01  0.000000e+00
   endloop
 endfacet
 facet normal  8.956191e-01  4.448217e-01 -2.191886e-05
   outer loop
     vertex  5.704323e+01  5.799449e+01  6.000000e+00
     vertex  5.702163e+01  5.803769e+01  0.000000e+00
     vertex  5.701641e+01  5.804848e+01  6.000000e+00
   endloop
 endfacet
 facet normal  8.805026e-01  4.740412e-01  2.216174e-05
   outer loop
     vertex  5.707152e+01  5.794125e+01  6.000000e+00
     vertex  5.707738e+01  5.793063e+01  0.000000e+00
     vertex  5.704877e+01  5.798378e+01  0.000000e+00
   endloop
 endfacet
 facet normal  8.830950e-01  4.691943e-01 -2.202309e-05
   outer loop
     vertex  5.707152e+01  5.794125e+01  6.000000e+00
     vertex  5.704877e+01  5.798378e+01  0.000000e+00
     vertex  5.704323e+01  5.799449e+01  6.000000e+00
   endloop
 endfacet
 facet normal  8.699077e-01  4.932145e-01 -2.212687e-05
   outer loop
     vertex  5.710125e+01  5.788881e+01  6.000000e+00
     vertex  5.707738e+01  5.793063e+01  0.000000e+00
     vertex  5.707152e+01  5.794125e+01  6.000000e+00
   endloop
 endfacet
 facet normal  8.671664e-01  4.980186e-01  2.226531e-05
   outer loop
     vertex  5.710125e+01  5.788881e+01  6.000000e+00
     vertex  5.710744e+01  5.787829e+01  0.000000e+00
     vertex  5.707738e+01  5.793063e+01  0.000000e+00
   endloop
 endfacet
 facet normal  8.560673e-01  5.168644e-01 -2.223022e-05
   outer loop
     vertex  5.713241e+01  5.783720e+01  6.000000e+00
     vertex  5.710744e+01  5.787829e+01  0.000000e+00
     vertex  5.710125e+01  5.788881e+01  6.000000e+00
   endloop
 endfacet
 facet normal  8.531773e-01  5.216210e-01  2.236844e-05
   outer loop
     vertex  5.713241e+01  5.783720e+01  6.000000e+00
     vertex  5.713893e+01  5.782679e+01  0.000000e+00
     vertex  5.710744e+01  5.787829e+01  0.000000e+00
   endloop
 endfacet
 facet normal  8.415840e-01  5.401263e-01 -2.233314e-05
   outer loop
     vertex  5.716497e+01  5.778647e+01  6.000000e+00
     vertex  5.713893e+01  5.782679e+01  0.000000e+00
     vertex  5.713241e+01  5.783720e+01  6.000000e+00
   endloop
 endfacet
 facet normal  8.385460e-01  5.448308e-01  2.247114e-05
   outer loop
     vertex  5.716497e+01  5.778647e+01  6.000000e+00
     vertex  5.717182e+01  5.777618e+01  0.000000e+00
     vertex  5.713893e+01  5.782679e+01  0.000000e+00
   endloop
 endfacet
 facet normal  8.264688e-01  5.629825e-01 -2.243561e-05
   outer loop
     vertex  5.719891e+01  5.773664e+01  6.000000e+00
     vertex  5.717182e+01  5.777618e+01  0.000000e+00
     vertex  5.716497e+01  5.778647e+01  6.000000e+00
   endloop
 endfacet
 facet normal  8.232835e-01  5.676304e-01  2.257340e-05
   outer loop
     vertex  5.719891e+01  5.773664e+01  6.000000e+00
     vertex  5.720608e+01  5.772648e+01  0.000000e+00
     vertex  5.717182e+01  5.777618e+01  0.000000e+00
   endloop
 endfacet
 facet normal  8.107330e-01  5.854160e-01 -2.253765e-05
   outer loop
     vertex  5.723420e+01  5.768777e+01  6.000000e+00
     vertex  5.720608e+01  5.772648e+01  0.000000e+00
     vertex  5.719891e+01  5.773664e+01  6.000000e+00
   endloop
 endfacet
 facet normal  8.074012e-01  5.900028e-01  2.267522e-05
   outer loop
     vertex  5.723420e+01  5.768777e+01  6.000000e+00
     vertex  5.724169e+01  5.767775e+01  0.000000e+00
     vertex  5.720608e+01  5.772648e+01  0.000000e+00
   endloop
 endfacet
 facet normal  7.943885e-01  6.074100e-01 -2.263926e-05
   outer loop
     vertex  5.727082e+01  5.763988e+01  6.000000e+00
     vertex  5.724169e+01  5.767775e+01  0.000000e+00
     vertex  5.723420e+01  5.768777e+01  6.000000e+00
   endloop
 endfacet
 facet normal  7.909112e-01  6.119310e-01  2.277661e-05
   outer loop
     vertex  5.727082e+01  5.763988e+01  6.000000e+00
     vertex  5.727863e+01  5.763001e+01  0.000000e+00
     vertex  5.724169e+01  5.767775e+01  0.000000e+00
   endloop
 endfacet
 facet normal  7.774475e-01  6.289478e-01 -2.274043e-05
   outer loop
     vertex  5.730873e+01  5.759301e+01  6.000000e+00
     vertex  5.727863e+01  5.763001e+01  0.000000e+00
     vertex  5.727082e+01  5.763988e+01  6.000000e+00
   endloop
 endfacet
 facet normal  7.738257e-01  6.333986e-01  2.287756e-05
   outer loop
     vertex  5.730873e+01  5.759301e+01  6.000000e+00
     vertex  5.731686e+01  5.758330e+01  0.000000e+00
     vertex  5.727863e+01  5.763001e+01  0.000000e+00
   endloop
 endfacet
 facet normal  7.599227e-01  6.500134e-01 -2.284116e-05
   outer loop
     vertex  5.734792e+01  5.754720e+01  6.000000e+00
     vertex  5.731686e+01  5.758330e+01  0.000000e+00
     vertex  5.730873e+01  5.759301e+01  6.000000e+00
   endloop
 endfacet
 facet normal  7.561578e-01  6.543893e-01  2.297807e-05
   outer loop
     vertex  5.734792e+01  5.754720e+01  6.000000e+00
     vertex  5.735636e+01  5.753766e+01  0.000000e+00
     vertex  5.731686e+01  5.758330e+01  0.000000e+00
   endloop
 endfacet
 facet normal  7.418273e-01  6.705909e-01 -2.294145e-05
   outer loop
     vertex  5.738835e+01  5.750248e+01  6.000000e+00
     vertex  5.735636e+01  5.753766e+01  0.000000e+00
     vertex  5.734792e+01  5.754720e+01  6.000000e+00
   endloop
 endfacet
 facet normal  7.379206e-01  6.748875e-01  2.307815e-05
   outer loop
     vertex  5.738835e+01  5.750248e+01  6.000000e+00
     vertex  5.739710e+01  5.749312e+01  0.000000e+00
     vertex  5.735636e+01  5.753766e+01  0.000000e+00
   endloop
 endfacet
 facet normal  7.231749e-01  6.906649e-01 -2.304131e-05
   outer loop
     vertex  5.742998e+01  5.745888e+01  6.000000e+00
     vertex  5.739710e+01  5.749312e+01  0.000000e+00
     vertex  5.738835e+01  5.750248e+01  6.000000e+00
   endloop
 endfacet
 facet normal  7.191280e-01  6.948776e-01  2.317779e-05
   outer loop
     vertex  5.742998e+01  5.745888e+01  6.000000e+00
     vertex  5.743904e+01  5.744971e+01  0.000000e+00
     vertex  5.739710e+01  5.749312e+01  0.000000e+00
   endloop
 endfacet
 facet normal  7.039795e-01  7.102203e-01 -2.314073e-05
   outer loop
     vertex  5.747280e+01  5.741644e+01  6.000000e+00
     vertex  5.743904e+01  5.744971e+01  0.000000e+00
     vertex  5.742998e+01  5.745888e+01  6.000000e+00
   endloop
 endfacet
 facet normal  6.997940e-01  7.143447e-01  2.327699e-05
   outer loop
     vertex  5.747280e+01  5.741644e+01  6.000000e+00
     vertex  5.748216e+01  5.740747e+01  0.000000e+00
     vertex  5.743904e+01  5.744971e+01  0.000000e+00
   endloop
 endfacet
 facet normal  6.842555e-01  7.292424e-01 -2.323972e-05
   outer loop
     vertex  5.751676e+01  5.737519e+01  6.000000e+00
     vertex  5.748216e+01  5.740747e+01  0.000000e+00
     vertex  5.747280e+01  5.741644e+01  6.000000e+00
   endloop
 endfacet
 facet normal  6.799333e-01  7.332740e-01  2.337576e-05
   outer loop
     vertex  5.751676e+01  5.737519e+01  6.000000e+00
     vertex  5.752642e+01  5.736643e+01  0.000000e+00
     vertex  5.748216e+01  5.740747e+01  0.000000e+00
   endloop
 endfacet
 facet normal  6.640177e-01  7.477169e-01 -2.333827e-05
   outer loop
     vertex  5.756184e+01  5.733516e+01  6.000000e+00
     vertex  5.752642e+01  5.736643e+01  0.000000e+00
     vertex  5.751676e+01  5.737519e+01  6.000000e+00
   endloop
 endfacet
 facet normal  6.595607e-01  7.516513e-01  2.347409e-05
   outer loop
     vertex  5.756184e+01  5.733516e+01  6.000000e+00
     vertex  5.757179e+01  5.732662e+01  0.000000e+00
     vertex  5.752642e+01  5.736643e+01  0.000000e+00
   endloop
 endfacet
 facet normal  6.432813e-01  7.656300e-01 -2.343638e-05
   outer loop
     vertex  5.760799e+01  5.729638e+01  6.000000e+00
     vertex  5.757179e+01  5.732662e+01  0.000000e+00
     vertex  5.756184e+01  5.733516e+01  6.000000e+00
   endloop
 endfacet
 facet normal  6.386916e-01  7.694628e-01  2.357199e-05
   outer loop
     vertex  5.760799e+01  5.729638e+01  6.000000e+00
     vertex  5.761823e+01  5.728807e+01  0.000000e+00
     vertex  5.757179e+01  5.732662e+01  0.000000e+00
   endloop
 endfacet
 facet normal  6.220618e-01  7.829681e-01 -2.353406e-05
   outer loop
     vertex  5.765519e+01  5.725888e+01  6.000000e+00
     vertex  5.761823e+01  5.728807e+01  0.000000e+00
     vertex  5.760799e+01  5.729638e+01  6.000000e+00
   endloop
 endfacet
 facet normal  6.173417e-01  7.866951e-01  2.366944e-05
   outer loop
     vertex  5.765519e+01  5.725888e+01  6.000000e+00
     vertex  5.766572e+01  5.725080e+01  0.000000e+00
     vertex  5.761823e+01  5.728807e+01  0.000000e+00
   endloop
 endfacet
 facet normal  6.003753e-01  7.997184e-01 -2.363130e-05
   outer loop
     vertex  5.770340e+01  5.722269e+01  6.000000e+00
     vertex  5.766572e+01  5.725080e+01  0.000000e+00
     vertex  5.765519e+01  5.725888e+01  6.000000e+00
   endloop
 endfacet
 facet normal  5.955271e-01  8.033352e-01  2.376647e-05
   outer loop
     vertex  5.770340e+01  5.722269e+01  6.000000e+00
     vertex  5.771421e+01  5.721486e+01  0.000000e+00
     vertex  5.766572e+01  5.725080e+01  0.000000e+00
   endloop
 endfacet
 facet normal  5.782380e-01  8.158682e-01 -2.372810e-05
   outer loop
     vertex  5.775259e+01  5.718783e+01  6.000000e+00
     vertex  5.771421e+01  5.721486e+01  0.000000e+00
     vertex  5.770340e+01  5.722269e+01  6.000000e+00
   endloop
 endfacet
 facet normal  5.732642e-01  8.193706e-01  2.386305e-05
   outer loop
     vertex  5.775259e+01  5.718783e+01  6.000000e+00
     vertex  5.776367e+01  5.718025e+01  0.000000e+00
     vertex  5.771421e+01  5.721486e+01  0.000000e+00
   endloop
 endfacet
 facet normal  5.556664e-01  8.314053e-01 -2.382447e-05
   outer loop
     vertex  5.780271e+01  5.715433e+01  6.000000e+00
     vertex  5.776367e+01  5.718025e+01  0.000000e+00
     vertex  5.775259e+01  5.718783e+01  6.000000e+00
   endloop
 endfacet
 facet normal  5.505698e-01  8.347891e-01  2.395920e-05
   outer loop
     vertex  5.780271e+01  5.715433e+01  6.000000e+00
     vertex  5.781405e+01  5.714702e+01  0.000000e+00
     vertex  5.776367e+01  5.718025e+01  0.000000e+00
   endloop
 endfacet
 facet normal  5.326777e-01  8.463182e-01 -2.392040e-05
   outer loop
     vertex  5.785373e+01  5.712222e+01  6.000000e+00
     vertex  5.781405e+01  5.714702e+01  0.000000e+00
     vertex  5.780271e+01  5.715433e+01  6.000000e+00
   endloop
 endfacet
 facet normal  5.274609e-01  8.495793e-01  2.405492e-05
   outer loop
     vertex  5.785373e+01  5.712222e+01  6.000000e+00
     vertex  5.786534e+01  5.711518e+01  0.000000e+00
     vertex  5.781405e+01  5.714702e+01  0.000000e+00
   endloop
 endfacet
 facet normal  5.092889e-01  8.605956e-01 -2.401590e-05
   outer loop
     vertex  5.790561e+01  5.709152e+01  6.000000e+00
     vertex  5.786534e+01  5.711518e+01  0.000000e+00
     vertex  5.785373e+01  5.712222e+01  6.000000e+00
   endloop
 endfacet
 facet normal  5.039550e-01  8.637299e-01  2.415019e-05
   outer loop
     vertex  5.790561e+01  5.709152e+01  6.000000e+00
     vertex  5.791747e+01  5.708476e+01  0.000000e+00
     vertex  5.786534e+01  5.711518e+01  0.000000e+00
   endloop
 endfacet
 facet normal  4.855178e-01  8.742268e-01 -2.411096e-05
   outer loop
     vertex  5.795831e+01  5.706225e+01  6.000000e+00
     vertex  5.791747e+01  5.708476e+01  0.000000e+00
     vertex  5.790561e+01  5.709152e+01  6.000000e+00
   endloop
 endfacet
 facet normal  4.800697e-01  8.772303e-01  2.424503e-05
   outer loop
     vertex  5.795831e+01  5.706225e+01  6.000000e+00
     vertex  5.797042e+01  5.705579e+01  0.000000e+00
     vertex  5.791747e+01  5.708476e+01  0.000000e+00
   endloop
 endfacet
 facet normal  4.558231e-01  8.900704e-01  2.433944e-05
   outer loop
     vertex  5.801180e+01  5.703443e+01  6.000000e+00
     vertex  5.802415e+01  5.702827e+01  0.000000e+00
     vertex  5.797042e+01  5.705579e+01  0.000000e+00
   endloop
 endfacet
 facet normal  4.613821e-01  8.872015e-01 -2.420558e-05
   outer loop
     vertex  5.801180e+01  5.703443e+01  6.000000e+00
     vertex  5.797042e+01  5.705579e+01  0.000000e+00
     vertex  5.795831e+01  5.706225e+01  6.000000e+00
   endloop
 endfacet
 facet normal  4.312333e-01  9.022405e-01  2.443340e-05
   outer loop
     vertex  5.806602e+01  5.700809e+01  6.000000e+00
     vertex  5.807861e+01  5.700224e+01  0.000000e+00
     vertex  5.802415e+01  5.702827e+01  0.000000e+00
   endloop
 endfacet
 facet normal  4.368999e-01  8.995101e-01 -2.429976e-05
   outer loop
     vertex  5.806602e+01  5.700809e+01  6.000000e+00
     vertex  5.802415e+01  5.702827e+01  0.000000e+00
     vertex  5.801180e+01  5.703443e+01  6.000000e+00
   endloop
 endfacet
 facet normal  4.063188e-01  9.137314e-01  2.452694e-05
   outer loop
     vertex  5.812095e+01  5.698325e+01  6.000000e+00
     vertex  5.813376e+01  5.697772e+01  0.000000e+00
     vertex  5.807861e+01  5.700224e+01  0.000000e+00
   endloop
 endfacet
 facet normal  4.120897e-01  9.111433e-01 -2.439351e-05
   outer loop
     vertex  5.812095e+01  5.698325e+01  6.000000e+00
     vertex  5.807861e+01  5.700224e+01  0.000000e+00
     vertex  5.806602e+01  5.700809e+01  6.000000e+00
   endloop
 endfacet
 facet normal  3.869701e-01  9.220923e-01 -2.448683e-05
   outer loop
     vertex  5.817654e+01  5.695992e+01  6.000000e+00
     vertex  5.813376e+01  5.697772e+01  0.000000e+00
     vertex  5.812095e+01  5.698325e+01  6.000000e+00
   endloop
 endfacet
 facet normal  3.810986e-01  9.245344e-01  2.462003e-05
   outer loop
     vertex  5.817654e+01  5.695992e+01  6.000000e+00
     vertex  5.818956e+01  5.695471e+01  0.000000e+00
     vertex  5.813376e+01  5.697772e+01  0.000000e+00
   endloop
 endfacet
 facet normal  3.615599e-01  9.323489e-01 -2.457970e-05
   outer loop
     vertex  5.823275e+01  5.693813e+01  6.000000e+00
     vertex  5.818956e+01  5.695471e+01  0.000000e+00
     vertex  5.817654e+01  5.695992e+01  6.000000e+00
   endloop
 endfacet
 facet normal  3.555914e-01  9.346415e-01  2.471269e-05
   outer loop
     vertex  5.823275e+01  5.693813e+01  6.000000e+00
     vertex  5.824598e+01  5.693325e+01  0.000000e+00
     vertex  5.818956e+01  5.695471e+01  0.000000e+00
   endloop
 endfacet
 facet normal  3.358782e-01  9.419054e-01 -2.467214e-05
   outer loop
     vertex  5.828953e+01  5.691788e+01  6.000000e+00
     vertex  5.824598e+01  5.693325e+01  0.000000e+00
     vertex  5.823275e+01  5.693813e+01  6.000000e+00
   endloop
 endfacet
 facet normal  3.298166e-01  9.440450e-01  2.480491e-05
   outer loop
     vertex  5.828953e+01  5.691788e+01  6.000000e+00
     vertex  5.830296e+01  5.691334e+01  0.000000e+00
     vertex  5.824598e+01  5.693325e+01  0.000000e+00
   endloop
 endfacet
 facet normal  3.099443e-01  9.507547e-01 -2.476415e-05
   outer loop
     vertex  5.834684e+01  5.689919e+01  6.000000e+00
     vertex  5.830296e+01  5.691334e+01  0.000000e+00
     vertex  5.828953e+01  5.691788e+01  6.000000e+00
   endloop
 endfacet
 facet normal  3.037934e-01  9.527379e-01  2.489670e-05
   outer loop
     vertex  5.834684e+01  5.689919e+01  6.000000e+00
     vertex  5.836047e+01  5.689501e+01  0.000000e+00
     vertex  5.830296e+01  5.691334e+01  0.000000e+00
   endloop
 endfacet
 facet normal  2.837776e-01  9.588901e-01 -2.485572e-05
   outer loop
     vertex  5.840465e+01  5.688209e+01  6.000000e+00
     vertex  5.836047e+01  5.689501e+01  0.000000e+00
     vertex  5.834684e+01  5.689919e+01  6.000000e+00
   endloop
 endfacet
 facet normal  2.775416e-01  9.607136e-01  2.498805e-05
   outer loop
     vertex  5.840465e+01  5.688209e+01  6.000000e+00
     vertex  5.841846e+01  5.687825e+01  0.000000e+00
     vertex  5.836047e+01  5.689501e+01  0.000000e+00
   endloop
 endfacet
 facet normal  2.573979e-01  9.663055e-01 -2.494685e-05
   outer loop
     vertex  5.846290e+01  5.686657e+01  6.000000e+00
     vertex  5.841846e+01  5.687825e+01  0.000000e+00
     vertex  5.840465e+01  5.688209e+01  6.000000e+00
   endloop
 endfacet
 facet normal  2.510809e-01  9.679661e-01  2.507896e-05
   outer loop
     vertex  5.846290e+01  5.686657e+01  6.000000e+00
     vertex  5.847689e+01  5.686310e+01  0.000000e+00
     vertex  5.841846e+01  5.687825e+01  0.000000e+00
   endloop
 endfacet
 facet normal  2.308249e-01  9.729953e-01 -2.503754e-05
   outer loop
     vertex  5.852156e+01  5.685265e+01  6.000000e+00
     vertex  5.847689e+01  5.686310e+01  0.000000e+00
     vertex  5.846290e+01  5.686657e+01  6.000000e+00
   endloop
 endfacet
 facet normal  2.244312e-01  9.744899e-01  2.516944e-05
   outer loop
     vertex  5.852156e+01  5.685265e+01  6.000000e+00
     vertex  5.853571e+01  5.684955e+01  0.000000e+00
     vertex  5.847689e+01  5.686310e+01  0.000000e+00
   endloop
 endfacet
 facet normal  2.040786e-01  9.789545e-01 -2.512780e-05
   outer loop
     vertex  5.858058e+01  5.684035e+01  6.000000e+00
     vertex  5.853571e+01  5.684955e+01  0.000000e+00
     vertex  5.852156e+01  5.685265e+01  6.000000e+00
   endloop
 endfacet
 facet normal  1.976125e-01  9.802802e-01  2.525948e-05
   outer loop
     vertex  5.858058e+01  5.684035e+01  6.000000e+00
     vertex  5.859488e+01  5.683762e+01  0.000000e+00
     vertex  5.853571e+01  5.684955e+01  0.000000e+00
   endloop
 endfacet
 facet normal  1.771791e-01  9.841786e-01 -2.521762e-05
   outer loop
     vertex  5.863991e+01  5.682967e+01  6.000000e+00
     vertex  5.859488e+01  5.683762e+01  0.000000e+00
     vertex  5.858058e+01  5.684035e+01  6.000000e+00
   endloop
 endfacet
 facet normal  1.706451e-01  9.853326e-01  2.534908e-05
   outer loop
     vertex  5.863991e+01  5.682967e+01  6.000000e+00
     vertex  5.865435e+01  5.682732e+01  0.000000e+00
     vertex  5.859488e+01  5.683762e+01  0.000000e+00
   endloop
 endfacet
 facet normal  1.435492e-01  9.896432e-01  2.543825e-05
   outer loop
     vertex  5.869951e+01  5.682062e+01  6.000000e+00
     vertex  5.871409e+01  5.681866e+01  0.000000e+00
     vertex  5.865435e+01  5.682732e+01  0.000000e+00
   endloop
 endfacet
 facet normal  1.501465e-01  9.886638e-01 -2.530701e-05
   outer loop
     vertex  5.869951e+01  5.682062e+01  6.000000e+00
     vertex  5.865435e+01  5.682732e+01  0.000000e+00
     vertex  5.863991e+01  5.682967e+01  6.000000e+00
   endloop
 endfacet
 facet normal  1.163452e-01  9.932088e-01  2.552698e-05
   outer loop
     vertex  5.875934e+01  5.681320e+01  6.000000e+00
     vertex  5.877404e+01  5.681163e+01  0.000000e+00
     vertex  5.871409e+01  5.681866e+01  0.000000e+00
   endloop
 endfacet
 facet normal  1.230012e-01  9.924065e-01 -2.539596e-05
   outer loop
     vertex  5.875934e+01  5.681320e+01  6.000000e+00
     vertex  5.871409e+01  5.681866e+01  0.000000e+00
     vertex  5.869951e+01  5.682062e+01  6.000000e+00
   endloop
 endfacet
 facet normal  8.905371e-02  9.960268e-01  2.561527e-05
   outer loop
     vertex  5.881934e+01  5.680743e+01  6.000000e+00
     vertex  5.883416e+01  5.680626e+01  0.000000e+00
     vertex  5.877404e+01  5.681163e+01  0.000000e+00
   endloop
 endfacet
 facet normal  9.576349e-02  9.954041e-01 -2.548447e-05
   outer loop
     vertex  5.881934e+01  5.680743e+01  6.000000e+00
     vertex  5.877404e+01  5.681163e+01  0.000000e+00
     vertex  5.875934e+01  5.681320e+01  6.000000e+00
   endloop
 endfacet
 facet normal  6.169515e-02  9.980950e-01  2.570313e-05
   outer loop
     vertex  5.887949e+01  5.680330e+01  6.000000e+00
     vertex  5.889441e+01  5.680254e+01  0.000000e+00
     vertex  5.883416e+01  5.680626e+01  0.000000e+00
   endloop
 endfacet
 facet normal  6.845390e-02  9.976543e-01 -2.557255e-05
   outer loop
     vertex  5.887949e+01  5.680330e+01  6.000000e+00
     vertex  5.883416e+01  5.680626e+01  0.000000e+00
     vertex  5.881934e+01  5.680743e+01  6.000000e+00
   endloop
 endfacet
 facet normal  3.429014e-02  9.994119e-01  2.579055e-05
   outer loop
     vertex  5.893972e+01  5.680083e+01  6.000000e+00
     vertex  5.895473e+01  5.680047e+01  0.000000e+00
     vertex  5.889441e+01  5.680254e+01  0.000000e+00
   endloop
 endfacet
 facet normal  4.109291e-02  9.991553e-01 -2.566019e-05
   outer loop
     vertex  5.893972e+01  5.680083e+01  6.000000e+00
     vertex  5.889441e+01  5.680254e+01  0.000000e+00
     vertex  5.887949e+01  5.680330e+01  6.000000e+00
   endloop
 endfacet
 facet normal  6.859319e-03  9.999765e-01  2.587754e-05
   outer loop
     vertex  5.900000e+01  5.680000e+01  6.000000e+00
     vertex  5.901509e+01  5.680005e+01  0.000000e+00
     vertex  5.895473e+01  5.680047e+01  0.000000e+00
   endloop
 endfacet
 facet normal  1.370107e-02  9.999061e-01 -2.574739e-05
   outer loop
     vertex  5.900000e+01  5.680000e+01  6.000000e+00
     vertex  5.895473e+01  5.680047e+01  0.000000e+00
     vertex  5.893972e+01  5.680083e+01  6.000000e+00
   endloop
 endfacet
 facet normal -2.057667e-02  9.997883e-01  2.596409e-05
   outer loop
     vertex  5.906028e+01  5.680083e+01  6.000000e+00
     vertex  5.907544e+01  5.680129e+01  0.000000e+00
     vertex  5.901509e+01  5.680005e+01  0.000000e+00
   endloop
 endfacet
 facet normal -1.370107e-02  9.999061e-01 -2.583416e-05
   outer loop
     vertex  5.906028e+01  5.680083e+01  6.000000e+00
     vertex  5.901509e+01  5.680005e+01  0.000000e+00
     vertex  5.900000e+01  5.680000e+01  6.000000e+00
   endloop
 endfacet
 facet normal -4.799716e-02  9.988475e-01  2.605020e-05
   outer loop
     vertex  5.912051e+01  5.680330e+01  6.000000e+00
     vertex  5.913573e+01  5.680419e+01  0.000000e+00
     vertex  5.907544e+01  5.680129e+01  0.000000e+00
   endloop
 endfacet
 facet normal -4.109291e-02  9.991553e-01 -2.592049e-05
   outer loop
     vertex  5.912051e+01  5.680330e+01  6.000000e+00
     vertex  5.907544e+01  5.680129e+01  0.000000e+00
     vertex  5.906028e+01  5.680083e+01  6.000000e+00
   endloop
 endfacet
 facet normal -7.538152e-02  9.971548e-01  2.613588e-05
   outer loop
     vertex  5.918066e+01  5.680743e+01  6.000000e+00
     vertex  5.919592e+01  5.680874e+01  0.000000e+00
     vertex  5.913573e+01  5.680419e+01  0.000000e+00
   endloop
 endfacet
 facet normal -6.845390e-02  9.976543e-01 -2.600638e-05
   outer loop
     vertex  5.918066e+01  5.680743e+01  6.000000e+00
     vertex  5.913573e+01  5.680419e+01  0.000000e+00
     vertex  5.912051e+01  5.680330e+01  6.000000e+00
   endloop
 endfacet
 facet normal -1.027091e-01  9.947114e-01  2.622112e-05
   outer loop
     vertex  5.924066e+01  5.681320e+01  6.000000e+00
     vertex  5.925596e+01  5.681494e+01  0.000000e+00
     vertex  5.919592e+01  5.680874e+01  0.000000e+00
   endloop
 endfacet
 facet normal -9.576349e-02  9.954041e-01 -2.609184e-05
   outer loop
     vertex  5.924066e+01  5.681320e+01  6.000000e+00
     vertex  5.919592e+01  5.680874e+01  0.000000e+00
     vertex  5.918066e+01  5.680743e+01  6.000000e+00
   endloop
 endfacet
 facet normal -1.299594e-01  9.915193e-01  2.630592e-05
   outer loop
     vertex  5.930049e+01  5.682062e+01  6.000000e+00
     vertex  5.931581e+01  5.682278e+01  0.000000e+00
     vertex  5.925596e+01  5.681494e+01  0.000000e+00
   endloop
 endfacet
 facet normal -1.230012e-01  9.924065e-01 -2.617686e-05
   outer loop
     vertex  5.930049e+01  5.682062e+01  6.000000e+00
     vertex  5.925596e+01  5.681494e+01  0.000000e+00
     vertex  5.924066e+01  5.681320e+01  6.000000e+00
   endloop
 endfacet
 facet normal -1.571119e-01  9.875808e-01  2.639029e-05
   outer loop
     vertex  5.936009e+01  5.682967e+01  6.000000e+00
     vertex  5.937542e+01  5.683227e+01  0.000000e+00
     vertex  5.931581e+01  5.682278e+01  0.000000e+00
   endloop
 endfacet
 facet normal -1.501465e-01  9.886638e-01 -2.626145e-05
   outer loop
     vertex  5.936009e+01  5.682967e+01  6.000000e+00
     vertex  5.931581e+01  5.682278e+01  0.000000e+00
     vertex  5.930049e+01  5.682062e+01  6.000000e+00
   endloop
 endfacet
 facet normal -1.841461e-01  9.828989e-01  2.647422e-05
   outer loop
     vertex  5.941942e+01  5.684035e+01  6.000000e+00
     vertex  5.943475e+01  5.684338e+01  0.000000e+00
     vertex  5.937542e+01  5.683227e+01  0.000000e+00
   endloop
 endfacet
 facet normal -1.771791e-01  9.841786e-01 -2.634560e-05
   outer loop
     vertex  5.941942e+01  5.684035e+01  6.000000e+00
     vertex  5.937542e+01  5.683227e+01  0.000000e+00
     vertex  5.936009e+01  5.682967e+01  6.000000e+00
   endloop
 endfacet
 facet normal -2.110417e-01  9.774771e-01  2.655771e-05
   outer loop
     vertex  5.947844e+01  5.685265e+01  6.000000e+00
     vertex  5.949375e+01  5.685612e+01  0.000000e+00
     vertex  5.943475e+01  5.684338e+01  0.000000e+00
   endloop
 endfacet
 facet normal -2.040786e-01  9.789545e-01 -2.642931e-05
   outer loop
     vertex  5.947844e+01  5.685265e+01  6.000000e+00
     vertex  5.943475e+01  5.684338e+01  0.000000e+00
     vertex  5.941942e+01  5.684035e+01  6.000000e+00
   endloop
 endfacet
 facet normal -2.377784e-01  9.713194e-01  2.664077e-05
   outer loop
     vertex  5.953710e+01  5.686657e+01  6.000000e+00
     vertex  5.955238e+01  5.687047e+01  0.000000e+00
     vertex  5.949375e+01  5.685612e+01  0.000000e+00
   endloop
 endfacet
 facet normal -2.308249e-01  9.729953e-01 -2.651259e-05
   outer loop
     vertex  5.953710e+01  5.686657e+01  6.000000e+00
     vertex  5.949375e+01  5.685612e+01  0.000000e+00
     vertex  5.947844e+01  5.685265e+01  6.000000e+00
   endloop
 endfacet
 facet normal -2.643362e-01  9.644306e-01  2.672339e-05
   outer loop
     vertex  5.959535e+01  5.688209e+01  6.000000e+00
     vertex  5.961059e+01  5.688643e+01  0.000000e+00
     vertex  5.955238e+01  5.687047e+01  0.000000e+00
   endloop
 endfacet
 facet normal -2.573979e-01  9.663055e-01 -2.659543e-05
   outer loop
     vertex  5.959535e+01  5.688209e+01  6.000000e+00
     vertex  5.955238e+01  5.687047e+01  0.000000e+00
     vertex  5.953710e+01  5.686657e+01  6.000000e+00
   endloop
 endfacet
 facet normal -2.906949e-01  9.568158e-01  2.680558e-05
   outer loop
     vertex  5.965316e+01  5.689919e+01  6.000000e+00
     vertex  5.966835e+01  5.690398e+01  0.000000e+00
     vertex  5.961059e+01  5.688643e+01  0.000000e+00
   endloop
 endfacet
 facet normal -2.837776e-01  9.588901e-01 -2.667783e-05
   outer loop
     vertex  5.965316e+01  5.689919e+01  6.000000e+00
     vertex  5.961059e+01  5.688643e+01  0.000000e+00
     vertex  5.959535e+01  5.688209e+01  6.000000e+00
   endloop
 endfacet
 facet normal -3.099443e-01  9.507547e-01 -2.675980e-05
   outer loop
     vertex  5.971047e+01  5.691788e+01  6.000000e+00
     vertex  5.966835e+01  5.690398e+01  0.000000e+00
     vertex  5.965316e+01  5.689919e+01  6.000000e+00
   endloop
 endfacet
 facet normal -3.168348e-01  9.484807e-01  2.688733e-05
   outer loop
     vertex  5.971047e+01  5.691788e+01  6.000000e+00
     vertex  5.972560e+01  5.692310e+01  0.000000e+00
     vertex  5.966835e+01  5.690398e+01  0.000000e+00
   endloop
 endfacet
 facet normal -3.358782e-01  9.419054e-01 -2.684133e-05
   outer loop
     vertex  5.976725e+01  5.693813e+01  6.000000e+00
     vertex  5.972560e+01  5.692310e+01  0.000000e+00
     vertex  5.971047e+01  5.691788e+01  6.000000e+00
   endloop
 endfacet
 facet normal -3.427362e-01  9.394317e-01  2.696864e-05
   outer loop
     vertex  5.976725e+01  5.693813e+01  6.000000e+00
     vertex  5.978230e+01  5.694379e+01  0.000000e+00
     vertex  5.972560e+01  5.692310e+01  0.000000e+00
   endloop
 endfacet
 facet normal -3.615599e-01  9.323489e-01 -2.692242e-05
   outer loop
     vertex  5.982346e+01  5.695992e+01  6.000000e+00
     vertex  5.978230e+01  5.694379e+01  0.000000e+00
     vertex  5.976725e+01  5.693813e+01  6.000000e+00
   endloop
 endfacet
 facet normal -3.683796e-01  9.296754e-01  2.704952e-05
   outer loop
     vertex  5.982346e+01  5.695992e+01  6.000000e+00
     vertex  5.983842e+01  5.696602e+01  0.000000e+00
     vertex  5.978230e+01  5.694379e+01  0.000000e+00
   endloop
 endfacet
 facet normal -3.869701e-01  9.220923e-01 -2.700308e-05
   outer loop
     vertex  5.987905e+01  5.698325e+01  6.000000e+00
     vertex  5.983842e+01  5.696602e+01  0.000000e+00
     vertex  5.982346e+01  5.695992e+01  6.000000e+00
   endloop
 endfacet
 facet normal -3.937458e-01  9.192194e-01  2.712996e-05
   outer loop
     vertex  5.987905e+01  5.698325e+01  6.000000e+00
     vertex  5.989390e+01  5.698979e+01  0.000000e+00
     vertex  5.983842e+01  5.696602e+01  0.000000e+00
   endloop
 endfacet
 facet normal -4.120897e-01  9.111433e-01 -2.708330e-05
   outer loop
     vertex  5.993398e+01  5.700809e+01  6.000000e+00
     vertex  5.989390e+01  5.698979e+01  0.000000e+00
     vertex  5.987905e+01  5.698325e+01  6.000000e+00
   endloop
 endfacet
 facet normal -4.188155e-01  9.080714e-01  2.720996e-05
   outer loop
     vertex  5.993398e+01  5.700809e+01  6.000000e+00
     vertex  5.994871e+01  5.701507e+01  0.000000e+00
     vertex  5.989390e+01  5.698979e+01  0.000000e+00
   endloop
 endfacet
 facet normal -4.368999e-01  8.995101e-01 -2.716309e-05
   outer loop
     vertex  5.998820e+01  5.703443e+01  6.000000e+00
     vertex  5.994871e+01  5.701507e+01  0.000000e+00
     vertex  5.993398e+01  5.700809e+01  6.000000e+00
   endloop
 endfacet
 facet normal -4.435699e-01  8.962398e-01  2.728953e-05
   outer loop
     vertex  5.998820e+01  5.703443e+01  6.000000e+00
     vertex  6.000281e+01  5.704185e+01  0.000000e+00
     vertex  5.994871e+01  5.701507e+01  0.000000e+00
   endloop
 endfacet
 facet normal -4.679904e-01  8.837335e-01  2.736866e-05
   outer loop
     vertex  6.004169e+01  5.706225e+01  6.000000e+00
     vertex  6.005615e+01  5.707009e+01  0.000000e+00
     vertex  6.000281e+01  5.704185e+01  0.000000e+00
   endloop
 endfacet
 facet normal -4.613821e-01  8.872015e-01 -2.724243e-05
   outer loop
     vertex  6.004169e+01  5.706225e+01  6.000000e+00
     vertex  6.000281e+01  5.704185e+01  0.000000e+00
     vertex  5.998820e+01  5.703443e+01  6.000000e+00
   endloop
 endfacet
 facet normal -4.920587e-01  8.705620e-01  2.744735e-05
   outer loop
     vertex  6.009439e+01  5.709152e+01  6.000000e+00
     vertex  6.010870e+01  5.709979e+01  0.000000e+00
     vertex  6.005615e+01  5.707009e+01  0.000000e+00
   endloop
 endfacet
 facet normal -4.855178e-01  8.742268e-01 -2.732135e-05
   outer loop
     vertex  6.009439e+01  5.709152e+01  6.000000e+00
     vertex  6.005615e+01  5.707009e+01  0.000000e+00
     vertex  6.004169e+01  5.706225e+01  6.000000e+00
   endloop
 endfacet
 facet normal -5.157565e-01  8.567352e-01  2.752561e-05
   outer loop
     vertex  6.014627e+01  5.712222e+01  6.000000e+00
     vertex  6.016041e+01  5.713093e+01  0.000000e+00
     vertex  6.010870e+01  5.709979e+01  0.000000e+00
   endloop
 endfacet
 facet normal -5.092889e-01  8.605956e-01 -2.739982e-05
   outer loop
     vertex  6.014627e+01  5.712222e+01  6.000000e+00
     vertex  6.010870e+01  5.709979e+01  0.000000e+00
     vertex  6.009439e+01  5.709152e+01  6.000000e+00
   endloop
 endfacet
 facet normal -5.390661e-01  8.422635e-01  2.760343e-05
   outer loop
     vertex  6.019729e+01  5.715433e+01  6.000000e+00
     vertex  6.021125e+01  5.716346e+01  0.000000e+00
     vertex  6.016041e+01  5.713093e+01  0.000000e+00
   endloop
 endfacet
 facet normal -5.326777e-01  8.463182e-01 -2.747786e-05
   outer loop
     vertex  6.019729e+01  5.715433e+01  6.000000e+00
     vertex  6.016041e+01  5.713093e+01  0.000000e+00
     vertex  6.014627e+01  5.712222e+01  6.000000e+00
   endloop
 endfacet
 facet normal -5.619699e-01  8.271577e-01  2.768081e-05
   outer loop
     vertex  6.024741e+01  5.718783e+01  6.000000e+00
     vertex  6.026118e+01  5.719738e+01  0.000000e+00
     vertex  6.021125e+01  5.716346e+01  0.000000e+00
   endloop
 endfacet
 facet normal -5.556664e-01  8.314053e-01 -2.755547e-05
   outer loop
     vertex  6.024741e+01  5.718783e+01  6.000000e+00
     vertex  6.021125e+01  5.716346e+01  0.000000e+00
     vertex  6.019729e+01  5.715433e+01  6.000000e+00
   endloop
 endfacet
 facet normal -5.844507e-01  8.114292e-01  2.775776e-05
   outer loop
     vertex  6.029660e+01  5.722269e+01  6.000000e+00
     vertex  6.031016e+01  5.723266e+01  0.000000e+00
     vertex  6.026118e+01  5.719738e+01  0.000000e+00
   endloop
 endfacet
 facet normal -5.782380e-01  8.158682e-01 -2.763263e-05
   outer loop
     vertex  6.029660e+01  5.722269e+01  6.000000e+00
     vertex  6.026118e+01  5.719738e+01  0.000000e+00
     vertex  6.024741e+01  5.718783e+01  6.000000e+00
   endloop
 endfacet
 facet normal -6.064915e-01  7.950900e-01  2.783428e-05
   outer loop
     vertex  6.034481e+01  5.725888e+01  6.000000e+00
     vertex  6.035815e+01  5.726927e+01  0.000000e+00
     vertex  6.031016e+01  5.723266e+01  0.000000e+00
   endloop
 endfacet
 facet normal -6.003753e-01  7.997184e-01 -2.770936e-05
   outer loop
     vertex  6.034481e+01  5.725888e+01  6.000000e+00
     vertex  6.031016e+01  5.723266e+01  0.000000e+00
     vertex  6.029660e+01  5.722269e+01  6.000000e+00
   endloop
 endfacet
 facet normal -6.280757e-01  7.781522e-01  2.791035e-05
   outer loop
     vertex  6.039201e+01  5.729638e+01  6.000000e+00
     vertex  6.040512e+01  5.730718e+01  0.000000e+00
     vertex  6.035815e+01  5.726927e+01  0.000000e+00
   endloop
 endfacet
 facet normal -6.220618e-01  7.829681e-01 -2.778566e-05
   outer loop
     vertex  6.039201e+01  5.729638e+01  6.000000e+00
     vertex  6.035815e+01  5.726927e+01  0.000000e+00
     vertex  6.034481e+01  5.725888e+01  6.000000e+00
   endloop
 endfacet
 facet normal -6.491872e-01  7.606287e-01  2.798599e-05
   outer loop
     vertex  6.043816e+01  5.733516e+01  6.000000e+00
     vertex  6.045103e+01  5.734637e+01  0.000000e+00
     vertex  6.040512e+01  5.730718e+01  0.000000e+00
   endloop
 endfacet
 facet normal -6.432813e-01  7.656300e-01 -2.786151e-05
   outer loop
     vertex  6.043816e+01  5.733516e+01  6.000000e+00
     vertex  6.040512e+01  5.730718e+01  0.000000e+00
     vertex  6.039201e+01  5.729638e+01  6.000000e+00
   endloop
 endfacet
 facet normal -6.698100e-01  7.425325e-01  2.806119e-05
   outer loop
     vertex  6.048324e+01  5.737519e+01  6.000000e+00
     vertex  6.049585e+01  5.738680e+01  0.000000e+00
     vertex  6.045103e+01  5.734637e+01  0.000000e+00
   endloop
 endfacet
 facet normal -6.640177e-01  7.477169e-01 -2.793694e-05
   outer loop
     vertex  6.048324e+01  5.737519e+01  6.000000e+00
     vertex  6.045103e+01  5.734637e+01  0.000000e+00
     vertex  6.043816e+01  5.733516e+01  6.000000e+00
   endloop
 endfacet
 facet normal -6.899286e-01  7.238775e-01  2.813596e-05
   outer loop
     vertex  6.052720e+01  5.741644e+01  6.000000e+00
     vertex  6.053955e+01  5.742844e+01  0.000000e+00
     vertex  6.049585e+01  5.738680e+01  0.000000e+00
   endloop
 endfacet
 facet normal -6.842555e-01  7.292424e-01 -2.801192e-05
   outer loop
     vertex  6.052720e+01  5.741644e+01  6.000000e+00
     vertex  6.049585e+01  5.738680e+01  0.000000e+00
     vertex  6.048324e+01  5.737519e+01  6.000000e+00
   endloop
 endfacet
 facet normal -7.095278e-01  7.046775e-01  2.821029e-05
   outer loop
     vertex  6.057002e+01  5.745888e+01  6.000000e+00
     vertex  6.058208e+01  5.747127e+01  0.000000e+00
     vertex  6.053955e+01  5.742844e+01  0.000000e+00
   endloop
 endfacet
 facet normal -7.039795e-01  7.102203e-01 -2.808647e-05
   outer loop
     vertex  6.057002e+01  5.745888e+01  6.000000e+00
     vertex  6.053955e+01  5.742844e+01  0.000000e+00
     vertex  6.052720e+01  5.741644e+01  6.000000e+00
   endloop
 endfacet
 facet normal -7.285929e-01  6.849470e-01  2.828418e-05
   outer loop
     vertex  6.061165e+01  5.750248e+01  6.000000e+00
     vertex  6.062343e+01  5.751525e+01  0.000000e+00
     vertex  6.058208e+01  5.747127e+01  0.000000e+00
   endloop
 endfacet
 facet normal -7.231749e-01  6.906649e-01 -2.816058e-05
   outer loop
     vertex  6.061165e+01  5.750248e+01  6.000000e+00
     vertex  6.058208e+01  5.747127e+01  0.000000e+00
     vertex  6.057002e+01  5.745888e+01  6.000000e+00
   endloop
 endfacet
 facet normal -7.471095e-01  6.647010e-01  2.835764e-05
   outer loop
     vertex  6.065208e+01  5.754720e+01  6.000000e+00
     vertex  6.066355e+01  5.756034e+01  0.000000e+00
     vertex  6.062343e+01  5.751525e+01  0.000000e+00
   endloop
 endfacet
 facet normal -7.418273e-01  6.705909e-01 -2.823426e-05
   outer loop
     vertex  6.065208e+01  5.754720e+01  6.000000e+00
     vertex  6.062343e+01  5.751525e+01  0.000000e+00
     vertex  6.061165e+01  5.750248e+01  6.000000e+00
   endloop
 endfacet
 facet normal -7.650637e-01  6.439545e-01  2.843066e-05
   outer loop
     vertex  6.069127e+01  5.759301e+01  6.000000e+00
     vertex  6.070242e+01  5.760652e+01  0.000000e+00
     vertex  6.066355e+01  5.756034e+01  0.000000e+00
   endloop
 endfacet
 facet normal -7.599227e-01  6.500134e-01 -2.830750e-05
   outer loop
     vertex  6.069127e+01  5.759301e+01  6.000000e+00
     vertex  6.066355e+01  5.756034e+01  0.000000e+00
     vertex  6.065208e+01  5.754720e+01  6.000000e+00
   endloop
 endfacet
 facet normal -7.824421e-01  6.227234e-01  2.850325e-05
   outer loop
     vertex  6.072918e+01  5.763988e+01  6.000000e+00
     vertex  6.074000e+01  5.765375e+01  0.000000e+00
     vertex  6.070242e+01  5.760652e+01  0.000000e+00
   endloop
 endfacet
 facet normal -7.774475e-01  6.289478e-01 -2.838030e-05
   outer loop
     vertex  6.072918e+01  5.763988e+01  6.000000e+00
     vertex  6.070242e+01  5.760652e+01  0.000000e+00
     vertex  6.069127e+01  5.759301e+01  6.000000e+00
   endloop
 endfacet
 facet normal -7.992314e-01  6.010234e-01  2.857540e-05
   outer loop
     vertex  6.076580e+01  5.768777e+01  6.000000e+00
     vertex  6.077628e+01  5.770199e+01  0.000000e+00
     vertex  6.074000e+01  5.765375e+01  0.000000e+00
   endloop
 endfacet
 facet normal -7.943885e-01  6.074100e-01 -2.845267e-05
   outer loop
     vertex  6.076580e+01  5.768777e+01  6.000000e+00
     vertex  6.074000e+01  5.765375e+01  0.000000e+00
     vertex  6.072918e+01  5.763988e+01  6.000000e+00
   endloop
 endfacet
 facet normal -8.154191e-01  5.788711e-01  2.864711e-05
   outer loop
     vertex  6.080109e+01  5.773664e+01  6.000000e+00
     vertex  6.081122e+01  5.775121e+01  0.000000e+00
     vertex  6.077628e+01  5.770199e+01  0.000000e+00
   endloop
 endfacet
 facet normal -8.107330e-01  5.854160e-01 -2.852460e-05
   outer loop
     vertex  6.080109e+01  5.773664e+01  6.000000e+00
     vertex  6.077628e+01  5.770199e+01  0.000000e+00
     vertex  6.076580e+01  5.768777e+01  6.000000e+00
   endloop
 endfacet
 facet normal -8.309929e-01  5.562829e-01  2.871838e-05
   outer loop
     vertex  6.083503e+01  5.778647e+01  6.000000e+00
     vertex  6.084480e+01  5.780137e+01  0.000000e+00
     vertex  6.081122e+01  5.775121e+01  0.000000e+00
   endloop
 endfacet
 facet normal -8.264688e-01  5.629825e-01 -2.859609e-05
   outer loop
     vertex  6.083503e+01  5.778647e+01  6.000000e+00
     vertex  6.081122e+01  5.775121e+01  0.000000e+00
     vertex  6.080109e+01  5.773664e+01  6.000000e+00
   endloop
 endfacet
 facet normal -8.415840e-01  5.401263e-01 -2.866715e-05
   outer loop
     vertex  6.086759e+01  5.783720e+01  6.000000e+00
     vertex  6.084480e+01  5.780137e+01  0.000000e+00
     vertex  6.083503e+01  5.778647e+01  6.000000e+00
   endloop
 endfacet
 facet normal -8.459413e-01  5.332761e-01  2.878922e-05
   outer loop
     vertex  6.086759e+01  5.783720e+01  6.000000e+00
     vertex  6.087699e+01  5.785243e+01  0.000000e+00
     vertex  6.084480e+01  5.780137e+01  0.000000e+00
   endloop
 endfacet
 facet normal -8.560673e-01  5.168644e-01 -2.873777e-05
   outer loop
     vertex  6.089875e+01  5.788881e+01  6.000000e+00
     vertex  6.087699e+01  5.785243e+01  0.000000e+00
     vertex  6.086759e+01  5.783720e+01  6.000000e+00
   endloop
 endfacet
 facet normal -8.602528e-01  5.098678e-01  2.885963e-05
   outer loop
     vertex  6.089875e+01  5.788881e+01  6.000000e+00
     vertex  6.090777e+01  5.790436e+01  0.000000e+00
     vertex  6.087699e+01  5.785243e+01  0.000000e+00
   endloop
 endfacet
 facet normal -8.699077e-01  4.932145e-01 -2.880795e-05
   outer loop
     vertex  6.092848e+01  5.794125e+01  6.000000e+00
     vertex  6.090777e+01  5.790436e+01  0.000000e+00
     vertex  6.089875e+01  5.788881e+01  6.000000e+00
   endloop
 endfacet
 facet normal -8.739167e-01  4.860756e-01  2.892959e-05
   outer loop
     vertex  6.092848e+01  5.794125e+01  6.000000e+00
     vertex  6.093711e+01  5.795711e+01  0.000000e+00
     vertex  6.090777e+01  5.790436e+01  0.000000e+00
   endloop
 endfacet
 facet normal -8.830950e-01  4.691943e-01 -2.887770e-05
   outer loop
     vertex  6.095677e+01  5.799449e+01  6.000000e+00
     vertex  6.093711e+01  5.795711e+01  0.000000e+00
     vertex  6.092848e+01  5.794125e+01  6.000000e+00
   endloop
 endfacet
 facet normal -8.869228e-01  4.619176e-01  2.899912e-05
   outer loop
     vertex  6.095677e+01  5.799449e+01  6.000000e+00
     vertex  6.096499e+01  5.801064e+01  0.000000e+00
     vertex  6.093711e+01  5.795711e+01  0.000000e+00
   endloop
 endfacet
 facet normal -8.956191e-01  4.448217e-01 -2.894701e-05
   outer loop
     vertex  6.098359e+01  5.804848e+01  6.000000e+00
     vertex  6.096499e+01  5.801064e+01  0.000000e+00
     vertex  6.095677e+01  5.799449e+01  6.000000e+00
   endloop
 endfacet
 facet normal -8.992613e-01  4.374119e-01  2.906822e-05
   outer loop
     vertex  6.098359e+01  5.804848e+01  6.000000e+00
     vertex  6.099139e+01  5.806492e+01  0.000000e+00
     vertex  6.096499e+01  5.801064e+01  0.000000e+00
   endloop
 endfacet
 facet normal -9.074708e-01  4.201151e-01 -2.901589e-05
   outer loop
     vertex  6.100891e+01  5.810319e+01  6.000000e+00
     vertex  6.099139e+01  5.806492e+01  0.000000e+00
     vertex  6.098359e+01  5.804848e+01  6.000000e+00
   endloop
 endfacet
 facet normal -9.109228e-01  4.125769e-01  2.913687e-05
   outer loop
     vertex  6.100891e+01  5.810319e+01  6.000000e+00
     vertex  6.101629e+01  5.811991e+01  0.000000e+00
     vertex  6.099139e+01  5.806492e+01  0.000000e+00
   endloop
 endfacet
 facet normal -9.186411e-01  3.950931e-01 -2.908433e-05
   outer loop
     vertex  6.103273e+01  5.815857e+01  6.000000e+00
     vertex  6.101629e+01  5.811991e+01  0.000000e+00
     vertex  6.100891e+01  5.810319e+01  6.000000e+00
   endloop
 endfacet
 facet normal -9.218986e-01  3.874313e-01  2.920509e-05
   outer loop
     vertex  6.103273e+01  5.815857e+01  6.000000e+00
     vertex  6.103968e+01  5.817555e+01  0.000000e+00
     vertex  6.101629e+01  5.811991e+01  0.000000e+00
   endloop
 endfacet
 facet normal -9.291216e-01  3.697744e-01 -2.915233e-05
   outer loop
     vertex  6.105502e+01  5.821458e+01  6.000000e+00
     vertex  6.103968e+01  5.817555e+01  0.000000e+00
     vertex  6.103273e+01  5.815857e+01  6.000000e+00
   endloop
 endfacet
 facet normal -9.321804e-01  3.619940e-01  2.927288e-05
   outer loop
     vertex  6.105502e+01  5.821458e+01  6.000000e+00
     vertex  6.106153e+01  5.823182e+01  0.000000e+00
     vertex  6.103968e+01  5.817555e+01  0.000000e+00
   endloop
 endfacet
 facet normal -9.389044e-01  3.441780e-01 -2.921990e-05
   outer loop
     vertex  6.107577e+01  5.827118e+01  6.000000e+00
     vertex  6.106153e+01  5.823182e+01  0.000000e+00
     vertex  6.105502e+01  5.821458e+01  6.000000e+00
   endloop
 endfacet
 facet normal -9.417605e-01  3.362843e-01  2.934023e-05
   outer loop
     vertex  6.107577e+01  5.827118e+01  6.000000e+00
     vertex  6.108183e+01  5.828867e+01  0.000000e+00
     vertex  6.106153e+01  5.823182e+01  0.000000e+00
   endloop
 endfacet
 facet normal -9.479822e-01  3.183233e-01 -2.928703e-05
   outer loop
     vertex  6.109496e+01  5.832833e+01  6.000000e+00
     vertex  6.108183e+01  5.828867e+01  0.000000e+00
     vertex  6.107577e+01  5.827118e+01  6.000000e+00
   endloop
 endfacet
 facet normal -9.506317e-01  3.103214e-01  2.940714e-05
   outer loop
     vertex  6.109496e+01  5.832833e+01  6.000000e+00
     vertex  6.110056e+01  5.834605e+01  0.000000e+00
     vertex  6.108183e+01  5.828867e+01  0.000000e+00
   endloop
 endfacet
 facet normal -9.563482e-01  2.922294e-01 -2.935372e-05
   outer loop
     vertex  6.111258e+01  5.838598e+01  6.000000e+00
     vertex  6.110056e+01  5.834605e+01  0.000000e+00
     vertex  6.109496e+01  5.832833e+01  6.000000e+00
   endloop
 endfacet
 facet normal -9.587873e-01  2.841250e-01  2.947361e-05
   outer loop
     vertex  6.111258e+01  5.838598e+01  6.000000e+00
     vertex  6.111771e+01  5.840392e+01  0.000000e+00
     vertex  6.110056e+01  5.834605e+01  0.000000e+00
   endloop
 endfacet
 facet normal -9.639961e-01  2.659162e-01 -2.941998e-05
   outer loop
     vertex  6.112861e+01  5.844410e+01  6.000000e+00
     vertex  6.111771e+01  5.840392e+01  0.000000e+00
     vertex  6.111258e+01  5.838598e+01  6.000000e+00
   endloop
 endfacet
 facet normal -9.662211e-01  2.577146e-01  2.953965e-05
   outer loop
     vertex  6.112861e+01  5.844410e+01  6.000000e+00
     vertex  6.113326e+01  5.846224e+01  0.000000e+00
     vertex  6.111771e+01  5.840392e+01  0.000000e+00
   endloop
 endfacet
 facet normal -9.709202e-01  2.394033e-01 -2.948580e-05
   outer loop
     vertex  6.114304e+01  5.850263e+01  6.000000e+00
     vertex  6.113326e+01  5.846224e+01  0.000000e+00
     vertex  6.112861e+01  5.844410e+01  6.000000e+00
   endloop
 endfacet
 facet normal -9.729276e-01  2.311102e-01  2.960526e-05
   outer loop
     vertex  6.114304e+01  5.850263e+01  6.000000e+00
     vertex  6.114721e+01  5.852097e+01  0.000000e+00
     vertex  6.113326e+01  5.846224e+01  0.000000e+00
   endloop
 endfacet
 facet normal -9.789017e-01  2.043319e-01  2.967042e-05
   outer loop
     vertex  6.115586e+01  5.856153e+01  6.000000e+00
     vertex  6.115955e+01  5.858006e+01  0.000000e+00
     vertex  6.114721e+01  5.852097e+01  0.000000e+00
   endloop
 endfacet
 facet normal -9.771152e-01  2.127106e-01 -2.955118e-05
   outer loop
     vertex  6.115586e+01  5.856153e+01  6.000000e+00
     vertex  6.114721e+01  5.852097e+01  0.000000e+00
     vertex  6.114304e+01  5.850263e+01  6.000000e+00
   endloop
 endfacet
 facet normal -9.825766e-01  1.858582e-01 -2.961613e-05
   outer loop
     vertex  6.116707e+01  5.862077e+01  6.000000e+00
     vertex  6.115955e+01  5.858006e+01  0.000000e+00
     vertex  6.115586e+01  5.856153e+01  6.000000e+00
   endloop
 endfacet
 facet normal -9.841389e-01  1.773998e-01  2.973515e-05
   outer loop
     vertex  6.116707e+01  5.862077e+01  6.000000e+00
     vertex  6.117026e+01  5.863946e+01  0.000000e+00
     vertex  6.115955e+01  5.858006e+01  0.000000e+00
   endloop
 endfacet
 facet normal -9.886353e-01  1.503341e-01  2.979945e-05
   outer loop
     vertex  6.117664e+01  5.868029e+01  6.000000e+00
     vertex  6.117933e+01  5.869913e+01  0.000000e+00
     vertex  6.117026e+01  5.863946e+01  0.000000e+00
   endloop
 endfacet
 facet normal -9.873001e-01  1.588663e-01 -2.968064e-05
   outer loop
     vertex  6.117664e+01  5.868029e+01  6.000000e+00
     vertex  6.117026e+01  5.863946e+01  0.000000e+00
     vertex  6.116707e+01  5.862077e+01  6.000000e+00
   endloop
 endfacet
 facet normal -9.923874e-01  1.231552e-01  2.986330e-05
   outer loop
     vertex  6.118459e+01  5.874005e+01  6.000000e+00
     vertex  6.118676e+01  5.875903e+01  0.000000e+00
     vertex  6.117933e+01  5.869913e+01  0.000000e+00
   endloop
 endfacet
 facet normal -9.912823e-01  1.317551e-01 -2.974472e-05
   outer loop
     vertex  6.118459e+01  5.874005e+01  6.000000e+00
     vertex  6.117933e+01  5.869913e+01  0.000000e+00
     vertex  6.117664e+01  5.868029e+01  6.000000e+00
   endloop
 endfacet
 facet normal -9.953925e-01  9.588368e-02  2.992672e-05
   outer loop
     vertex  6.119089e+01  5.880000e+01  6.000000e+00
     vertex  6.119255e+01  5.881912e+01  0.000000e+00
     vertex  6.118676e+01  5.875903e+01  0.000000e+00
   endloop
 endfacet
 facet normal -9.976484e-01  6.853995e-02 -5.781942e-05
   outer loop
     vertex  6.119089e+01  5.880000e+01  6.000000e+00
     vertex  6.119669e+01  5.887934e+01  0.000000e+00
     vertex  6.119255e+01  5.881912e+01  0.000000e+00
   endloop
 endfacet
 facet normal -9.945202e-01  1.045449e-01 -2.980836e-05
   outer loop
     vertex  6.119089e+01  5.880000e+01  6.000000e+00
     vertex  6.118676e+01  5.875903e+01  0.000000e+00
     vertex  6.118459e+01  5.874005e+01  6.000000e+00
   endloop
 endfacet
 facet normal -9.968292e-01  7.957122e-02 -2.124855e-14
   outer loop
     vertex  6.119487e+01  5.884991e+01  8.000000e+00
     vertex  6.119089e+01  5.880000e+01  6.000000e+00
     vertex  6.119089e+01  5.880000e+01  8.000000e+00
   endloop
 endfacet
 facet normal -9.970111e-01  7.725843e-02  5.807739e-05
   outer loop
     vertex  6.119487e+01  5.884991e+01  8.000000e+00
     vertex  6.119669e+01  5.887934e+01  0.000000e+00
     vertex  6.119089e+01  5.880000e+01  6.000000e+00
   endloop
 endfacet
 facet normal -9.991532e-01  4.114462e-02  2.326244e-05
   outer loop
     vertex  6.119772e+01  5.889990e+01  8.000000e+00
     vertex  6.119917e+01  5.893965e+01  0.000000e+00
     vertex  6.119669e+01  5.887934e+01  0.000000e+00
   endloop
 endfacet
 facet normal -9.983818e-01  5.686604e-02 -1.724259e-05
   outer loop
     vertex  6.119772e+01  5.889990e+01  8.000000e+00
     vertex  6.119669e+01  5.887934e+01  0.000000e+00
     vertex  6.119487e+01  5.884991e+01  8.000000e+00
   endloop
 endfacet
 facet normal -9.999059e-01  1.371831e-02  1.464112e-05
   outer loop
     vertex  6.119943e+01  5.894994e+01  8.000000e+00
     vertex  6.120000e+01  5.900000e+01  0.000000e+00
     vertex  6.119917e+01  5.893965e+01  0.000000e+00
   endloop
 endfacet
 facet normal -9.994174e-01  3.413141e-02 -1.163125e-05
   outer loop
     vertex  6.119943e+01  5.894994e+01  8.000000e+00
     vertex  6.119917e+01  5.893965e+01  0.000000e+00
     vertex  6.119772e+01  5.889990e+01  8.000000e+00
   endloop
 endfacet
 facet normal -9.999353e-01  1.137910e-02  0.000000e+00
   outer loop
     vertex  6.120000e+01  5.900000e+01  8.000000e+00
     vertex  6.120000e+01  5.900000e+01  0.000000e+00
     vertex  6.119943e+01  5.894994e+01  8.000000e+00
   endloop
 endfacet
 facet normal  0.000000e+00  0.000000e+00  1.000000e+00
   outer loop
     vertex  6.500000e+01  5.880000e+01  3.400000e+01
     vertex  0.000000e+00  6.080000e+01  3.400000e+01
     vertex  0.000000e+00  5.880000e+01  3.400000e+01
   endloop
 endfacet
 facet normal  0.000000e+00  0.000000e+00  1.000000e+00
   outer loop
     vertex  6.500000e+01  6.080000e+01  3.400000e+01
     vertex  0.000000e+00  6.080000e+01  3.400000e+01
     vertex  6.500000e+01  5.880000e+01  3.400000e+01
   endloop
 endfacet
 facet normal  0.000000e+00  1.000000e+00  0.000000e+00
   outer loop
     vertex  4.735089e+00  6.080000e+01  8.000000e+00
     vertex  4.735089e+00  6.080000e+01  6.000000e+00
     vertex  0.000000e+00  6.080000e+01  6.000000e+00
   endloop
 endfacet
 facet normal  0.000000e+00  1.000000e+00  0.000000e+00
   outer loop
     vertex  0.000000e+00  6.080000e+01  3.400000e+01
     vertex  7.264911e+00  6.080000e+01  8.000000e+00
     vertex  4.735089e+00  6.080000e+01  8.000000e+00
   endloop
 endfacet
 facet normal  0.000000e+00  1.000000e+00  0.000000e+00
   outer loop
     vertex  0.000000e+00  6.080000e+01  3.400000e+01
     vertex  4.735089e+00  6.080000e+01  8.000000e+00
     vertex  0.000000e+00  6.080000e+01  6.000000e+00
   endloop
 endfacet
 facet normal  0.000000e+00  1.000000e+00  0.000000e+00
   outer loop
     vertex  5.773509e+01  6.080000e+01  6.000000e+00
     vertex  7.264911e+00  6.080000e+01  6.000000e+00
     vertex  7.264911e+00  6.080000e+01  8.000000e+00
   endloop
 endfacet
 facet normal  0.000000e+00  1.000000e+00  0.000000e+00
   outer loop
     vertex  5.773509e+01  6.080000e+01  8.000000e+00
     vertex  5.773509e+01  6.080000e+01  6.000000e+00
     vertex  7.264911e+00  6.080000e+01  8.000000e+00
   endloop
 endfacet
 facet normal  0.000000e+00  1.000000e+00  0.000000e+00
   outer loop
     vertex  6.500000e+01  6.080000e+01  6.000000e+00
     vertex  6.026491e+01  6.080000e+01  6.000000e+00
     vertex  6.026491e+01  6.080000e+01  8.000000e+00
   endloop
 endfacet
 facet normal  0.000000e+00  1.000000e+00  0.000000e+00
   outer loop
     vertex  6.500000e+01  6.080000e+01  3.400000e+01
     vertex  6.026491e+01  6.080000e+01  8.000000e+00
     vertex  5.773509e+01  6.080000e+01  8.000000e+00
   endloop
 endfacet
 facet normal  0.000000e+00  1.000000e+00  0.000000e+00
   outer loop
     vertex  6.500000e+01  6.080000e+01  3.400000e+01
     vertex  7.264911e+00  6.080000e+01  8.000000e+00
     vertex  0.000000e+00  6.080000e+01  3.400000e+01
   endloop
 endfacet
 facet normal  0.000000e+00  1.000000e+00  0.000000e+00
   outer loop
     vertex  6.500000e+01  6.080000e+01  3.400000e+01
     vertex  5.773509e+01  6.080000e+01  8.000000e+00
     vertex  7.264911e+00  6.080000e+01  8.000000e+00
   endloop
 endfacet
 facet normal  0.000000e+00  1.000000e+00  0.000000e+00
   outer loop
     vertex  6.500000e+01  6.080000e+01  3.400000e+01
     vertex  6.500000e+01  6.080000e+01  6.000000e+00
     vertex  6.026491e+01  6.080000e+01  8.000000e+00
   endloop
 endfacet
 facet normal  1.000000e+00  0.000000e+00  0.000000e+00
   outer loop
     vertex  6.500000e+01  3.000000e+00  3.400000e+01
     vertex  6.500000e+01  3.000000e+00  6.000000e+00
     vertex  6.500000e+01  5.000000e+00  6.000000e+00
   endloop
 endfacet
 facet normal  1.000000e+00 -0.000000e+00  0.000000e+00
   outer loop
     vertex  6.500000e+01  3.000000e+00  3.400000e+01
     vertex  6.500000e+01  5.000000e+00  6.000000e+00
     vertex  6.500000e+01  5.000000e+00  3.400000e+01
   endloop
 endfacet
 facet normal  1.000000e+00  0.000000e+00  0.000000e+00
   outer loop
     vertex  6.500000e+01  9.200000e+00  3.400000e+01
     vertex  6.500000e+01  9.200000e+00  6.000000e+00
     vertex  6.500000e+01  1.120000e+01  6.000000e+00
   endloop
 endfacet
 facet normal  1.000000e+00 -0.000000e+00  0.000000e+00
   outer loop
     vertex  6.500000e+01  9.200000e+00  3.400000e+01
     vertex  6.500000e+01  1.120000e+01  6.000000e+00
     vertex  6.500000e+01  1.120000e+01  3.400000e+01
   endloop
 endfacet
 facet normal  1.000000e+00  0.000000e+00  0.000000e+00
   outer loop
     vertex  6.500000e+01  1.540000e+01  3.400000e+01
     vertex  6.500000e+01  1.540000e+01  6.000000e+00
     vertex  6.500000e+01  1.740000e+01  6.000000e+00
   endloop
 endfacet
 facet normal  1.000000e+00 -0.000000e+00  0.000000e+00
   outer loop
     vertex  6.500000e+01  1.540000e+01  3.400000e+01
     vertex  6.500000e+01  1.740000e+01  6.000000e+00
     vertex  6.500000e+01  1.740000e+01  3.400000e+01
   endloop
 endfacet
 facet normal  1.000000e+00  0.000000e+00  0.000000e+00
   outer loop
     vertex  6.500000e+01  2.160000e+01  3.400000e+01
     vertex  6.500000e+01  2.160000e+01  6.000000e+00
     vertex  6.500000e+01  2.360000e+01  6.000000e+00
   endloop
 endfacet
 facet normal  1.000000e+00 -0.000000e+00  0.000000e+00
   outer loop
     vertex  6.500000e+01  2.160000e+01  3.400000e+01
     vertex  6.500000e+01  2.360000e+01  6.000000e+00
     vertex  6.500000e+01  2.360000e+01  3.400000e+01
   endloop
 endfacet
 facet normal  1.000000e+00  0.000000e+00  0.000000e+00
   outer loop
     vertex  6.500000e+01  2.780000e+01  3.400000e+01
     vertex  6.500000e+01  2.780000e+01  6.000000e+00
     vertex  6.500000e+01  2.980000e+01  6.000000e+00
   endloop
 endfacet
 facet normal  1.000000e+00 -0.000000e+00  0.000000e+00
   outer loop
     vertex  6.500000e+01  2.780000e+01  3.400000e+01
     vertex  6.500000e+01  2.980000e+01  6.000000e+00
     vertex  6.500000e+01  2.980000e+01  3.400000e+01
   endloop
 endfacet
 facet normal  1.000000e+00  0.000000e+00  0.000000e+00
   outer loop
     vertex  6.500000e+01  3.400000e+01  3.400000e+01
     vertex  6.500000e+01  3.400000e+01  6.000000e+00
     vertex  6.500000e+01  3.600000e+01  6.000000e+00
   endloop
 endfacet
 facet normal  1.000000e+00 -0.000000e+00  0.000000e+00
   outer loop
     vertex  6.500000e+01  3.400000e+01  3.400000e+01
     vertex  6.500000e+01  3.600000e+01  6.000000e+00
     vertex  6.500000e+01  3.600000e+01  3.400000e+01
   endloop
 endfacet
 facet normal  1.000000e+00  0.000000e+00  0.000000e+00
   outer loop
     vertex  6.500000e+01  4.020000e+01  3.400000e+01
     vertex  6.500000e+01  4.020000e+01  6.000000e+00
     vertex  6.500000e+01  4.220000e+01  6.000000e+00
   endloop
 endfacet
 facet normal  1.000000e+00 -0.000000e+00  0.000000e+00
   outer loop
     vertex  6.500000e+01  4.020000e+01  3.400000e+01
     vertex  6.500000e+01  4.220000e+01  6.000000e+00
     vertex  6.500000e+01  4.220000e+01  3.400000e+01
   endloop
 endfacet
 facet normal  1.000000e+00  0.000000e+00  0.000000e+00
   outer loop
     vertex  6.500000e+01  4.640000e+01  3.400000e+01
     vertex  6.500000e+01  4.640000e+01  6.000000e+00
     vertex  6.500000e+01  4.840000e+01  6.000000e+00
   endloop
 endfacet
 facet normal  1.000000e+00 -0.000000e+00  0.000000e+00
   outer loop
     vertex  6.500000e+01  4.640000e+01  3.400000e+01
     vertex  6.500000e+01  4.840000e+01  6.000000e+00
     vertex  6.500000e+01  4.840000e+01  3.400000e+01
   endloop
 endfacet
 facet normal  1.000000e+00  0.000000e+00  0.000000e+00
   outer loop
     vertex  6.500000e+01  5.260000e+01  3.400000e+01
     vertex  6.500000e+01  5.260000e+01  6.000000e+00
     vertex  6.500000e+01  5.460000e+01  6.000000e+00
   endloop
 endfacet
 facet normal  1.000000e+00 -0.000000e+00  0.000000e+00
   outer loop
     vertex  6.500000e+01  5.260000e+01  3.400000e+01
     vertex  6.500000e+01  5.460000e+01  6.000000e+00
     vertex  6.500000e+01  5.460000e+01  3.400000e+01
   endloop
 endfacet
 facet normal  1.000000e+00  0.000000e+00  0.000000e+00
   outer loop
     vertex  6.500000e+01  5.880000e+01  3.400000e+01
     vertex  6.500000e+01  5.880000e+01  6.000000e+00
     vertex  6.500000e+01  6.080000e+01  6.000000e+00
   endloop
 endfacet
 facet normal  1.000000e+00 -0.000000e+00  0.000000e+00
   outer loop
     vertex  6.500000e+01  5.880000e+01  3.400000e+01
     vertex  6.500000e+01  6.080000e+01  6.000000e+00
     vertex  6.500000e+01  6.080000e+01  3.400000e+01
   endloop
 endfacet
 facet normal  0.000000e+00  0.000000e+00 -1.000000e+00
   outer loop
     vertex  4.231066e+00  4.691997e+00  8.000000e+00
     vertex  4.305570e+00  4.596823e+00  8.000000e+00
     vertex  4.267664e+00  4.643898e+00  8.000000e+00
   endloop
 endfacet
 facet normal  0.000000e+00  0.000000e+00 -1.000000e+00
   outer loop
     vertex  4.195803e+00  4.741083e+00  8.000000e+00
     vertex  4.344755e+00  4.550806e+00  8.000000e+00
     vertex  4.305570e+00  4.596823e+00  8.000000e+00
   endloop
 endfacet
 facet normal  0.000000e+00  0.000000e+00 -1.000000e+00
   outer loop
     vertex  4.195803e+00  4.741083e+00  8.000000e+00
     vertex  4.385188e+00  4.505884e+00  8.000000e+00
     vertex  4.344755e+00  4.550806e+00  8.000000e+00
   endloop
 endfacet
 facet normal  0.000000e+00  0.000000e+00 -1.000000e+00
   outer loop
     vertex  4.195803e+00  4.741083e+00  8.000000e+00
     vertex  4.426841e+00  4.462089e+00  8.000000e+00
     vertex  4.385188e+00  4.505884e+00  8.000000e+00
   endloop
 endfacet
 facet normal  0.000000e+00  0.000000e+00 -1.000000e+00
   outer loop
     vertex  4.195803e+00  4.741083e+00  8.000000e+00
     vertex  4.305570e+00  4.596823e+00  8.000000e+00
     vertex  4.231066e+00  4.691997e+00  8.000000e+00
   endloop
 endfacet
 facet normal  0.000000e+00  0.000000e+00 -1.000000e+00
   outer loop
     vertex  4.749784e+00  4.189762e+00  8.000000e+00
     vertex  4.700529e+00  4.224789e+00  8.000000e+00
     vertex  4.652254e+00  4.261155e+00  8.000000e+00
   endloop
 endfacet
 facet normal  0.000000e+00  0.000000e+00 -1.000000e+00
   outer loop
     vertex  4.098285e+00  4.893890e+00  8.000000e+00
     vertex  4.161901e+00  4.791119e+00  8.000000e+00
     vertex  4.129387e+00  4.842068e+00  8.000000e+00
   endloop
 endfacet
 facet normal  0.000000e+00  0.000000e+00 -1.000000e+00
   outer loop
     vertex  4.098285e+00  4.893890e+00  8.000000e+00
     vertex  4.195803e+00  4.741083e+00  8.000000e+00
     vertex  4.161901e+00  4.791119e+00  8.000000e+00
   endloop
 endfacet
 facet normal  0.000000e+00  0.000000e+00 -1.000000e+00
   outer loop
     vertex  4.955859e+00  4.063568e+00  8.000000e+00
     vertex  4.851087e+00  4.123834e+00  8.000000e+00
     vertex  4.799983e+00  4.156102e+00  8.000000e+00
   endloop
 endfacet
 facet normal  0.000000e+00  0.000000e+00 -1.000000e+00
   outer loop
     vertex  4.955859e+00  4.063568e+00  8.000000e+00
     vertex  4.903059e+00  4.092981e+00  8.000000e+00
     vertex  4.851087e+00  4.123834e+00  8.000000e+00
   endloop
 endfacet
 facet normal  0.000000e+00  0.000000e+00 -1.000000e+00
   outer loop
     vertex  4.040408e+00  5.000000e+00  8.000000e+00
     vertex  4.098285e+00  4.893890e+00  8.000000e+00
     vertex  4.068618e+00  4.946548e+00  8.000000e+00
   endloop
 endfacet
 facet normal  0.000000e+00  0.000000e+00 -1.000000e+00
   outer loop
     vertex  4.040408e+00  5.000000e+00  8.000000e+00
     vertex  4.469681e+00  4.419455e+00  8.000000e+00
     vertex  4.426841e+00  4.462089e+00  8.000000e+00
   endloop
 endfacet
 facet normal  0.000000e+00  0.000000e+00 -1.000000e+00
   outer loop
     vertex  4.040408e+00  5.000000e+00  8.000000e+00
     vertex  4.513676e+00  4.378013e+00  8.000000e+00
     vertex  4.469681e+00  4.419455e+00  8.000000e+00
   endloop
 endfacet
 facet normal  0.000000e+00  0.000000e+00 -1.000000e+00
   outer loop
     vertex  4.040408e+00  5.000000e+00  8.000000e+00
     vertex  4.195803e+00  4.741083e+00  8.000000e+00
     vertex  4.098285e+00  4.893890e+00  8.000000e+00
   endloop
 endfacet
 facet normal  0.000000e+00  0.000000e+00 -1.000000e+00
   outer loop
     vertex  4.040408e+00  5.000000e+00  8.000000e+00
     vertex  4.426841e+00  4.462089e+00  8.000000e+00
     vertex  4.195803e+00  4.741083e+00  8.000000e+00
   endloop
 endfacet
 facet normal  0.000000e+00  0.000000e+00 -1.000000e+00
   outer loop
     vertex  5.287771e+00  3.918479e+00  8.000000e+00
     vertex  5.118823e+00  3.984181e+00  8.000000e+00
     vertex  5.063782e+00  4.009147e+00  8.000000e+00
   endloop
 endfacet
 facet normal  0.000000e+00  0.000000e+00 -1.000000e+00
   outer loop
     vertex  5.287771e+00  3.918479e+00  8.000000e+00
     vertex  5.174530e+00  3.960735e+00  8.000000e+00
     vertex  5.118823e+00  3.984181e+00  8.000000e+00
   endloop
 endfacet
 facet normal  0.000000e+00  0.000000e+00 -1.000000e+00
   outer loop
     vertex  5.287771e+00  3.918479e+00  8.000000e+00
     vertex  5.230860e+00  3.938829e+00  8.000000e+00
     vertex  5.174530e+00  3.960735e+00  8.000000e+00
   endloop
 endfacet
 facet normal  0.000000e+00  0.000000e+00 -1.000000e+00
   outer loop
     vertex  5.403161e+00  3.882506e+00  8.000000e+00
     vertex  5.345219e+00  3.899700e+00  8.000000e+00
     vertex  5.287771e+00  3.918479e+00  8.000000e+00
   endloop
 endfacet
 facet normal  0.000000e+00  0.000000e+00 -1.000000e+00
   outer loop
     vertex  5.520352e+00  3.852923e+00  8.000000e+00
     vertex  4.799983e+00  4.156102e+00  8.000000e+00
     vertex  4.749784e+00  4.189762e+00  8.000000e+00
   endloop
 endfacet
 facet normal  0.000000e+00  0.000000e+00 -1.000000e+00
   outer loop
     vertex  5.520352e+00  3.852923e+00  8.000000e+00
     vertex  5.009446e+00  4.035616e+00  8.000000e+00
     vertex  4.955859e+00  4.063568e+00  8.000000e+00
   endloop
 endfacet
 facet normal  0.000000e+00  0.000000e+00 -1.000000e+00
   outer loop
     vertex  5.520352e+00  3.852923e+00  8.000000e+00
     vertex  5.063782e+00  4.009147e+00  8.000000e+00
     vertex  5.009446e+00  4.035616e+00  8.000000e+00
   endloop
 endfacet
 facet normal  0.000000e+00  0.000000e+00 -1.000000e+00
   outer loop
     vertex  5.520352e+00  3.852923e+00  8.000000e+00
     vertex  5.287771e+00  3.918479e+00  8.000000e+00
     vertex  5.063782e+00  4.009147e+00  8.000000e+00
   endloop
 endfacet
 facet normal  0.000000e+00  0.000000e+00 -1.000000e+00
   outer loop
     vertex  5.520352e+00  3.852923e+00  8.000000e+00
     vertex  5.461553e+00  3.866909e+00  8.000000e+00
     vertex  5.403161e+00  3.882506e+00  8.000000e+00
   endloop
 endfacet
 facet normal  0.000000e+00  0.000000e+00 -1.000000e+00
   outer loop
     vertex  5.520352e+00  3.852923e+00  8.000000e+00
     vertex  5.403161e+00  3.882506e+00  8.000000e+00
     vertex  5.287771e+00  3.918479e+00  8.000000e+00
   endloop
 endfacet
 facet normal  0.000000e+00  0.000000e+00 -1.000000e+00
   outer loop
     vertex  5.520352e+00  3.852923e+00  8.000000e+00
     vertex  4.955859e+00  4.063568e+00  8.000000e+00
     vertex  4.799983e+00  4.156102e+00  8.000000e+00
   endloop
 endfacet
 facet normal  0.000000e+00  0.000000e+00 -1.000000e+00
   outer loop
     vertex  5.638992e+00  3.829822e+00  8.000000e+00
     vertex  5.579513e+00  3.840558e+00  8.000000e+00
     vertex  5.520352e+00  3.852923e+00  8.000000e+00
   endloop
 endfacet
 facet normal  0.000000e+00  0.000000e+00 -1.000000e+00
   outer loop
     vertex  5.758721e+00  3.813271e+00  8.000000e+00
     vertex  5.698743e+00  3.820724e+00  8.000000e+00
     vertex  5.638992e+00  3.829822e+00  8.000000e+00
   endloop
 endfacet
 facet normal  0.000000e+00  0.000000e+00 -1.000000e+00
   outer loop
     vertex  6.120822e+00  3.803320e+00  8.000000e+00
     vertex  5.818881e+00  3.807468e+00  8.000000e+00
     vertex  5.758721e+00  3.813271e+00  8.000000e+00
   endloop
 endfacet
 facet normal  0.000000e+00  0.000000e+00 -1.000000e+00
   outer loop
     vertex  6.120822e+00  3.803320e+00  8.000000e+00
     vertex  5.879178e+00  3.803320e+00  8.000000e+00
     vertex  5.818881e+00  3.807468e+00  8.000000e+00
   endloop
 endfacet
 facet normal -0.000000e+00  0.000000e+00 -1.000000e+00
   outer loop
     vertex  6.120822e+00  3.803320e+00  8.000000e+00
     vertex  5.939566e+00  3.800830e+00  8.000000e+00
     vertex  5.879178e+00  3.803320e+00  8.000000e+00
   endloop
 endfacet
 facet normal  0.000000e+00  0.000000e+00 -1.000000e+00
   outer loop
     vertex  6.120822e+00  3.803320e+00  8.000000e+00
     vertex  6.000000e+00  3.800000e+00  8.000000e+00
     vertex  5.939566e+00  3.800830e+00  8.000000e+00
   endloop
 endfacet
 facet normal  0.000000e+00  0.000000e+00 -1.000000e+00
   outer loop
     vertex  6.120822e+00  3.803320e+00  8.000000e+00
     vertex  6.060434e+00  3.800830e+00  8.000000e+00
     vertex  6.000000e+00  3.800000e+00  8.000000e+00
   endloop
 endfacet
 facet normal  0.000000e+00  0.000000e+00 -1.000000e+00
   outer loop
     vertex  6.241279e+00  3.813271e+00  8.000000e+00
     vertex  6.181119e+00  3.807468e+00  8.000000e+00
     vertex  6.120822e+00  3.803320e+00  8.000000e+00
   endloop
 endfacet
 facet normal  0.000000e+00  0.000000e+00 -1.000000e+00
   outer loop
     vertex  6.301257e+00  3.820724e+00  8.000000e+00
     vertex  6.241279e+00  3.813271e+00  8.000000e+00
     vertex  6.120822e+00  3.803320e+00  8.000000e+00
   endloop
 endfacet
 facet normal  0.000000e+00  0.000000e+00 -1.000000e+00
   outer loop
     vertex  6.479648e+00  3.852923e+00  8.000000e+00
     vertex  6.361008e+00  3.829822e+00  8.000000e+00
     vertex  6.301257e+00  3.820724e+00  8.000000e+00
   endloop
 endfacet
 facet normal  0.000000e+00  0.000000e+00 -1.000000e+00
   outer loop
     vertex  6.479648e+00  3.852923e+00  8.000000e+00
     vertex  6.420487e+00  3.840558e+00  8.000000e+00
     vertex  6.361008e+00  3.829822e+00  8.000000e+00
   endloop
 endfacet
 facet normal  0.000000e+00  0.000000e+00 -1.000000e+00
   outer loop
     vertex  6.538447e+00  3.866909e+00  8.000000e+00
     vertex  6.479648e+00  3.852923e+00  8.000000e+00
     vertex  6.301257e+00  3.820724e+00  8.000000e+00
   endloop
 endfacet
 facet normal  0.000000e+00  0.000000e+00 -1.000000e+00
   outer loop
     vertex  6.538447e+00  3.866909e+00  8.000000e+00
     vertex  6.301257e+00  3.820724e+00  8.000000e+00
     vertex  6.120822e+00  3.803320e+00  8.000000e+00
   endloop
 endfacet
 facet normal  0.000000e+00  0.000000e+00 -1.000000e+00
   outer loop
     vertex  6.654781e+00  3.899700e+00  8.000000e+00
     vertex  5.638992e+00  3.829822e+00  8.000000e+00
     vertex  5.520352e+00  3.852923e+00  8.000000e+00
   endloop
 endfacet
 facet normal  0.000000e+00  0.000000e+00 -1.000000e+00
   outer loop
     vertex  6.654781e+00  3.899700e+00  8.000000e+00
     vertex  5.758721e+00  3.813271e+00  8.000000e+00
     vertex  5.638992e+00  3.829822e+00  8.000000e+00
   endloop
 endfacet
 facet normal  0.000000e+00  0.000000e+00 -1.000000e+00
   outer loop
     vertex  6.654781e+00  3.899700e+00  8.000000e+00
     vertex  6.596839e+00  3.882506e+00  8.000000e+00
     vertex  6.538447e+00  3.866909e+00  8.000000e+00
   endloop
 endfacet
 facet normal  0.000000e+00  0.000000e+00 -1.000000e+00
   outer loop
     vertex  6.654781e+00  3.899700e+00  8.000000e+00
     vertex  6.120822e+00  3.803320e+00  8.000000e+00
     vertex  5.758721e+00  3.813271e+00  8.000000e+00
   endloop
 endfacet
 facet normal  0.000000e+00  0.000000e+00 -1.000000e+00
   outer loop
     vertex  6.654781e+00  3.899700e+00  8.000000e+00
     vertex  6.538447e+00  3.866909e+00  8.000000e+00
     vertex  6.120822e+00  3.803320e+00  8.000000e+00
   endloop
 endfacet
 facet normal  0.000000e+00  0.000000e+00 -1.000000e+00
   outer loop
     vertex  6.769140e+00  3.938829e+00  8.000000e+00
     vertex  4.749784e+00  4.189762e+00  8.000000e+00
     vertex  4.652254e+00  4.261155e+00  8.000000e+00
   endloop
 endfacet
 facet normal -0.000000e+00  0.000000e+00 -1.000000e+00
   outer loop
     vertex  6.769140e+00  3.938829e+00  8.000000e+00
     vertex  5.520352e+00  3.852923e+00  8.000000e+00
     vertex  4.749784e+00  4.189762e+00  8.000000e+00
   endloop
 endfacet
 facet normal  0.000000e+00  0.000000e+00 -1.000000e+00
   outer loop
     vertex  6.769140e+00  3.938829e+00  8.000000e+00
     vertex  4.652254e+00  4.261155e+00  8.000000e+00
     vertex  4.604997e+00  4.298834e+00  8.000000e+00
   endloop
 endfacet
 facet normal  0.000000e+00  0.000000e+00 -1.000000e+00
   outer loop
     vertex  6.769140e+00  3.938829e+00  8.000000e+00
     vertex  6.712229e+00  3.918479e+00  8.000000e+00
     vertex  6.654781e+00  3.899700e+00  8.000000e+00
   endloop
 endfacet
 facet normal  0.000000e+00  0.000000e+00 -1.000000e+00
   outer loop
     vertex  6.769140e+00  3.938829e+00  8.000000e+00
     vertex  6.654781e+00  3.899700e+00  8.000000e+00
     vertex  5.520352e+00  3.852923e+00  8.000000e+00
   endloop
 endfacet
 facet normal  0.000000e+00  0.000000e+00 -1.000000e+00
   outer loop
     vertex  6.936218e+00  4.009147e+00  8.000000e+00
     vertex  6.825470e+00  3.960735e+00  8.000000e+00
     vertex  6.769140e+00  3.938829e+00  8.000000e+00
   endloop
 endfacet
 facet normal  0.000000e+00  0.000000e+00 -1.000000e+00
   outer loop
     vertex  6.936218e+00  4.009147e+00  8.000000e+00
     vertex  6.881177e+00  3.984181e+00  8.000000e+00
     vertex  6.825470e+00  3.960735e+00  8.000000e+00
   endloop
 endfacet
 facet normal  0.000000e+00  0.000000e+00 -1.000000e+00
   outer loop
     vertex  6.990554e+00  4.035616e+00  8.000000e+00
     vertex  6.936218e+00  4.009147e+00  8.000000e+00
     vertex  6.769140e+00  3.938829e+00  8.000000e+00
   endloop
 endfacet
 facet normal  0.000000e+00  0.000000e+00 -1.000000e+00
   outer loop
     vertex  7.044141e+00  4.063568e+00  8.000000e+00
     vertex  6.990554e+00  4.035616e+00  8.000000e+00
     vertex  6.769140e+00  3.938829e+00  8.000000e+00
   endloop
 endfacet
 facet normal  0.000000e+00  0.000000e+00 -1.000000e+00
   outer loop
     vertex  7.096941e+00  4.092981e+00  8.000000e+00
     vertex  7.044141e+00  4.063568e+00  8.000000e+00
     vertex  6.769140e+00  3.938829e+00  8.000000e+00
   endloop
 endfacet
 facet normal  0.000000e+00  0.000000e+00 -1.000000e+00
   outer loop
     vertex  7.148913e+00  4.123834e+00  8.000000e+00
     vertex  7.096941e+00  4.092981e+00  8.000000e+00
     vertex  6.769140e+00  3.938829e+00  8.000000e+00
   endloop
 endfacet
 facet normal  0.000000e+00  0.000000e+00 -1.000000e+00
   outer loop
     vertex  7.299471e+00  4.224789e+00  8.000000e+00
     vertex  7.148913e+00  4.123834e+00  8.000000e+00
     vertex  6.769140e+00  3.938829e+00  8.000000e+00
   endloop
 endfacet
 facet normal  0.000000e+00  0.000000e+00 -1.000000e+00
   outer loop
     vertex  7.299471e+00  4.224789e+00  8.000000e+00
     vertex  7.200017e+00  4.156102e+00  8.000000e+00
     vertex  7.148913e+00  4.123834e+00  8.000000e+00
   endloop
 endfacet
 facet normal  0.000000e+00  0.000000e+00 -1.000000e+00
   outer loop
     vertex  7.299471e+00  4.224789e+00  8.000000e+00
     vertex  7.250216e+00  4.189762e+00  8.000000e+00
     vertex  7.200017e+00  4.156102e+00  8.000000e+00
   endloop
 endfacet
 facet normal  0.000000e+00  0.000000e+00 -1.000000e+00
   outer loop
     vertex  7.441207e+00  4.337796e+00  8.000000e+00
     vertex  7.299471e+00  4.224789e+00  8.000000e+00
     vertex  6.769140e+00  3.938829e+00  8.000000e+00
   endloop
 endfacet
 facet normal  0.000000e+00  0.000000e+00 -1.000000e+00
   outer loop
     vertex  7.441207e+00  4.337796e+00  8.000000e+00
     vertex  7.347746e+00  4.261155e+00  8.000000e+00
     vertex  7.299471e+00  4.224789e+00  8.000000e+00
   endloop
 endfacet
 facet normal  0.000000e+00  0.000000e+00 -1.000000e+00
   outer loop
     vertex  7.441207e+00  4.337796e+00  8.000000e+00
     vertex  7.395003e+00  4.298834e+00  8.000000e+00
     vertex  7.347746e+00  4.261155e+00  8.000000e+00
   endloop
 endfacet
 facet normal  0.000000e+00  0.000000e+00 -1.000000e+00
   outer loop
     vertex  7.573159e+00  4.462089e+00  8.000000e+00
     vertex  7.486324e+00  4.378013e+00  8.000000e+00
     vertex  7.441207e+00  4.337796e+00  8.000000e+00
   endloop
 endfacet
 facet normal  0.000000e+00  0.000000e+00 -1.000000e+00
   outer loop
     vertex  7.573159e+00  4.462089e+00  8.000000e+00
     vertex  7.530319e+00  4.419455e+00  8.000000e+00
     vertex  7.486324e+00  4.378013e+00  8.000000e+00
   endloop
 endfacet
 facet normal  0.000000e+00  0.000000e+00 -1.000000e+00
   outer loop
     vertex  7.655245e+00  4.550806e+00  8.000000e+00
     vertex  7.573159e+00  4.462089e+00  8.000000e+00
     vertex  7.441207e+00  4.337796e+00  8.000000e+00
   endloop
 endfacet
 facet normal  0.000000e+00  0.000000e+00 -1.000000e+00
   outer loop
     vertex  7.655245e+00  4.550806e+00  8.000000e+00
     vertex  7.614812e+00  4.505884e+00  8.000000e+00
     vertex  7.573159e+00  4.462089e+00  8.000000e+00
   endloop
 endfacet
 facet normal  0.000000e+00  0.000000e+00 -1.000000e+00
   outer loop
     vertex  7.732336e+00  4.643898e+00  8.000000e+00
     vertex  7.441207e+00  4.337796e+00  8.000000e+00
     vertex  6.769140e+00  3.938829e+00  8.000000e+00
   endloop
 endfacet
 facet normal  0.000000e+00  0.000000e+00 -1.000000e+00
   outer loop
     vertex  7.732336e+00  4.643898e+00  8.000000e+00
     vertex  7.655245e+00  4.550806e+00  8.000000e+00
     vertex  7.441207e+00  4.337796e+00  8.000000e+00
   endloop
 endfacet
 facet normal  0.000000e+00  0.000000e+00 -1.000000e+00
   outer loop
     vertex  7.732336e+00  4.643898e+00  8.000000e+00
     vertex  7.694430e+00  4.596823e+00  8.000000e+00
     vertex  7.655245e+00  4.550806e+00  8.000000e+00
   endloop
 endfacet
 facet normal  0.000000e+00  0.000000e+00 -1.000000e+00
   outer loop
     vertex  7.804197e+00  4.741083e+00  8.000000e+00
     vertex  7.732336e+00  4.643898e+00  8.000000e+00
     vertex  6.769140e+00  3.938829e+00  8.000000e+00
   endloop
 endfacet
 facet normal  0.000000e+00  0.000000e+00 -1.000000e+00
   outer loop
     vertex  7.804197e+00  4.741083e+00  8.000000e+00
     vertex  7.768934e+00  4.691997e+00  8.000000e+00
     vertex  7.732336e+00  4.643898e+00  8.000000e+00
   endloop
 endfacet
 facet normal  0.000000e+00  0.000000e+00 -1.000000e+00
   outer loop
     vertex  7.838099e+00  4.791119e+00  8.000000e+00
     vertex  7.804197e+00  4.741083e+00  8.000000e+00
     vertex  6.769140e+00  3.938829e+00  8.000000e+00
   endloop
 endfacet
 facet normal  0.000000e+00  0.000000e+00 -1.000000e+00
   outer loop
     vertex  7.901715e+00  4.893890e+00  8.000000e+00
     vertex  7.870613e+00  4.842068e+00  8.000000e+00
     vertex  7.838099e+00  4.791119e+00  8.000000e+00
   endloop
 endfacet
 facet normal  0.000000e+00  0.000000e+00 -1.000000e+00
   outer loop
     vertex  7.931382e+00  4.946548e+00  8.000000e+00
     vertex  7.901715e+00  4.893890e+00  8.000000e+00
     vertex  7.838099e+00  4.791119e+00  8.000000e+00
   endloop
 endfacet
 facet normal  0.000000e+00  0.000000e+00 -1.000000e+00
   outer loop
     vertex  7.959592e+00  5.000000e+00  8.000000e+00
     vertex  4.558793e+00  4.337796e+00  8.000000e+00
     vertex  4.513676e+00  4.378013e+00  8.000000e+00
   endloop
 endfacet
 facet normal  0.000000e+00  0.000000e+00 -1.000000e+00
   outer loop
     vertex  7.959592e+00  5.000000e+00  8.000000e+00
     vertex  4.604997e+00  4.298834e+00  8.000000e+00
     vertex  4.558793e+00  4.337796e+00  8.000000e+00
   endloop
 endfacet
 facet normal -0.000000e+00  0.000000e+00 -1.000000e+00
   outer loop
     vertex  7.959592e+00  5.000000e+00  8.000000e+00
     vertex  4.513676e+00  4.378013e+00  8.000000e+00
     vertex  4.040408e+00  5.000000e+00  8.000000e+00
   endloop
 endfacet
 facet normal  0.000000e+00  0.000000e+00 -1.000000e+00
   outer loop
     vertex  7.959592e+00  5.000000e+00  8.000000e+00
     vertex  7.838099e+00  4.791119e+00  8.000000e+00
     vertex  6.769140e+00  3.938829e+00  8.000000e+00
   endloop
 endfacet
 facet normal  0.000000e+00  0.000000e+00 -1.000000e+00
   outer loop
     vertex  7.959592e+00  5.000000e+00  8.000000e+00
     vertex  7.931382e+00  4.946548e+00  8.000000e+00
     vertex  7.838099e+00  4.791119e+00  8.000000e+00
   endloop
 endfacet
 facet normal  0.000000e+00  0.000000e+00 -1.000000e+00
   outer loop
     vertex  7.959592e+00  5.000000e+00  8.000000e+00
     vertex  6.769140e+00  3.938829e+00  8.000000e+00
     vertex  4.604997e+00  4.298834e+00  8.000000e+00
   endloop
 endfacet
 facet normal  0.000000e+00  0.000000e+00 -1.000000e+00
   outer loop
     vertex  5.755879e+01  4.337796e+00  8.000000e+00
     vertex  5.746968e+01  4.419455e+00  8.000000e+00
     vertex  5.742684e+01  4.462089e+00  8.000000e+00
   endloop
 endfacet
 facet normal  0.000000e+00  0.000000e+00 -1.000000e+00
   outer loop
     vertex  5.755879e+01  4.337796e+00  8.000000e+00
     vertex  5.751368e+01  4.378013e+00  8.000000e+00
     vertex  5.746968e+01  4.419455e+00  8.000000e+00
   endloop
 endfacet
 facet normal  0.000000e+00  0.000000e+00 -1.000000e+00
   outer loop
     vertex  5.730557e+01  4.596823e+00  8.000000e+00
     vertex  5.738519e+01  4.505884e+00  8.000000e+00
     vertex  5.734475e+01  4.550806e+00  8.000000e+00
   endloop
 endfacet
 facet normal  0.000000e+00  0.000000e+00 -1.000000e+00
   outer loop
     vertex  5.719580e+01  4.741083e+00  8.000000e+00
     vertex  5.726766e+01  4.643898e+00  8.000000e+00
     vertex  5.723107e+01  4.691997e+00  8.000000e+00
   endloop
 endfacet
 facet normal  0.000000e+00  0.000000e+00 -1.000000e+00
   outer loop
     vertex  5.719580e+01  4.741083e+00  8.000000e+00
     vertex  5.730557e+01  4.596823e+00  8.000000e+00
     vertex  5.726766e+01  4.643898e+00  8.000000e+00
   endloop
 endfacet
 facet normal  0.000000e+00  0.000000e+00 -1.000000e+00
   outer loop
     vertex  5.774978e+01  4.189762e+00  8.000000e+00
     vertex  5.760500e+01  4.298834e+00  8.000000e+00
     vertex  5.755879e+01  4.337796e+00  8.000000e+00
   endloop
 endfacet
 facet normal  0.000000e+00  0.000000e+00 -1.000000e+00
   outer loop
     vertex  5.774978e+01  4.189762e+00  8.000000e+00
     vertex  5.765225e+01  4.261155e+00  8.000000e+00
     vertex  5.760500e+01  4.298834e+00  8.000000e+00
   endloop
 endfacet
 facet normal  0.000000e+00  0.000000e+00 -1.000000e+00
   outer loop
     vertex  5.774978e+01  4.189762e+00  8.000000e+00
     vertex  5.770053e+01  4.224789e+00  8.000000e+00
     vertex  5.765225e+01  4.261155e+00  8.000000e+00
   endloop
 endfacet
 facet normal  0.000000e+00  0.000000e+00 -1.000000e+00
   outer loop
     vertex  5.795586e+01  4.063568e+00  8.000000e+00
     vertex  5.779998e+01  4.156102e+00  8.000000e+00
     vertex  5.774978e+01  4.189762e+00  8.000000e+00
   endloop
 endfacet
 facet normal  0.000000e+00  0.000000e+00 -1.000000e+00
   outer loop
     vertex  5.795586e+01  4.063568e+00  8.000000e+00
     vertex  5.785109e+01  4.123834e+00  8.000000e+00
     vertex  5.779998e+01  4.156102e+00  8.000000e+00
   endloop
 endfacet
 facet normal  0.000000e+00  0.000000e+00 -1.000000e+00
   outer loop
     vertex  5.795586e+01  4.063568e+00  8.000000e+00
     vertex  5.790306e+01  4.092981e+00  8.000000e+00
     vertex  5.785109e+01  4.123834e+00  8.000000e+00
   endloop
 endfacet
 facet normal  0.000000e+00  0.000000e+00 -1.000000e+00
   outer loop
     vertex  5.704041e+01  5.000000e+00  8.000000e+00
     vertex  5.709828e+01  4.893890e+00  8.000000e+00
     vertex  5.706862e+01  4.946548e+00  8.000000e+00
   endloop
 endfacet
 facet normal  0.000000e+00  0.000000e+00 -1.000000e+00
   outer loop
     vertex  5.704041e+01  5.000000e+00  8.000000e+00
     vertex  5.712939e+01  4.842068e+00  8.000000e+00
     vertex  5.709828e+01  4.893890e+00  8.000000e+00
   endloop
 endfacet
 facet normal  0.000000e+00  0.000000e+00 -1.000000e+00
   outer loop
     vertex  5.704041e+01  5.000000e+00  8.000000e+00
     vertex  5.716190e+01  4.791119e+00  8.000000e+00
     vertex  5.712939e+01  4.842068e+00  8.000000e+00
   endloop
 endfacet
 facet normal  0.000000e+00  0.000000e+00 -1.000000e+00
   outer loop
     vertex  5.704041e+01  5.000000e+00  8.000000e+00
     vertex  5.719580e+01  4.741083e+00  8.000000e+00
     vertex  5.716190e+01  4.791119e+00  8.000000e+00
   endloop
 endfacet
 facet normal  0.000000e+00  0.000000e+00 -1.000000e+00
   outer loop
     vertex  5.704041e+01  5.000000e+00  8.000000e+00
     vertex  5.730557e+01  4.596823e+00  8.000000e+00
     vertex  5.719580e+01  4.741083e+00  8.000000e+00
   endloop
 endfacet
 facet normal  0.000000e+00  0.000000e+00 -1.000000e+00
   outer loop
     vertex  5.704041e+01  5.000000e+00  8.000000e+00
     vertex  5.774978e+01  4.189762e+00  8.000000e+00
     vertex  5.755879e+01  4.337796e+00  8.000000e+00
   endloop
 endfacet
 facet normal  0.000000e+00  0.000000e+00 -1.000000e+00
   outer loop
     vertex  5.704041e+01  5.000000e+00  8.000000e+00
     vertex  5.742684e+01  4.462089e+00  8.000000e+00
     vertex  5.738519e+01  4.505884e+00  8.000000e+00
   endloop
 endfacet
 facet normal  0.000000e+00  0.000000e+00 -1.000000e+00
   outer loop
     vertex  5.704041e+01  5.000000e+00  8.000000e+00
     vertex  5.755879e+01  4.337796e+00  8.000000e+00
     vertex  5.742684e+01  4.462089e+00  8.000000e+00
   endloop
 endfacet
 facet normal  0.000000e+00  0.000000e+00 -1.000000e+00
   outer loop
     vertex  5.704041e+01  5.000000e+00  8.000000e+00
     vertex  5.738519e+01  4.505884e+00  8.000000e+00
     vertex  5.730557e+01  4.596823e+00  8.000000e+00
   endloop
 endfacet
 facet normal  0.000000e+00  0.000000e+00 -1.000000e+00
   outer loop
     vertex  5.811882e+01  3.984181e+00  8.000000e+00
     vertex  5.806378e+01  4.009147e+00  8.000000e+00
     vertex  5.800945e+01  4.035616e+00  8.000000e+00
   endloop
 endfacet
 facet normal  0.000000e+00  0.000000e+00 -1.000000e+00
   outer loop
     vertex  5.823086e+01  3.938829e+00  8.000000e+00
     vertex  5.817453e+01  3.960735e+00  8.000000e+00
     vertex  5.811882e+01  3.984181e+00  8.000000e+00
   endloop
 endfacet
 facet normal  0.000000e+00  0.000000e+00 -1.000000e+00
   outer loop
     vertex  5.828777e+01  3.918479e+00  8.000000e+00
     vertex  5.811882e+01  3.984181e+00  8.000000e+00
     vertex  5.800945e+01  4.035616e+00  8.000000e+00
   endloop
 endfacet
 facet normal  0.000000e+00  0.000000e+00 -1.000000e+00
   outer loop
     vertex  5.828777e+01  3.918479e+00  8.000000e+00
     vertex  5.800945e+01  4.035616e+00  8.000000e+00
     vertex  5.795586e+01  4.063568e+00  8.000000e+00
   endloop
 endfacet
 facet normal  0.000000e+00  0.000000e+00 -1.000000e+00
   outer loop
     vertex  5.828777e+01  3.918479e+00  8.000000e+00
     vertex  5.823086e+01  3.938829e+00  8.000000e+00
     vertex  5.811882e+01  3.984181e+00  8.000000e+00
   endloop
 endfacet
 facet normal  0.000000e+00  0.000000e+00 -1.000000e+00
   outer loop
     vertex  5.863899e+01  3.829822e+00  8.000000e+00
     vertex  5.857951e+01  3.840558e+00  8.000000e+00
     vertex  5.852035e+01  3.852923e+00  8.000000e+00
   endloop
 endfacet
 facet normal  0.000000e+00  0.000000e+00 -1.000000e+00
   outer loop
     vertex  5.875872e+01  3.813271e+00  8.000000e+00
     vertex  5.869874e+01  3.820724e+00  8.000000e+00
     vertex  5.863899e+01  3.829822e+00  8.000000e+00
   endloop
 endfacet
 facet normal  0.000000e+00  0.000000e+00 -1.000000e+00
   outer loop
     vertex  5.875872e+01  3.813271e+00  8.000000e+00
     vertex  5.863899e+01  3.829822e+00  8.000000e+00
     vertex  5.852035e+01  3.852923e+00  8.000000e+00
   endloop
 endfacet
 facet normal  0.000000e+00  0.000000e+00 -1.000000e+00
   outer loop
     vertex  5.887918e+01  3.803320e+00  8.000000e+00
     vertex  5.881888e+01  3.807468e+00  8.000000e+00
     vertex  5.875872e+01  3.813271e+00  8.000000e+00
   endloop
 endfacet
 facet normal  0.000000e+00  0.000000e+00 -1.000000e+00
   outer loop
     vertex  5.930126e+01  3.820724e+00  8.000000e+00
     vertex  5.846155e+01  3.866909e+00  8.000000e+00
     vertex  5.840316e+01  3.882506e+00  8.000000e+00
   endloop
 endfacet
 facet normal  0.000000e+00  0.000000e+00 -1.000000e+00
   outer loop
     vertex  5.930126e+01  3.820724e+00  8.000000e+00
     vertex  5.852035e+01  3.852923e+00  8.000000e+00
     vertex  5.846155e+01  3.866909e+00  8.000000e+00
   endloop
 endfacet
 facet normal  0.000000e+00  0.000000e+00 -1.000000e+00
   outer loop
     vertex  5.930126e+01  3.820724e+00  8.000000e+00
     vertex  5.893957e+01  3.800830e+00  8.000000e+00
     vertex  5.887918e+01  3.803320e+00  8.000000e+00
   endloop
 endfacet
 facet normal -0.000000e+00  0.000000e+00 -1.000000e+00
   outer loop
     vertex  5.930126e+01  3.820724e+00  8.000000e+00
     vertex  5.875872e+01  3.813271e+00  8.000000e+00
     vertex  5.852035e+01  3.852923e+00  8.000000e+00
   endloop
 endfacet
 facet normal  0.000000e+00  0.000000e+00 -1.000000e+00
   outer loop
     vertex  5.930126e+01  3.820724e+00  8.000000e+00
     vertex  5.900000e+01  3.800000e+00  8.000000e+00
     vertex  5.893957e+01  3.800830e+00  8.000000e+00
   endloop
 endfacet
 facet normal  0.000000e+00  0.000000e+00 -1.000000e+00
   outer loop
     vertex  5.930126e+01  3.820724e+00  8.000000e+00
     vertex  5.906043e+01  3.800830e+00  8.000000e+00
     vertex  5.900000e+01  3.800000e+00  8.000000e+00
   endloop
 endfacet
 facet normal  0.000000e+00  0.000000e+00 -1.000000e+00
   outer loop
     vertex  5.930126e+01  3.820724e+00  8.000000e+00
     vertex  5.887918e+01  3.803320e+00  8.000000e+00
     vertex  5.875872e+01  3.813271e+00  8.000000e+00
   endloop
 endfacet
 facet normal  0.000000e+00  0.000000e+00 -1.000000e+00
   outer loop
     vertex  5.930126e+01  3.820724e+00  8.000000e+00
     vertex  5.912082e+01  3.803320e+00  8.000000e+00
     vertex  5.906043e+01  3.800830e+00  8.000000e+00
   endloop
 endfacet
 facet normal  0.000000e+00  0.000000e+00 -1.000000e+00
   outer loop
     vertex  5.930126e+01  3.820724e+00  8.000000e+00
     vertex  5.918112e+01  3.807468e+00  8.000000e+00
     vertex  5.912082e+01  3.803320e+00  8.000000e+00
   endloop
 endfacet
 facet normal  0.000000e+00  0.000000e+00 -1.000000e+00
   outer loop
     vertex  5.930126e+01  3.820724e+00  8.000000e+00
     vertex  5.924128e+01  3.813271e+00  8.000000e+00
     vertex  5.918112e+01  3.807468e+00  8.000000e+00
   endloop
 endfacet
 facet normal  0.000000e+00  0.000000e+00 -1.000000e+00
   outer loop
     vertex  5.942049e+01  3.840558e+00  8.000000e+00
     vertex  5.936101e+01  3.829822e+00  8.000000e+00
     vertex  5.930126e+01  3.820724e+00  8.000000e+00
   endloop
 endfacet
 facet normal  0.000000e+00  0.000000e+00 -1.000000e+00
   outer loop
     vertex  5.947965e+01  3.852923e+00  8.000000e+00
     vertex  5.942049e+01  3.840558e+00  8.000000e+00
     vertex  5.930126e+01  3.820724e+00  8.000000e+00
   endloop
 endfacet
 facet normal  0.000000e+00  0.000000e+00 -1.000000e+00
   outer loop
     vertex  5.959684e+01  3.882506e+00  8.000000e+00
     vertex  5.953845e+01  3.866909e+00  8.000000e+00
     vertex  5.947965e+01  3.852923e+00  8.000000e+00
   endloop
 endfacet
 facet normal  0.000000e+00  0.000000e+00 -1.000000e+00
   outer loop
     vertex  5.959684e+01  3.882506e+00  8.000000e+00
     vertex  5.947965e+01  3.852923e+00  8.000000e+00
     vertex  5.930126e+01  3.820724e+00  8.000000e+00
   endloop
 endfacet
 facet normal  0.000000e+00  0.000000e+00 -1.000000e+00
   outer loop
     vertex  5.971223e+01  3.918479e+00  8.000000e+00
     vertex  5.965478e+01  3.899700e+00  8.000000e+00
     vertex  5.959684e+01  3.882506e+00  8.000000e+00
   endloop
 endfacet
 facet normal  0.000000e+00  0.000000e+00 -1.000000e+00
   outer loop
     vertex  5.971223e+01  3.918479e+00  8.000000e+00
     vertex  5.959684e+01  3.882506e+00  8.000000e+00
     vertex  5.930126e+01  3.820724e+00  8.000000e+00
   endloop
 endfacet
 facet normal  0.000000e+00  0.000000e+00 -1.000000e+00
   outer loop
     vertex  5.976914e+01  3.938829e+00  8.000000e+00
     vertex  5.971223e+01  3.918479e+00  8.000000e+00
     vertex  5.930126e+01  3.820724e+00  8.000000e+00
   endloop
 endfacet
 facet normal  0.000000e+00  0.000000e+00 -1.000000e+00
   outer loop
     vertex  5.999055e+01  4.035616e+00  8.000000e+00
     vertex  5.982547e+01  3.960735e+00  8.000000e+00
     vertex  5.976914e+01  3.938829e+00  8.000000e+00
   endloop
 endfacet
 facet normal  0.000000e+00  0.000000e+00 -1.000000e+00
   outer loop
     vertex  5.999055e+01  4.035616e+00  8.000000e+00
     vertex  5.988118e+01  3.984181e+00  8.000000e+00
     vertex  5.982547e+01  3.960735e+00  8.000000e+00
   endloop
 endfacet
 facet normal  0.000000e+00  0.000000e+00 -1.000000e+00
   outer loop
     vertex  5.999055e+01  4.035616e+00  8.000000e+00
     vertex  5.993622e+01  4.009147e+00  8.000000e+00
     vertex  5.988118e+01  3.984181e+00  8.000000e+00
   endloop
 endfacet
 facet normal  0.000000e+00  0.000000e+00 -1.000000e+00
   outer loop
     vertex  6.004414e+01  4.063568e+00  8.000000e+00
     vertex  5.999055e+01  4.035616e+00  8.000000e+00
     vertex  5.976914e+01  3.938829e+00  8.000000e+00
   endloop
 endfacet
 facet normal  0.000000e+00  0.000000e+00 -1.000000e+00
   outer loop
     vertex  6.014891e+01  4.123834e+00  8.000000e+00
     vertex  6.004414e+01  4.063568e+00  8.000000e+00
     vertex  5.976914e+01  3.938829e+00  8.000000e+00
   endloop
 endfacet
 facet normal  0.000000e+00  0.000000e+00 -1.000000e+00
   outer loop
     vertex  6.014891e+01  4.123834e+00  8.000000e+00
     vertex  6.009694e+01  4.092981e+00  8.000000e+00
     vertex  6.004414e+01  4.063568e+00  8.000000e+00
   endloop
 endfacet
 facet normal  0.000000e+00  0.000000e+00 -1.000000e+00
   outer loop
     vertex  6.020002e+01  4.156102e+00  8.000000e+00
     vertex  6.014891e+01  4.123834e+00  8.000000e+00
     vertex  5.976914e+01  3.938829e+00  8.000000e+00
   endloop
 endfacet
 facet normal  0.000000e+00  0.000000e+00 -1.000000e+00
   outer loop
     vertex  6.025022e+01  4.189762e+00  8.000000e+00
     vertex  6.020002e+01  4.156102e+00  8.000000e+00
     vertex  5.976914e+01  3.938829e+00  8.000000e+00
   endloop
 endfacet
 facet normal  0.000000e+00  0.000000e+00 -1.000000e+00
   outer loop
     vertex  6.034775e+01  4.261155e+00  8.000000e+00
     vertex  6.029947e+01  4.224789e+00  8.000000e+00
     vertex  6.025022e+01  4.189762e+00  8.000000e+00
   endloop
 endfacet
 facet normal  0.000000e+00  0.000000e+00 -1.000000e+00
   outer loop
     vertex  6.034775e+01  4.261155e+00  8.000000e+00
     vertex  6.025022e+01  4.189762e+00  8.000000e+00
     vertex  5.976914e+01  3.938829e+00  8.000000e+00
   endloop
 endfacet
 facet normal  0.000000e+00  0.000000e+00 -1.000000e+00
   outer loop
     vertex  6.044121e+01  4.337796e+00  8.000000e+00
     vertex  6.034775e+01  4.261155e+00  8.000000e+00
     vertex  5.976914e+01  3.938829e+00  8.000000e+00
   endloop
 endfacet
 facet normal  0.000000e+00  0.000000e+00 -1.000000e+00
   outer loop
     vertex  6.044121e+01  4.337796e+00  8.000000e+00
     vertex  6.039500e+01  4.298834e+00  8.000000e+00
     vertex  6.034775e+01  4.261155e+00  8.000000e+00
   endloop
 endfacet
 facet normal  0.000000e+00  0.000000e+00 -1.000000e+00
   outer loop
     vertex  6.057316e+01  4.462089e+00  8.000000e+00
     vertex  6.044121e+01  4.337796e+00  8.000000e+00
     vertex  5.976914e+01  3.938829e+00  8.000000e+00
   endloop
 endfacet
 facet normal  0.000000e+00  0.000000e+00 -1.000000e+00
   outer loop
     vertex  6.057316e+01  4.462089e+00  8.000000e+00
     vertex  5.840316e+01  3.882506e+00  8.000000e+00
     vertex  5.834522e+01  3.899700e+00  8.000000e+00
   endloop
 endfacet
 facet normal  0.000000e+00  0.000000e+00 -1.000000e+00
   outer loop
     vertex  6.057316e+01  4.462089e+00  8.000000e+00
     vertex  5.930126e+01  3.820724e+00  8.000000e+00
     vertex  5.840316e+01  3.882506e+00  8.000000e+00
   endloop
 endfacet
 facet normal  0.000000e+00  0.000000e+00 -1.000000e+00
   outer loop
     vertex  6.057316e+01  4.462089e+00  8.000000e+00
     vertex  6.048632e+01  4.378013e+00  8.000000e+00
     vertex  6.044121e+01  4.337796e+00  8.000000e+00
   endloop
 endfacet
 facet normal  0.000000e+00  0.000000e+00 -1.000000e+00
   outer loop
     vertex  6.057316e+01  4.462089e+00  8.000000e+00
     vertex  6.053032e+01  4.419455e+00  8.000000e+00
     vertex  6.048632e+01  4.378013e+00  8.000000e+00
   endloop
 endfacet
 facet normal  0.000000e+00  0.000000e+00 -1.000000e+00
   outer loop
     vertex  6.057316e+01  4.462089e+00  8.000000e+00
     vertex  5.976914e+01  3.938829e+00  8.000000e+00
     vertex  5.930126e+01  3.820724e+00  8.000000e+00
   endloop
 endfacet
 facet normal  0.000000e+00  0.000000e+00 -1.000000e+00
   outer loop
     vertex  6.069443e+01  4.596823e+00  8.000000e+00
     vertex  6.065525e+01  4.550806e+00  8.000000e+00
     vertex  6.061481e+01  4.505884e+00  8.000000e+00
   endloop
 endfacet
 facet normal  0.000000e+00  0.000000e+00 -1.000000e+00
   outer loop
     vertex  6.080420e+01  4.741083e+00  8.000000e+00
     vertex  6.073234e+01  4.643898e+00  8.000000e+00
     vertex  6.069443e+01  4.596823e+00  8.000000e+00
   endloop
 endfacet
 facet normal  0.000000e+00  0.000000e+00 -1.000000e+00
   outer loop
     vertex  6.080420e+01  4.741083e+00  8.000000e+00
     vertex  6.076893e+01  4.691997e+00  8.000000e+00
     vertex  6.073234e+01  4.643898e+00  8.000000e+00
   endloop
 endfacet
 facet normal  0.000000e+00  0.000000e+00 -1.000000e+00
   outer loop
     vertex  6.087061e+01  4.842068e+00  8.000000e+00
     vertex  6.083810e+01  4.791119e+00  8.000000e+00
     vertex  6.080420e+01  4.741083e+00  8.000000e+00
   endloop
 endfacet
 facet normal  0.000000e+00  0.000000e+00 -1.000000e+00
   outer loop
     vertex  6.090172e+01  4.893890e+00  8.000000e+00
     vertex  6.080420e+01  4.741083e+00  8.000000e+00
     vertex  6.069443e+01  4.596823e+00  8.000000e+00
   endloop
 endfacet
 facet normal  0.000000e+00  0.000000e+00 -1.000000e+00
   outer loop
     vertex  6.090172e+01  4.893890e+00  8.000000e+00
     vertex  6.087061e+01  4.842068e+00  8.000000e+00
     vertex  6.080420e+01  4.741083e+00  8.000000e+00
   endloop
 endfacet
 facet normal  0.000000e+00  0.000000e+00 -1.000000e+00
   outer loop
     vertex  6.095959e+01  5.000000e+00  8.000000e+00
     vertex  6.057316e+01  4.462089e+00  8.000000e+00
     vertex  5.834522e+01  3.899700e+00  8.000000e+00
   endloop
 endfacet
 facet normal -0.000000e+00  0.000000e+00 -1.000000e+00
   outer loop
     vertex  6.095959e+01  5.000000e+00  8.000000e+00
     vertex  5.774978e+01  4.189762e+00  8.000000e+00
     vertex  5.704041e+01  5.000000e+00  8.000000e+00
   endloop
 endfacet
 facet normal  0.000000e+00  0.000000e+00 -1.000000e+00
   outer loop
     vertex  6.095959e+01  5.000000e+00  8.000000e+00
     vertex  6.069443e+01  4.596823e+00  8.000000e+00
     vertex  6.061481e+01  4.505884e+00  8.000000e+00
   endloop
 endfacet
 facet normal  0.000000e+00  0.000000e+00 -1.000000e+00
   outer loop
     vertex  6.095959e+01  5.000000e+00  8.000000e+00
     vertex  5.834522e+01  3.899700e+00  8.000000e+00
     vertex  5.828777e+01  3.918479e+00  8.000000e+00
   endloop
 endfacet
 facet normal  0.000000e+00  0.000000e+00 -1.000000e+00
   outer loop
     vertex  6.095959e+01  5.000000e+00  8.000000e+00
     vertex  5.828777e+01  3.918479e+00  8.000000e+00
     vertex  5.795586e+01  4.063568e+00  8.000000e+00
   endloop
 endfacet
 facet normal  0.000000e+00  0.000000e+00 -1.000000e+00
   outer loop
     vertex  6.095959e+01  5.000000e+00  8.000000e+00
     vertex  6.090172e+01  4.893890e+00  8.000000e+00
     vertex  6.069443e+01  4.596823e+00  8.000000e+00
   endloop
 endfacet
 facet normal  0.000000e+00  0.000000e+00 -1.000000e+00
   outer loop
     vertex  6.095959e+01  5.000000e+00  8.000000e+00
     vertex  6.061481e+01  4.505884e+00  8.000000e+00
     vertex  6.057316e+01  4.462089e+00  8.000000e+00
   endloop
 endfacet
 facet normal  0.000000e+00  0.000000e+00 -1.000000e+00
   outer loop
     vertex  6.095959e+01  5.000000e+00  8.000000e+00
     vertex  6.093138e+01  4.946548e+00  8.000000e+00
     vertex  6.090172e+01  4.893890e+00  8.000000e+00
   endloop
 endfacet
 facet normal  0.000000e+00  0.000000e+00 -1.000000e+00
   outer loop
     vertex  6.095959e+01  5.000000e+00  8.000000e+00
     vertex  5.795586e+01  4.063568e+00  8.000000e+00
     vertex  5.774978e+01  4.189762e+00  8.000000e+00
   endloop
 endfacet
 facet normal  0.000000e+00 -0.000000e+00 -1.000000e+00
   outer loop
     vertex  3.800302e+00  5.903648e+01  8.000000e+00
     vertex  3.801524e+00  5.891812e+01  8.000000e+00
     vertex  3.800117e+00  5.897729e+01  8.000000e+00
   endloop
 endfacet
 facet normal  0.000000e+00  0.000000e+00 -1.000000e+00
   outer loop
     vertex  3.858850e+00  5.950545e+01  8.000000e+00
     vertex  3.834765e+00  5.938956e+01  8.000000e+00
     vertex  3.846028e+00  5.944766e+01  8.000000e+00
   endloop
 endfacet
 facet normal  0.000000e+00  0.000000e+00 -1.000000e+00
   outer loop
     vertex  3.873222e+00  5.956286e+01  8.000000e+00
     vertex  3.834765e+00  5.938956e+01  8.000000e+00
     vertex  3.858850e+00  5.950545e+01  8.000000e+00
   endloop
 endfacet
 facet normal  0.000000e+00  0.000000e+00 -1.000000e+00
   outer loop
     vertex  3.873222e+00  5.956286e+01  8.000000e+00
     vertex  3.825069e+00  5.933117e+01  8.000000e+00
     vertex  3.834765e+00  5.938956e+01  8.000000e+00
   endloop
 endfacet
 facet normal  0.000000e+00  0.000000e+00 -1.000000e+00
   outer loop
     vertex  3.873222e+00  5.956286e+01  8.000000e+00
     vertex  3.816947e+00  5.927254e+01  8.000000e+00
     vertex  3.825069e+00  5.933117e+01  8.000000e+00
   endloop
 endfacet
 facet normal  0.000000e+00  0.000000e+00 -1.000000e+00
   outer loop
     vertex  3.945984e+00  5.978805e+01  8.000000e+00
     vertex  3.906573e+00  5.967643e+01  8.000000e+00
     vertex  3.925527e+00  5.973250e+01  8.000000e+00
   endloop
 endfacet
 facet normal  0.000000e+00  0.000000e+00 -1.000000e+00
   outer loop
     vertex  4.016207e+00  5.995109e+01  8.000000e+00
     vertex  3.967926e+00  5.984302e+01  8.000000e+00
     vertex  3.991340e+00  5.989738e+01  8.000000e+00
   endloop
 endfacet
 facet normal  0.000000e+00  0.000000e+00 -1.000000e+00
   outer loop
     vertex  4.016207e+00  5.995109e+01  8.000000e+00
     vertex  3.945984e+00  5.978805e+01  8.000000e+00
     vertex  3.967926e+00  5.984302e+01  8.000000e+00
   endloop
 endfacet
 facet normal  0.000000e+00  0.000000e+00 -1.000000e+00
   outer loop
     vertex  4.099348e+00  6.010794e+01  8.000000e+00
     vertex  3.906573e+00  5.967643e+01  8.000000e+00
     vertex  3.945984e+00  5.978805e+01  8.000000e+00
   endloop
 endfacet
 facet normal  0.000000e+00  0.000000e+00 -1.000000e+00
   outer loop
     vertex  4.099348e+00  6.010794e+01  8.000000e+00
     vertex  3.945984e+00  5.978805e+01  8.000000e+00
     vertex  4.016207e+00  5.995109e+01  8.000000e+00
   endloop
 endfacet
 facet normal  0.000000e+00  0.000000e+00 -1.000000e+00
   outer loop
     vertex  4.099348e+00  6.010794e+01  8.000000e+00
     vertex  4.042511e+00  6.000411e+01  8.000000e+00
     vertex  4.070231e+00  6.005641e+01  8.000000e+00
   endloop
 endfacet
 facet normal  0.000000e+00  0.000000e+00 -1.000000e+00
   outer loop
     vertex  4.099348e+00  6.010794e+01  8.000000e+00
     vertex  4.016207e+00  5.995109e+01  8.000000e+00
     vertex  4.042511e+00  6.000411e+01  8.000000e+00
   endloop
 endfacet
 facet normal  0.000000e+00  0.000000e+00 -1.000000e+00
   outer loop
     vertex  4.099348e+00  6.010794e+01  8.000000e+00
     vertex  3.889134e+00  5.961987e+01  8.000000e+00
     vertex  3.906573e+00  5.967643e+01  8.000000e+00
   endloop
 endfacet
 facet normal  0.000000e+00  0.000000e+00 -1.000000e+00
   outer loop
     vertex  4.161687e+00  6.020856e+01  8.000000e+00
     vertex  4.099348e+00  6.010794e+01  8.000000e+00
     vertex  4.129841e+00  6.015867e+01  8.000000e+00
   endloop
 endfacet
 facet normal  0.000000e+00  0.000000e+00 -1.000000e+00
   outer loop
     vertex  4.265113e+00  6.035284e+01  8.000000e+00
     vertex  4.099348e+00  6.010794e+01  8.000000e+00
     vertex  4.161687e+00  6.020856e+01  8.000000e+00
   endloop
 endfacet
 facet normal  0.000000e+00  0.000000e+00 -1.000000e+00
   outer loop
     vertex  4.265113e+00  6.035284e+01  8.000000e+00
     vertex  4.194864e+00  6.025757e+01  8.000000e+00
     vertex  4.229348e+00  6.030568e+01  8.000000e+00
   endloop
 endfacet
 facet normal  0.000000e+00  0.000000e+00 -1.000000e+00
   outer loop
     vertex  4.265113e+00  6.035284e+01  8.000000e+00
     vertex  4.161687e+00  6.020856e+01  8.000000e+00
     vertex  4.194864e+00  6.025757e+01  8.000000e+00
   endloop
 endfacet
 facet normal  0.000000e+00  0.000000e+00 -1.000000e+00
   outer loop
     vertex  4.265113e+00  6.035284e+01  8.000000e+00
     vertex  3.873222e+00  5.956286e+01  8.000000e+00
     vertex  3.889134e+00  5.961987e+01  8.000000e+00
   endloop
 endfacet
 facet normal  0.000000e+00  0.000000e+00 -1.000000e+00
   outer loop
     vertex  4.265113e+00  6.035284e+01  8.000000e+00
     vertex  3.810405e+00  5.921372e+01  8.000000e+00
     vertex  3.816947e+00  5.927254e+01  8.000000e+00
   endloop
 endfacet
 facet normal  0.000000e+00  0.000000e+00 -1.000000e+00
   outer loop
     vertex  4.265113e+00  6.035284e+01  8.000000e+00
     vertex  3.805448e+00  5.915474e+01  8.000000e+00
     vertex  3.810405e+00  5.921372e+01  8.000000e+00
   endloop
 endfacet
 facet normal  0.000000e+00  0.000000e+00 -1.000000e+00
   outer loop
     vertex  4.265113e+00  6.035284e+01  8.000000e+00
     vertex  3.889134e+00  5.961987e+01  8.000000e+00
     vertex  4.099348e+00  6.010794e+01  8.000000e+00
   endloop
 endfacet
 facet normal  0.000000e+00  0.000000e+00 -1.000000e+00
   outer loop
     vertex  4.265113e+00  6.035284e+01  8.000000e+00
     vertex  3.816947e+00  5.927254e+01  8.000000e+00
     vertex  3.873222e+00  5.956286e+01  8.000000e+00
   endloop
 endfacet
 facet normal  0.000000e+00  0.000000e+00 -1.000000e+00
   outer loop
     vertex  4.302134e+00  6.039902e+01  8.000000e+00
     vertex  3.805448e+00  5.915474e+01  8.000000e+00
     vertex  4.265113e+00  6.035284e+01  8.000000e+00
   endloop
 endfacet
 facet normal  0.000000e+00  0.000000e+00 -1.000000e+00
   outer loop
     vertex  4.420459e+00  6.053136e+01  8.000000e+00
     vertex  4.340384e+00  6.044419e+01  8.000000e+00
     vertex  4.379835e+00  6.048831e+01  8.000000e+00
   endloop
 endfacet
 facet normal  0.000000e+00  0.000000e+00 -1.000000e+00
   outer loop
     vertex  4.549068e+00  6.065372e+01  8.000000e+00
     vertex  4.462226e+00  6.057329e+01  8.000000e+00
     vertex  4.505106e+00  6.061409e+01  8.000000e+00
   endloop
 endfacet
 facet normal  0.000000e+00  0.000000e+00 -1.000000e+00
   outer loop
     vertex  4.549068e+00  6.065372e+01  8.000000e+00
     vertex  4.420459e+00  6.053136e+01  8.000000e+00
     vertex  4.462226e+00  6.057329e+01  8.000000e+00
   endloop
 endfacet
 facet normal  0.000000e+00  0.000000e+00 -1.000000e+00
   outer loop
     vertex  4.687124e+00  6.076532e+01  8.000000e+00
     vertex  4.594080e+00  6.069216e+01  8.000000e+00
     vertex  4.640110e+00  6.072936e+01  8.000000e+00
   endloop
 endfacet
 facet normal  0.000000e+00  0.000000e+00 -1.000000e+00
   outer loop
     vertex  4.687124e+00  6.076532e+01  8.000000e+00
     vertex  4.549068e+00  6.065372e+01  8.000000e+00
     vertex  4.594080e+00  6.069216e+01  8.000000e+00
   endloop
 endfacet
 facet normal  0.000000e+00  0.000000e+00 -1.000000e+00
   outer loop
     vertex  4.687124e+00  6.076532e+01  8.000000e+00
     vertex  4.420459e+00  6.053136e+01  8.000000e+00
     vertex  4.549068e+00  6.065372e+01  8.000000e+00
   endloop
 endfacet
 facet normal  0.000000e+00  0.000000e+00 -1.000000e+00
   outer loop
     vertex  4.735089e+00  6.080000e+01  8.000000e+00
     vertex  3.805448e+00  5.915474e+01  8.000000e+00
     vertex  4.302134e+00  6.039902e+01  8.000000e+00
   endloop
 endfacet
 facet normal  0.000000e+00  0.000000e+00 -1.000000e+00
   outer loop
     vertex  4.735089e+00  6.080000e+01  8.000000e+00
     vertex  4.302134e+00  6.039902e+01  8.000000e+00
     vertex  4.340384e+00  6.044419e+01  8.000000e+00
   endloop
 endfacet
 facet normal  0.000000e+00  0.000000e+00 -1.000000e+00
   outer loop
     vertex  4.735089e+00  6.080000e+01  8.000000e+00
     vertex  4.420459e+00  6.053136e+01  8.000000e+00
     vertex  4.687124e+00  6.076532e+01  8.000000e+00
   endloop
 endfacet
 facet normal  0.000000e+00  0.000000e+00 -1.000000e+00
   outer loop
     vertex  4.735089e+00  6.080000e+01  8.000000e+00
     vertex  3.802080e+00  5.909564e+01  8.000000e+00
     vertex  3.805448e+00  5.915474e+01  8.000000e+00
   endloop
 endfacet
 facet normal  0.000000e+00  0.000000e+00 -1.000000e+00
   outer loop
     vertex  4.735089e+00  6.080000e+01  8.000000e+00
     vertex  3.800302e+00  5.903648e+01  8.000000e+00
     vertex  3.802080e+00  5.909564e+01  8.000000e+00
   endloop
 endfacet
 facet normal  0.000000e+00  0.000000e+00 -1.000000e+00
   outer loop
     vertex  4.735089e+00  6.080000e+01  8.000000e+00
     vertex  3.804522e+00  5.885901e+01  8.000000e+00
     vertex  3.801524e+00  5.891812e+01  8.000000e+00
   endloop
 endfacet
 facet normal  0.000000e+00  0.000000e+00 -1.000000e+00
   outer loop
     vertex  4.735089e+00  6.080000e+01  8.000000e+00
     vertex  3.801524e+00  5.891812e+01  8.000000e+00
     vertex  3.800302e+00  5.903648e+01  8.000000e+00
   endloop
 endfacet
 facet normal  0.000000e+00  0.000000e+00 -1.000000e+00
   outer loop
     vertex  4.735089e+00  6.080000e+01  8.000000e+00
     vertex  4.340384e+00  6.044419e+01  8.000000e+00
     vertex  4.420459e+00  6.053136e+01  8.000000e+00
   endloop
 endfacet
 facet normal  0.000000e+00  0.000000e+00 -1.000000e+00
   outer loop
     vertex  8.200000e+00  5.900000e+01  8.000000e+00
     vertex  8.194874e+00  5.884991e+01  8.000000e+00
     vertex  8.190890e+00  5.880000e+01  8.000000e+00
   endloop
 endfacet
 facet normal  0.000000e+00  0.000000e+00 -1.000000e+00
   outer loop
     vertex  8.200000e+00  5.900000e+01  8.000000e+00
     vertex  8.197721e+00  5.889990e+01  8.000000e+00
     vertex  8.194874e+00  5.884991e+01  8.000000e+00
   endloop
 endfacet
 facet normal  0.000000e+00  0.000000e+00 -1.000000e+00
   outer loop
     vertex  8.200000e+00  5.900000e+01  8.000000e+00
     vertex  8.199430e+00  5.894994e+01  8.000000e+00
     vertex  8.197721e+00  5.889990e+01  8.000000e+00
   endloop
 endfacet
 facet normal  0.000000e+00  0.000000e+00 -1.000000e+00
   outer loop
     vertex  8.200000e+00  5.900000e+01  8.000000e+00
     vertex  8.190890e+00  5.880000e+01  8.000000e+00
     vertex  3.809110e+00  5.880000e+01  8.000000e+00
   endloop
 endfacet
 facet normal  0.000000e+00  0.000000e+00 -1.000000e+00
   outer loop
     vertex  8.196703e+00  5.912040e+01  8.000000e+00
     vertex  8.199176e+00  5.906022e+01  8.000000e+00
     vertex  8.200000e+00  5.900000e+01  8.000000e+00
   endloop
 endfacet
 facet normal  0.000000e+00  0.000000e+00 -1.000000e+00
   outer loop
     vertex  8.186821e+00  5.924045e+01  8.000000e+00
     vertex  8.192583e+00  5.918049e+01  8.000000e+00
     vertex  8.196703e+00  5.912040e+01  8.000000e+00
   endloop
 endfacet
 facet normal  0.000000e+00  0.000000e+00 -1.000000e+00
   outer loop
     vertex  8.170384e+00  5.935977e+01  8.000000e+00
     vertex  8.179419e+00  5.930022e+01  8.000000e+00
     vertex  8.186821e+00  5.924045e+01  8.000000e+00
   endloop
 endfacet
 facet normal  0.000000e+00  0.000000e+00 -1.000000e+00
   outer loop
     vertex  8.170384e+00  5.935977e+01  8.000000e+00
     vertex  8.186821e+00  5.924045e+01  8.000000e+00
     vertex  8.196703e+00  5.912040e+01  8.000000e+00
   endloop
 endfacet
 facet normal  0.000000e+00  0.000000e+00 -1.000000e+00
   outer loop
     vertex  8.159722e+00  5.941905e+01  8.000000e+00
     vertex  8.196703e+00  5.912040e+01  8.000000e+00
     vertex  8.200000e+00  5.900000e+01  8.000000e+00
   endloop
 endfacet
 facet normal  0.000000e+00  0.000000e+00 -1.000000e+00
   outer loop
     vertex  8.159722e+00  5.941905e+01  8.000000e+00
     vertex  8.170384e+00  5.935977e+01  8.000000e+00
     vertex  8.196703e+00  5.912040e+01  8.000000e+00
   endloop
 endfacet
 facet normal  0.000000e+00  0.000000e+00 -1.000000e+00
   outer loop
     vertex  8.147441e+00  5.947802e+01  8.000000e+00
     vertex  8.159722e+00  5.941905e+01  8.000000e+00
     vertex  8.200000e+00  5.900000e+01  8.000000e+00
   endloop
 endfacet
 facet normal  0.000000e+00  0.000000e+00 -1.000000e+00
   outer loop
     vertex  8.133550e+00  5.953662e+01  8.000000e+00
     vertex  8.147441e+00  5.947802e+01  8.000000e+00
     vertex  8.200000e+00  5.900000e+01  8.000000e+00
   endloop
 endfacet
 facet normal  0.000000e+00  0.000000e+00 -1.000000e+00
   outer loop
     vertex  8.100984e+00  5.965259e+01  8.000000e+00
     vertex  8.118061e+00  5.959483e+01  8.000000e+00
     vertex  8.133550e+00  5.953662e+01  8.000000e+00
   endloop
 endfacet
 facet normal  0.000000e+00  0.000000e+00 -1.000000e+00
   outer loop
     vertex  8.100984e+00  5.965259e+01  8.000000e+00
     vertex  8.133550e+00  5.953662e+01  8.000000e+00
     vertex  8.200000e+00  5.900000e+01  8.000000e+00
   endloop
 endfacet
 facet normal  0.000000e+00  0.000000e+00 -1.000000e+00
   outer loop
     vertex  8.062119e+00  5.976659e+01  8.000000e+00
     vertex  8.082332e+00  5.970986e+01  8.000000e+00
     vertex  8.100984e+00  5.965259e+01  8.000000e+00
   endloop
 endfacet
 facet normal  0.000000e+00  0.000000e+00 -1.000000e+00
   outer loop
     vertex  8.040361e+00  5.982276e+01  8.000000e+00
     vertex  8.062119e+00  5.976659e+01  8.000000e+00
     vertex  8.100984e+00  5.965259e+01  8.000000e+00
   endloop
 endfacet
 facet normal  0.000000e+00  0.000000e+00 -1.000000e+00
   outer loop
     vertex  7.965981e+00  5.998738e+01  8.000000e+00
     vertex  7.992274e+00  5.993319e+01  8.000000e+00
     vertex  8.017073e+00  5.987830e+01  8.000000e+00
   endloop
 endfacet
 facet normal  0.000000e+00  0.000000e+00 -1.000000e+00
   outer loop
     vertex  7.938215e+00  6.004083e+01  8.000000e+00
     vertex  8.017073e+00  5.987830e+01  8.000000e+00
     vertex  8.040361e+00  5.982276e+01  8.000000e+00
   endloop
 endfacet
 facet normal  0.000000e+00  0.000000e+00 -1.000000e+00
   outer loop
     vertex  7.938215e+00  6.004083e+01  8.000000e+00
     vertex  7.965981e+00  5.998738e+01  8.000000e+00
     vertex  8.017073e+00  5.987830e+01  8.000000e+00
   endloop
 endfacet
 facet normal  0.000000e+00  0.000000e+00 -1.000000e+00
   outer loop
     vertex  7.878347e+00  6.014534e+01  8.000000e+00
     vertex  7.908996e+00  6.009350e+01  8.000000e+00
     vertex  7.938215e+00  6.004083e+01  8.000000e+00
   endloop
 endfacet
 facet normal  0.000000e+00  0.000000e+00 -1.000000e+00
   outer loop
     vertex  7.878347e+00  6.014534e+01  8.000000e+00
     vertex  7.938215e+00  6.004083e+01  8.000000e+00
     vertex  8.040361e+00  5.982276e+01  8.000000e+00
   endloop
 endfacet
 facet normal  0.000000e+00  0.000000e+00 -1.000000e+00
   outer loop
     vertex  7.846289e+00  6.019633e+01  8.000000e+00
     vertex  8.040361e+00  5.982276e+01  8.000000e+00
     vertex  8.100984e+00  5.965259e+01  8.000000e+00
   endloop
 endfacet
 facet normal  0.000000e+00  0.000000e+00 -1.000000e+00
   outer loop
     vertex  7.846289e+00  6.019633e+01  8.000000e+00
     vertex  7.878347e+00  6.014534e+01  8.000000e+00
     vertex  8.040361e+00  5.982276e+01  8.000000e+00
   endloop
 endfacet
 facet normal  0.000000e+00  0.000000e+00 -1.000000e+00
   outer loop
     vertex  7.812847e+00  6.024643e+01  8.000000e+00
     vertex  7.846289e+00  6.019633e+01  8.000000e+00
     vertex  8.100984e+00  5.965259e+01  8.000000e+00
   endloop
 endfacet
 facet normal  0.000000e+00  0.000000e+00 -1.000000e+00
   outer loop
     vertex  7.778047e+00  6.029559e+01  8.000000e+00
     vertex  7.812847e+00  6.024643e+01  8.000000e+00
     vertex  8.100984e+00  5.965259e+01  8.000000e+00
   endloop
 endfacet
 facet normal  0.000000e+00  0.000000e+00 -1.000000e+00
   outer loop
     vertex  7.361528e+00  6.072807e+01  8.000000e+00
     vertex  7.264911e+00  6.080000e+01  8.000000e+00
     vertex  7.313712e+00  6.076470e+01  8.000000e+00
   endloop
 endfacet
 facet normal  0.000000e+00  0.000000e+00 -1.000000e+00
   outer loop
     vertex  7.361528e+00  6.072807e+01  8.000000e+00
     vertex  4.735089e+00  6.080000e+01  8.000000e+00
     vertex  7.264911e+00  6.080000e+01  8.000000e+00
   endloop
 endfacet
 facet normal  0.000000e+00  0.000000e+00 -1.000000e+00
   outer loop
     vertex  7.665760e+00  6.043710e+01  8.000000e+00
     vertex  7.778047e+00  6.029559e+01  8.000000e+00
     vertex  8.100984e+00  5.965259e+01  8.000000e+00
   endloop
 endfacet
 facet normal  0.000000e+00  0.000000e+00 -1.000000e+00
   outer loop
     vertex  7.665760e+00  6.043710e+01  8.000000e+00
     vertex  7.741914e+00  6.034378e+01  8.000000e+00
     vertex  7.778047e+00  6.029559e+01  8.000000e+00
   endloop
 endfacet
 facet normal  0.000000e+00  0.000000e+00 -1.000000e+00
   outer loop
     vertex  7.665760e+00  6.043710e+01  8.000000e+00
     vertex  7.704476e+00  6.039096e+01  8.000000e+00
     vertex  7.741914e+00  6.034378e+01  8.000000e+00
   endloop
 endfacet
 facet normal  0.000000e+00  0.000000e+00 -1.000000e+00
   outer loop
     vertex  7.454064e+00  6.065097e+01  8.000000e+00
     vertex  7.361528e+00  6.072807e+01  8.000000e+00
     vertex  7.408324e+00  6.069016e+01  8.000000e+00
   endloop
 endfacet
 facet normal  0.000000e+00  0.000000e+00 -1.000000e+00
   outer loop
     vertex  7.584612e+00  6.052611e+01  8.000000e+00
     vertex  7.625795e+00  6.048216e+01  8.000000e+00
     vertex  7.665760e+00  6.043710e+01  8.000000e+00
   endloop
 endfacet
 facet normal  0.000000e+00  0.000000e+00 -1.000000e+00
   outer loop
     vertex  7.542241e+00  6.056891e+01  8.000000e+00
     vertex  4.735089e+00  6.080000e+01  8.000000e+00
     vertex  7.361528e+00  6.072807e+01  8.000000e+00
   endloop
 endfacet
 facet normal  0.000000e+00  0.000000e+00 -1.000000e+00
   outer loop
     vertex  7.542241e+00  6.056891e+01  8.000000e+00
     vertex  7.361528e+00  6.072807e+01  8.000000e+00
     vertex  7.454064e+00  6.065097e+01  8.000000e+00
   endloop
 endfacet
 facet normal  0.000000e+00  0.000000e+00 -1.000000e+00
   outer loop
     vertex  7.542241e+00  6.056891e+01  8.000000e+00
     vertex  7.665760e+00  6.043710e+01  8.000000e+00
     vertex  8.100984e+00  5.965259e+01  8.000000e+00
   endloop
 endfacet
 facet normal  0.000000e+00  0.000000e+00 -1.000000e+00
   outer loop
     vertex  7.542241e+00  6.056891e+01  8.000000e+00
     vertex  7.454064e+00  6.065097e+01  8.000000e+00
     vertex  7.498714e+00  6.061055e+01  8.000000e+00
   endloop
 endfacet
 facet normal  0.000000e+00  0.000000e+00 -1.000000e+00
   outer loop
     vertex  7.542241e+00  6.056891e+01  8.000000e+00
     vertex  7.584612e+00  6.052611e+01  8.000000e+00
     vertex  7.665760e+00  6.043710e+01  8.000000e+00
   endloop
 endfacet
 facet normal -0.000000e+00  0.000000e+00 -1.000000e+00
   outer loop
     vertex  7.542241e+00  6.056891e+01  8.000000e+00
     vertex  3.804522e+00  5.885901e+01  8.000000e+00
     vertex  4.735089e+00  6.080000e+01  8.000000e+00
   endloop
 endfacet
 facet normal  0.000000e+00 -0.000000e+00 -1.000000e+00
   outer loop
     vertex  7.542241e+00  6.056891e+01  8.000000e+00
     vertex  8.200000e+00  5.900000e+01  8.000000e+00
     vertex  3.809110e+00  5.880000e+01  8.000000e+00
   endloop
 endfacet
 facet normal  0.000000e+00  0.000000e+00 -1.000000e+00
   outer loop
     vertex  7.542241e+00  6.056891e+01  8.000000e+00
     vertex  3.809110e+00  5.880000e+01  8.000000e+00
     vertex  3.804522e+00  5.885901e+01  8.000000e+00
   endloop
 endfacet
 facet normal  0.000000e+00  0.000000e+00 -1.000000e+00
   outer loop
     vertex  7.542241e+00  6.056891e+01  8.000000e+00
     vertex  8.100984e+00  5.965259e+01  8.000000e+00
     vertex  8.200000e+00  5.900000e+01  8.000000e+00
   endloop
 endfacet
 facet normal  0.000000e+00  0.000000e+00 -1.000000e+00
   outer loop
     vertex  5.680152e+01  5.891812e+01  8.000000e+00
     vertex  5.680911e+01  5.880000e+01  8.000000e+00
     vertex  5.680452e+01  5.885901e+01  8.000000e+00
   endloop
 endfacet
 facet normal  0.000000e+00 -0.000000e+00 -1.000000e+00
   outer loop
     vertex  5.680030e+01  5.903648e+01  8.000000e+00
     vertex  5.680152e+01  5.891812e+01  8.000000e+00
     vertex  5.680012e+01  5.897729e+01  8.000000e+00
   endloop
 endfacet
 facet normal  0.000000e+00  0.000000e+00 -1.000000e+00
   outer loop
     vertex  5.680030e+01  5.903648e+01  8.000000e+00
     vertex  5.680911e+01  5.880000e+01  8.000000e+00
     vertex  5.680152e+01  5.891812e+01  8.000000e+00
   endloop
 endfacet
 facet normal  0.000000e+00  0.000000e+00 -1.000000e+00
   outer loop
     vertex  5.680545e+01  5.915474e+01  8.000000e+00
     vertex  5.680030e+01  5.903648e+01  8.000000e+00
     vertex  5.680208e+01  5.909564e+01  8.000000e+00
   endloop
 endfacet
 facet normal  0.000000e+00  0.000000e+00 -1.000000e+00
   outer loop
     vertex  5.685885e+01  5.950545e+01  8.000000e+00
     vertex  5.683476e+01  5.938956e+01  8.000000e+00
     vertex  5.684603e+01  5.944766e+01  8.000000e+00
   endloop
 endfacet
 facet normal  0.000000e+00  0.000000e+00 -1.000000e+00
   outer loop
     vertex  5.685885e+01  5.950545e+01  8.000000e+00
     vertex  5.682507e+01  5.933117e+01  8.000000e+00
     vertex  5.683476e+01  5.938956e+01  8.000000e+00
   endloop
 endfacet
 facet normal  0.000000e+00  0.000000e+00 -1.000000e+00
   outer loop
     vertex  5.685885e+01  5.950545e+01  8.000000e+00
     vertex  5.681695e+01  5.927254e+01  8.000000e+00
     vertex  5.682507e+01  5.933117e+01  8.000000e+00
   endloop
 endfacet
 facet normal  0.000000e+00  0.000000e+00 -1.000000e+00
   outer loop
     vertex  5.685885e+01  5.950545e+01  8.000000e+00
     vertex  5.681041e+01  5.921372e+01  8.000000e+00
     vertex  5.681695e+01  5.927254e+01  8.000000e+00
   endloop
 endfacet
 facet normal  0.000000e+00  0.000000e+00 -1.000000e+00
   outer loop
     vertex  5.685885e+01  5.950545e+01  8.000000e+00
     vertex  5.680545e+01  5.915474e+01  8.000000e+00
     vertex  5.681041e+01  5.921372e+01  8.000000e+00
   endloop
 endfacet
 facet normal  0.000000e+00  0.000000e+00 -1.000000e+00
   outer loop
     vertex  5.685885e+01  5.950545e+01  8.000000e+00
     vertex  5.680030e+01  5.903648e+01  8.000000e+00
     vertex  5.680545e+01  5.915474e+01  8.000000e+00
   endloop
 endfacet
 facet normal  0.000000e+00  0.000000e+00 -1.000000e+00
   outer loop
     vertex  5.685885e+01  5.950545e+01  8.000000e+00
     vertex  5.680911e+01  5.880000e+01  8.000000e+00
     vertex  5.680030e+01  5.903648e+01  8.000000e+00
   endloop
 endfacet
 facet normal  0.000000e+00  0.000000e+00 -1.000000e+00
   outer loop
     vertex  5.692553e+01  5.973250e+01  8.000000e+00
     vertex  5.688913e+01  5.961987e+01  8.000000e+00
     vertex  5.690657e+01  5.967643e+01  8.000000e+00
   endloop
 endfacet
 facet normal  0.000000e+00  0.000000e+00 -1.000000e+00
   outer loop
     vertex  5.692553e+01  5.973250e+01  8.000000e+00
     vertex  5.687322e+01  5.956286e+01  8.000000e+00
     vertex  5.688913e+01  5.961987e+01  8.000000e+00
   endloop
 endfacet
 facet normal  0.000000e+00  0.000000e+00 -1.000000e+00
   outer loop
     vertex  5.692553e+01  5.973250e+01  8.000000e+00
     vertex  5.685885e+01  5.950545e+01  8.000000e+00
     vertex  5.687322e+01  5.956286e+01  8.000000e+00
   endloop
 endfacet
 facet normal  0.000000e+00  0.000000e+00 -1.000000e+00
   outer loop
     vertex  5.699134e+01  5.989738e+01  8.000000e+00
     vertex  5.694598e+01  5.978805e+01  8.000000e+00
     vertex  5.696793e+01  5.984302e+01  8.000000e+00
   endloop
 endfacet
 facet normal  0.000000e+00  0.000000e+00 -1.000000e+00
   outer loop
     vertex  5.709935e+01  6.010794e+01  8.000000e+00
     vertex  5.704251e+01  6.000411e+01  8.000000e+00
     vertex  5.707023e+01  6.005641e+01  8.000000e+00
   endloop
 endfacet
 facet normal  0.000000e+00  0.000000e+00 -1.000000e+00
   outer loop
     vertex  5.709935e+01  6.010794e+01  8.000000e+00
     vertex  5.701621e+01  5.995109e+01  8.000000e+00
     vertex  5.704251e+01  6.000411e+01  8.000000e+00
   endloop
 endfacet
 facet normal  0.000000e+00  0.000000e+00 -1.000000e+00
   outer loop
     vertex  5.709935e+01  6.010794e+01  8.000000e+00
     vertex  5.699134e+01  5.989738e+01  8.000000e+00
     vertex  5.701621e+01  5.995109e+01  8.000000e+00
   endloop
 endfacet
 facet normal  0.000000e+00  0.000000e+00 -1.000000e+00
   outer loop
     vertex  5.716169e+01  6.020856e+01  8.000000e+00
     vertex  5.709935e+01  6.010794e+01  8.000000e+00
     vertex  5.712984e+01  6.015867e+01  8.000000e+00
   endloop
 endfacet
 facet normal  0.000000e+00  0.000000e+00 -1.000000e+00
   outer loop
     vertex  5.726511e+01  6.035284e+01  8.000000e+00
     vertex  5.719486e+01  6.025757e+01  8.000000e+00
     vertex  5.722935e+01  6.030568e+01  8.000000e+00
   endloop
 endfacet
 facet normal  0.000000e+00  0.000000e+00 -1.000000e+00
   outer loop
     vertex  5.730213e+01  6.039902e+01  8.000000e+00
     vertex  5.694598e+01  5.978805e+01  8.000000e+00
     vertex  5.699134e+01  5.989738e+01  8.000000e+00
   endloop
 endfacet
 facet normal  0.000000e+00  0.000000e+00 -1.000000e+00
   outer loop
     vertex  5.730213e+01  6.039902e+01  8.000000e+00
     vertex  5.699134e+01  5.989738e+01  8.000000e+00
     vertex  5.709935e+01  6.010794e+01  8.000000e+00
   endloop
 endfacet
 facet normal  0.000000e+00  0.000000e+00 -1.000000e+00
   outer loop
     vertex  5.730213e+01  6.039902e+01  8.000000e+00
     vertex  5.709935e+01  6.010794e+01  8.000000e+00
     vertex  5.716169e+01  6.020856e+01  8.000000e+00
   endloop
 endfacet
 facet normal  0.000000e+00  0.000000e+00 -1.000000e+00
   outer loop
     vertex  5.730213e+01  6.039902e+01  8.000000e+00
     vertex  5.719486e+01  6.025757e+01  8.000000e+00
     vertex  5.726511e+01  6.035284e+01  8.000000e+00
   endloop
 endfacet
 facet normal  0.000000e+00  0.000000e+00 -1.000000e+00
   outer loop
     vertex  5.730213e+01  6.039902e+01  8.000000e+00
     vertex  5.716169e+01  6.020856e+01  8.000000e+00
     vertex  5.719486e+01  6.025757e+01  8.000000e+00
   endloop
 endfacet
 facet normal  0.000000e+00  0.000000e+00 -1.000000e+00
   outer loop
     vertex  5.730213e+01  6.039902e+01  8.000000e+00
     vertex  5.692553e+01  5.973250e+01  8.000000e+00
     vertex  5.694598e+01  5.978805e+01  8.000000e+00
   endloop
 endfacet
 facet normal  0.000000e+00  0.000000e+00 -1.000000e+00
   outer loop
     vertex  5.737983e+01  6.048831e+01  8.000000e+00
     vertex  5.730213e+01  6.039902e+01  8.000000e+00
     vertex  5.734038e+01  6.044419e+01  8.000000e+00
   endloop
 endfacet
 facet normal  0.000000e+00  0.000000e+00 -1.000000e+00
   outer loop
     vertex  5.742046e+01  6.053136e+01  8.000000e+00
     vertex  5.685885e+01  5.950545e+01  8.000000e+00
     vertex  5.692553e+01  5.973250e+01  8.000000e+00
   endloop
 endfacet
 facet normal  0.000000e+00  0.000000e+00 -1.000000e+00
   outer loop
     vertex  5.742046e+01  6.053136e+01  8.000000e+00
     vertex  5.692553e+01  5.973250e+01  8.000000e+00
     vertex  5.730213e+01  6.039902e+01  8.000000e+00
   endloop
 endfacet
 facet normal  0.000000e+00  0.000000e+00 -1.000000e+00
   outer loop
     vertex  5.742046e+01  6.053136e+01  8.000000e+00
     vertex  5.730213e+01  6.039902e+01  8.000000e+00
     vertex  5.737983e+01  6.048831e+01  8.000000e+00
   endloop
 endfacet
 facet normal  0.000000e+00  0.000000e+00 -1.000000e+00
   outer loop
     vertex  5.750511e+01  6.061409e+01  8.000000e+00
     vertex  5.742046e+01  6.053136e+01  8.000000e+00
     vertex  5.746223e+01  6.057329e+01  8.000000e+00
   endloop
 endfacet
 facet normal  0.000000e+00  0.000000e+00 -1.000000e+00
   outer loop
     vertex  5.759408e+01  6.069216e+01  8.000000e+00
     vertex  5.750511e+01  6.061409e+01  8.000000e+00
     vertex  5.754907e+01  6.065372e+01  8.000000e+00
   endloop
 endfacet
 facet normal  0.000000e+00  0.000000e+00 -1.000000e+00
   outer loop
     vertex  5.768712e+01  6.076532e+01  8.000000e+00
     vertex  5.759408e+01  6.069216e+01  8.000000e+00
     vertex  5.764011e+01  6.072936e+01  8.000000e+00
   endloop
 endfacet
 facet normal  0.000000e+00  0.000000e+00 -1.000000e+00
   outer loop
     vertex  5.773509e+01  6.080000e+01  8.000000e+00
     vertex  5.680911e+01  5.880000e+01  8.000000e+00
     vertex  5.685885e+01  5.950545e+01  8.000000e+00
   endloop
 endfacet
 facet normal  0.000000e+00  0.000000e+00 -1.000000e+00
   outer loop
     vertex  5.773509e+01  6.080000e+01  8.000000e+00
     vertex  5.685885e+01  5.950545e+01  8.000000e+00
     vertex  5.742046e+01  6.053136e+01  8.000000e+00
   endloop
 endfacet
 facet normal  0.000000e+00  0.000000e+00 -1.000000e+00
   outer loop
     vertex  5.773509e+01  6.080000e+01  8.000000e+00
     vertex  5.742046e+01  6.053136e+01  8.000000e+00
     vertex  5.750511e+01  6.061409e+01  8.000000e+00
   endloop
 endfacet
 facet normal  0.000000e+00  0.000000e+00 -1.000000e+00
   outer loop
     vertex  5.773509e+01  6.080000e+01  8.000000e+00
     vertex  5.750511e+01  6.061409e+01  8.000000e+00
     vertex  5.759408e+01  6.069216e+01  8.000000e+00
   endloop
 endfacet
 facet normal  0.000000e+00  0.000000e+00 -1.000000e+00
   outer loop
     vertex  5.773509e+01  6.080000e+01  8.000000e+00
     vertex  5.759408e+01  6.069216e+01  8.000000e+00
     vertex  5.768712e+01  6.076532e+01  8.000000e+00
   endloop
 endfacet
 facet normal  0.000000e+00  0.000000e+00 -1.000000e+00
   outer loop
     vertex  6.119943e+01  5.894994e+01  8.000000e+00
     vertex  6.119487e+01  5.884991e+01  8.000000e+00
     vertex  6.119089e+01  5.880000e+01  8.000000e+00
   endloop
 endfacet
 facet normal  0.000000e+00  0.000000e+00 -1.000000e+00
   outer loop
     vertex  6.119943e+01  5.894994e+01  8.000000e+00
     vertex  6.119772e+01  5.889990e+01  8.000000e+00
     vertex  6.119487e+01  5.884991e+01  8.000000e+00
   endloop
 endfacet
 facet normal  0.000000e+00  0.000000e+00 -1.000000e+00
   outer loop
     vertex  6.119670e+01  5.912040e+01  8.000000e+00
     vertex  6.120000e+01  5.900000e+01  8.000000e+00
     vertex  6.119943e+01  5.894994e+01  8.000000e+00
   endloop
 endfacet
 facet normal  0.000000e+00  0.000000e+00 -1.000000e+00
   outer loop
     vertex  6.119670e+01  5.912040e+01  8.000000e+00
     vertex  6.119918e+01  5.906022e+01  8.000000e+00
     vertex  6.120000e+01  5.900000e+01  8.000000e+00
   endloop
 endfacet
 facet normal  0.000000e+00 -0.000000e+00 -1.000000e+00
   outer loop
     vertex  6.119670e+01  5.912040e+01  8.000000e+00
     vertex  6.119943e+01  5.894994e+01  8.000000e+00
     vertex  6.119089e+01  5.880000e+01  8.000000e+00
   endloop
 endfacet
 facet normal  0.000000e+00  0.000000e+00 -1.000000e+00
   outer loop
     vertex  6.118682e+01  5.924045e+01  8.000000e+00
     vertex  6.119258e+01  5.918049e+01  8.000000e+00
     vertex  6.119670e+01  5.912040e+01  8.000000e+00
   endloop
 endfacet
 facet normal  0.000000e+00  0.000000e+00 -1.000000e+00
   outer loop
     vertex  6.117038e+01  5.935977e+01  8.000000e+00
     vertex  6.117942e+01  5.930022e+01  8.000000e+00
     vertex  6.118682e+01  5.924045e+01  8.000000e+00
   endloop
 endfacet
 facet normal  0.000000e+00  0.000000e+00 -1.000000e+00
   outer loop
     vertex  6.115972e+01  5.941905e+01  8.000000e+00
     vertex  6.117038e+01  5.935977e+01  8.000000e+00
     vertex  6.118682e+01  5.924045e+01  8.000000e+00
   endloop
 endfacet
 facet normal  0.000000e+00  0.000000e+00 -1.000000e+00
   outer loop
     vertex  6.115972e+01  5.941905e+01  8.000000e+00
     vertex  6.118682e+01  5.924045e+01  8.000000e+00
     vertex  6.119670e+01  5.912040e+01  8.000000e+00
   endloop
 endfacet
 facet normal  0.000000e+00  0.000000e+00 -1.000000e+00
   outer loop
     vertex  6.114744e+01  5.947802e+01  8.000000e+00
     vertex  6.115972e+01  5.941905e+01  8.000000e+00
     vertex  6.119670e+01  5.912040e+01  8.000000e+00
   endloop
 endfacet
 facet normal  0.000000e+00  0.000000e+00 -1.000000e+00
   outer loop
     vertex  6.111806e+01  5.959483e+01  8.000000e+00
     vertex  6.113355e+01  5.953662e+01  8.000000e+00
     vertex  6.114744e+01  5.947802e+01  8.000000e+00
   endloop
 endfacet
 facet normal  0.000000e+00  0.000000e+00 -1.000000e+00
   outer loop
     vertex  6.111806e+01  5.959483e+01  8.000000e+00
     vertex  6.119670e+01  5.912040e+01  8.000000e+00
     vertex  6.119089e+01  5.880000e+01  8.000000e+00
   endloop
 endfacet
 facet normal  0.000000e+00  0.000000e+00 -1.000000e+00
   outer loop
     vertex  6.111806e+01  5.959483e+01  8.000000e+00
     vertex  6.114744e+01  5.947802e+01  8.000000e+00
     vertex  6.119670e+01  5.912040e+01  8.000000e+00
   endloop
 endfacet
 facet normal  0.000000e+00  0.000000e+00 -1.000000e+00
   outer loop
     vertex  6.108233e+01  5.970986e+01  8.000000e+00
     vertex  6.110098e+01  5.965259e+01  8.000000e+00
     vertex  6.111806e+01  5.959483e+01  8.000000e+00
   endloop
 endfacet
 facet normal  0.000000e+00  0.000000e+00 -1.000000e+00
   outer loop
     vertex  6.106212e+01  5.976659e+01  8.000000e+00
     vertex  6.108233e+01  5.970986e+01  8.000000e+00
     vertex  6.111806e+01  5.959483e+01  8.000000e+00
   endloop
 endfacet
 facet normal  0.000000e+00  0.000000e+00 -1.000000e+00
   outer loop
     vertex  6.104036e+01  5.982276e+01  8.000000e+00
     vertex  6.111806e+01  5.959483e+01  8.000000e+00
     vertex  6.119089e+01  5.880000e+01  8.000000e+00
   endloop
 endfacet
 facet normal  0.000000e+00  0.000000e+00 -1.000000e+00
   outer loop
     vertex  6.104036e+01  5.982276e+01  8.000000e+00
     vertex  6.106212e+01  5.976659e+01  8.000000e+00
     vertex  6.111806e+01  5.959483e+01  8.000000e+00
   endloop
 endfacet
 facet normal  0.000000e+00  0.000000e+00 -1.000000e+00
   outer loop
     vertex  6.101707e+01  5.987830e+01  8.000000e+00
     vertex  6.104036e+01  5.982276e+01  8.000000e+00
     vertex  6.119089e+01  5.880000e+01  8.000000e+00
   endloop
 endfacet
 facet normal  0.000000e+00  0.000000e+00 -1.000000e+00
   outer loop
     vertex  6.093822e+01  6.004083e+01  8.000000e+00
     vertex  6.096598e+01  5.998738e+01  8.000000e+00
     vertex  6.099227e+01  5.993319e+01  8.000000e+00
   endloop
 endfacet
 facet normal  0.000000e+00  0.000000e+00 -1.000000e+00
   outer loop
     vertex  6.090900e+01  6.009350e+01  8.000000e+00
     vertex  6.093822e+01  6.004083e+01  8.000000e+00
     vertex  6.099227e+01  5.993319e+01  8.000000e+00
   endloop
 endfacet
 facet normal  0.000000e+00  0.000000e+00 -1.000000e+00
   outer loop
     vertex  6.087835e+01  6.014534e+01  8.000000e+00
     vertex  6.090900e+01  6.009350e+01  8.000000e+00
     vertex  6.099227e+01  5.993319e+01  8.000000e+00
   endloop
 endfacet
 facet normal  0.000000e+00  0.000000e+00 -1.000000e+00
   outer loop
     vertex  6.087835e+01  6.014534e+01  8.000000e+00
     vertex  6.099227e+01  5.993319e+01  8.000000e+00
     vertex  6.101707e+01  5.987830e+01  8.000000e+00
   endloop
 endfacet
 facet normal  0.000000e+00  0.000000e+00 -1.000000e+00
   outer loop
     vertex  6.084629e+01  6.019633e+01  8.000000e+00
     vertex  6.087835e+01  6.014534e+01  8.000000e+00
     vertex  6.101707e+01  5.987830e+01  8.000000e+00
   endloop
 endfacet
 facet normal  0.000000e+00  0.000000e+00 -1.000000e+00
   outer loop
     vertex  6.081285e+01  6.024643e+01  8.000000e+00
     vertex  6.084629e+01  6.019633e+01  8.000000e+00
     vertex  6.101707e+01  5.987830e+01  8.000000e+00
   endloop
 endfacet
 facet normal  0.000000e+00  0.000000e+00 -1.000000e+00
   outer loop
     vertex  6.031371e+01  6.076470e+01  8.000000e+00
     vertex  5.773509e+01  6.080000e+01  8.000000e+00
     vertex  6.026491e+01  6.080000e+01  8.000000e+00
   endloop
 endfacet
 facet normal  0.000000e+00  0.000000e+00 -1.000000e+00
   outer loop
     vertex  6.070448e+01  6.039096e+01  8.000000e+00
     vertex  6.077805e+01  6.029559e+01  8.000000e+00
     vertex  6.081285e+01  6.024643e+01  8.000000e+00
   endloop
 endfacet
 facet normal  0.000000e+00  0.000000e+00 -1.000000e+00
   outer loop
     vertex  6.070448e+01  6.039096e+01  8.000000e+00
     vertex  6.074191e+01  6.034378e+01  8.000000e+00
     vertex  6.077805e+01  6.029559e+01  8.000000e+00
   endloop
 endfacet
 facet normal  0.000000e+00  0.000000e+00 -1.000000e+00
   outer loop
     vertex  6.040832e+01  6.069016e+01  8.000000e+00
     vertex  6.031371e+01  6.076470e+01  8.000000e+00
     vertex  6.036153e+01  6.072807e+01  8.000000e+00
   endloop
 endfacet
 facet normal  0.000000e+00  0.000000e+00 -1.000000e+00
   outer loop
     vertex  6.066576e+01  6.043710e+01  8.000000e+00
     vertex  6.070448e+01  6.039096e+01  8.000000e+00
     vertex  6.081285e+01  6.024643e+01  8.000000e+00
   endloop
 endfacet
 facet normal  0.000000e+00  0.000000e+00 -1.000000e+00
   outer loop
     vertex  6.058461e+01  6.052611e+01  8.000000e+00
     vertex  6.101707e+01  5.987830e+01  8.000000e+00
     vertex  6.119089e+01  5.880000e+01  8.000000e+00
   endloop
 endfacet
 facet normal  0.000000e+00  0.000000e+00 -1.000000e+00
   outer loop
     vertex  6.058461e+01  6.052611e+01  8.000000e+00
     vertex  6.081285e+01  6.024643e+01  8.000000e+00
     vertex  6.101707e+01  5.987830e+01  8.000000e+00
   endloop
 endfacet
 facet normal  0.000000e+00  0.000000e+00 -1.000000e+00
   outer loop
     vertex  6.058461e+01  6.052611e+01  8.000000e+00
     vertex  6.066576e+01  6.043710e+01  8.000000e+00
     vertex  6.081285e+01  6.024643e+01  8.000000e+00
   endloop
 endfacet
 facet normal  0.000000e+00  0.000000e+00 -1.000000e+00
   outer loop
     vertex  6.058461e+01  6.052611e+01  8.000000e+00
     vertex  6.062579e+01  6.048216e+01  8.000000e+00
     vertex  6.066576e+01  6.043710e+01  8.000000e+00
   endloop
 endfacet
 facet normal  0.000000e+00  0.000000e+00 -1.000000e+00
   outer loop
     vertex  6.054224e+01  6.056891e+01  8.000000e+00
     vertex  5.773509e+01  6.080000e+01  8.000000e+00
     vertex  6.031371e+01  6.076470e+01  8.000000e+00
   endloop
 endfacet
 facet normal  0.000000e+00  0.000000e+00 -1.000000e+00
   outer loop
     vertex  6.054224e+01  6.056891e+01  8.000000e+00
     vertex  6.031371e+01  6.076470e+01  8.000000e+00
     vertex  6.040832e+01  6.069016e+01  8.000000e+00
   endloop
 endfacet
 facet normal  0.000000e+00  0.000000e+00 -1.000000e+00
   outer loop
     vertex  6.054224e+01  6.056891e+01  8.000000e+00
     vertex  6.058461e+01  6.052611e+01  8.000000e+00
     vertex  6.119089e+01  5.880000e+01  8.000000e+00
   endloop
 endfacet
 facet normal  0.000000e+00  0.000000e+00 -1.000000e+00
   outer loop
     vertex  6.054224e+01  6.056891e+01  8.000000e+00
     vertex  6.045406e+01  6.065097e+01  8.000000e+00
     vertex  6.049871e+01  6.061055e+01  8.000000e+00
   endloop
 endfacet
 facet normal -0.000000e+00  0.000000e+00 -1.000000e+00
   outer loop
     vertex  6.054224e+01  6.056891e+01  8.000000e+00
     vertex  5.680911e+01  5.880000e+01  8.000000e+00
     vertex  5.773509e+01  6.080000e+01  8.000000e+00
   endloop
 endfacet
 facet normal  0.000000e+00  0.000000e+00 -1.000000e+00
   outer loop
     vertex  6.054224e+01  6.056891e+01  8.000000e+00
     vertex  6.040832e+01  6.069016e+01  8.000000e+00
     vertex  6.045406e+01  6.065097e+01  8.000000e+00
   endloop
 endfacet
 facet normal  0.000000e+00 -0.000000e+00 -1.000000e+00
   outer loop
     vertex  6.054224e+01  6.056891e+01  8.000000e+00
     vertex  6.119089e+01  5.880000e+01  8.000000e+00
     vertex  5.680911e+01  5.880000e+01  8.000000e+00
   endloop
 endfacet
endsolid
